Keyword;Intent;Volume;Keyword Difficulty;CPC (MXN);SERP Features
sofom;Informational, Commercial;12100;45;8.98;AI Overview, Image pack, Video, Video carousel, People also ask, Knowledge panel, Related searches
sofom que es;Informational;2900;29;1.28;AI Overview, Video, Video carousel, People also ask, Knowledge panel, Related searches
sofom fovissste;Informational;1600;47;6.78;Sitelinks, AI Overview, Image pack, Video, People also ask, Related searches
sofom enr;Informational;880;31;13.55;AI Overview, Video, People also ask, Local pack, Related searches
lumo financiera del centro sa de cv sofom enr;Informational;480;24;0.00;Sitelinks, Image pack, Video, People also ask, Knowledge panel, Related searches
lista de sofomes registradas en condusef;Informational, Transactional;390;39;10.26;AI Overview, Image pack, Video, Related searches
sofomes en mexico;Informational;390;37;11.91;AI Overview, Image pack, Video, People also ask, Related searches
tarjetas banamex sa de cv sofom er;Informational, Transactional;390;36;9.34;Sitelinks, AI Overview, Image pack, Related searches
financiera maestra sa de cv sofom enr;;320;;8.98;
http eduweb condusef gob mx sofomes wp tablero aspx;Informational, Transactional;320;41;3.11;Sitelinks, Image pack, Video, Related searches
https eduweb condusef gob mx sofomes wptablero aspx;Informational, Transactional;320;38;3.11;Sitelinks, Image pack, Video, Related searches
sofom inbursa;Navigational;320;26;10.26;Sitelinks, Image pack, Video, People also ask, Related searches
sofomes ejemplos;Informational;320;24;8.98;AI Overview, Image pack, Video, People also ask, Related searches
cetelem sa de cv sofom er;Navigational;260;19;12.09;Sitelinks, Image pack, Related searches
directodo mexico sapi de cv sofom enr;Navigational;260;13;10.62;Sitelinks, Image pack, People also ask, Related searches
gafival sapi de cv sofom enr;Informational;260;5;14.84;AI Overview, Image, Image pack, Video, Related searches
que significa sofom;Informational;260;36;0.37;Sitelinks, AI Overview, Image pack, Video, People also ask, Related searches
facicasa sofom;Navigational, Commercial;210;42;0.00;Sitelinks, Image pack, Video, Local pack, Related searches
que son las sofom;Informational;210;34;0.37;AI Overview, Image pack, Video, Knowledge panel, Related searches
red amigo dal sapi de cv sofom enr;Informational;210;16;0.00;AI Overview, Image pack, People also ask, Related searches
condusef sofom;Informational, Transactional;170;38;15.20;Sitelinks, AI Overview, Image pack, Video, Related searches
confianza digital sapi de cv sofom enr;Informational;170;14;11.91;Sitelinks, Image pack, Knowledge panel, Related searches
cual es la mejor sofom de fovissste;Informational, Commercial;170;29;0.00;AI Overview, Image pack, Video, People also ask, Related searches
dxn express sa de cv sofom enr;Navigational, Commercial;170;26;7.69;Sitelinks, Image pack, Local pack, Related searches
kueski sapi de cv sofom enr;Navigational;170;25;10.99;Sitelinks, Image pack, Video, Knowledge panel, Related searches
que significa sofom enr;Informational;170;20;0.00;Sitelinks, AI Overview, Image pack, Video, Related searches
sapi de cv sofom enr;Informational;170;21;9.52;AI Overview, Video, People also ask, Knowledge panel, Related searches
sofoles y sofomes;Informational;170;22;2.38;AI Overview, Image pack, Video, People also ask, Related searches
sofom autorizadas por fovissste;Informational;170;30;0.00;Sitelinks, Image pack, Video, People also ask, Related searches
banamex sofom tc;Informational, Transactional;140;44;11.72;Sitelinks, AI Overview, Image pack, Related searches
finvivir sa de cv sofom enr;Navigational, Commercial;140;36;0.00;Sitelinks, Image pack, Local pack, Related searches
fisofo sa de cv sofom enr;Informational;140;18;8.79;AI Overview, Image pack, Video, People also ask, Related searches
publiseg sapi de cv sofom enr;Navigational;140;25;9.71;Sitelinks, Image pack, Knowledge panel, Related searches
que es una sofom enr;Informational;140;22;0.00;Image pack, Video, Knowledge panel, Related searches
sofom credito para ti;Navigational, Transactional;140;22;8.79;Sitelinks, Image pack, Video, People also ask, Knowledge panel, Related searches
sofom er;Informational;140;31;15.02;AI Overview, Image pack, Video, People also ask, Related searches
sofomes ventajas y desventajas;Informational;140;20;0.00;AI Overview, Image pack, Video, People also ask, Related searches
alphacredit capital sa de cv sofom enr;Navigational;110;31;6.23;AI Overview, Image pack, People also ask, Knowledge panel
contigo sofom;Informational;110;18;0.00;AI Overview, Image pack, Video, Related searches
dae hipotecaria sofom enr;Navigational;110;37;0.00;Sitelinks, Image pack, Video, People also ask, Knowledge panel, Related searches
de lage landen sa de cv sofom enr;Navigational;110;24;0.00;Sitelinks, Image pack, People also ask, Local pack, Knowledge panel, Related searches
ejemplos de sofomes;Informational;110;15;0.00;AI Overview, Image pack, Video, Related searches
exitus credit sapi de cv sofom enr;Navigational, Commercial;110;26;6.41;Sitelinks, Image pack, People also ask, Local pack, Related searches, See results about
financiera sofom;Commercial;110;34;9.52;AI Overview, Image pack, Video, Local pack, Knowledge panel, Related searches
gasbel financiera sa de cv sofom enr;Navigational;110;31;0.00;Sitelinks, Image pack, People also ask, Knowledge panel
lista de sofom fovissste;Informational;110;33;0.00;Featured snippet, Sitelinks, AI Overview, Image pack, Video, Related searches
lista de sofomes fovissste;Informational;110;29;0.00;AI Overview, Image pack, Video, People also ask, Related searches
mercader financial sa sofom er;;110;;0.00;
portafolio de negocios sa de cv sofom er;Informational;110;22;0.00;Image pack, Knowledge panel, Related searches
sociedad financiera agropecuaria sa de cv sofom;;110;;0.00;
sofom mexico;Informational;110;33;15.20;Sitelinks, Image pack, Video, People also ask, Related searches
sofomes no reguladas;Informational;110;12;8.24;AI Overview, Image pack, Video, Related searches
agrofinanciera sa de cv sofom enr;Informational;90;10;0.00;Sitelinks, Image, Image pack, People also ask, Knowledge panel, Related searches
agropecuaria financiera sa de cv sofom enr;Navigational;90;19;0.00;Image pack, Knowledge panel, Related searches
alternativa financiera procesa sa de cv sofom enr;Informational;90;10;0.00;Image pack
business park sofom;Informational;90;21;0.00;Video, People also ask, Knowledge panel, Related searches
cabott capital sapi de cv sofom enr;Informational;90;22;0.00;Image pack, Video, People also ask, Knowledge panel
cashahora sa de cv sofom enr;;90;;7.33;
cege capital sapi de cv sofom enr;Informational;90;8;7.14;AI Overview, Image pack, Related searches
contabilidad de una sofom;Informational, Commercial;90;13;0.00;Image pack, Video, People also ask, Related searches
credito especializado al campo sa de cv sofom enr;Navigational;90;20;0.00;Sitelinks, Image pack, Video, People also ask, Knowledge panel, Related searches
credito familiar sa de cv sofom er;Commercial;90;21;8.06;AI Overview, Image pack, Video, People also ask, Local pack, Related searches
credito y logistica de capital sa de cv sofom enr;Navigational;90;18;0.00;Sitelinks, Image pack, Video, Related searches
directodo méxico sapi de cv sofom enr;Navigational;90;18;0.00;Sitelinks, Image pack, People also ask, Related searches
e factor diez sapi de cv sofom enr;Navigational;90;18;0.00;Sitelinks, Image pack, Related searches
easy individual solutions sa de cv sofom enr;Informational, Commercial;90;16;0.00;People also ask, Related searches
fina sofom;;90;;8.79;
financiera labor sapi de sofom enr ciudad de méxico cdmx;Informational;90;8;0.00;Sitelinks, Image pack, People also ask, Local pack, Related searches
findeca sa de cv sofom enr;Navigational;90;25;0.00;Sitelinks, Video, People also ask, Knowledge panel
finlag sa de cv sofom enr;Navigational;90;24;0.00;Sitelinks, Image pack, People also ask, Related searches
fundamento legal de una sofom;Informational;90;31;0.00;Image pack, Video, People also ask, Related searches
gb plus sa de cv sofom;Informational;90;17;0.00;AI Overview, Image pack, People also ask, Related searches
globalcard sa de cv sofom er;Informational, Commercial;90;14;0.00;AI Overview, Image pack, People also ask
impulsora mtp sapi de cv sofom enr;Informational;90;18;0.00;Sitelinks, Image pack, People also ask, Related searches
lista de sofomes reguladas en méxico;Informational;90;19;0.00;AI Overview, Image pack, Video, Related searches
mercader financial sa de cv sofom enr;Navigational;90;21;0.00;Sitelinks, Image pack, People also ask, Knowledge panel, Related searches
metrofinanciera sapi de cv sofom er;Navigational;90;20;0.00;Sitelinks, Image pack, People also ask, Local pack, Related searches
monto facil sapi de cv sofom enr;Navigational;90;13;7.69;Sitelinks, Image pack, Related searches
navix de mexico sa de cv sofom enr;Navigational;90;23;0.00;Sitelinks, Image pack, People also ask, Knowledge panel
obligaciones sofom enr condusef;Informational, Transactional;90;24;0.00;Sitelinks, AI Overview, Image pack, Video, People also ask, Related searches
opcipres sa de cv sofom er;Navigational;90;20;0.00;Sitelinks, Image pack, Video, People also ask, Related searches
paccar financial mexico sa de cv sofom enr;Informational;90;17;0.00;AI Overview, Image, Image pack, Local pack, Related searches
portafolio de negocios sofom;Informational;90;24;0.00;Image pack, Video, Knowledge panel, Related searches
presta simple sofom;Informational, Transactional;90;13;0.00;Sitelinks, Image pack, People also ask, Knowledge panel
sefia sofom;Navigational, Commercial;90;27;0.00;Sitelinks, Image pack, People also ask, Local pack, Related searches
sensa sofom;Commercial;90;33;0.00;Image pack, Video, Local pack
sfi sofom;;90;;0.00;
sofipo y sofom;;90;;0.00;
sofom autorizada por fovissste;Informational;90;29;0.00;AI Overview, Image pack, Video, Related searches
sofom fovissste tuxtla gutierrez;Commercial;90;32;0.00;AI Overview, Image, Image pack, Video, People also ask, Local pack, Related searches
sofom inbursa com;Navigational;90;21;0.00;Sitelinks, Image pack, Related searches
sofom inbursa tarjeta de crédito;Informational, Transactional;90;26;0.00;Sitelinks, AI Overview, Image pack, Video, People also ask, Related searches
sofomes en mexico 2019;Informational;90;17;0.00;AI Overview, Image pack, Video, People also ask, Related searches
sofomes reguladas;Informational;90;24;9.52;AI Overview, Image pack, Video, People also ask, Related searches
sofoms;;90;;7.69;
sofoplus sapi de cv sofom er;Navigational;90;20;0.00;Sitelinks, Image pack, People also ask, Knowledge panel, Related searches
software para sofom;;90;;52.39;
soluciones y oportunidades financieras sa de cv sofom enr;Informational;90;13;6.04;Image pack, People also ask, Knowledge panel, Related searches
supply credit de mexico sapi de cv sofom enr;Informational;90;18;0.00;Image pack, People also ask, Knowledge panel, Related searches
sé dueño sa de cv sofom enr;;90;;0.00;
toka investment sofom enr;Informational;90;32;0.00;Sitelinks, Image pack, Related searches
tratamiento contable de las sofomes;Informational, Commercial;90;17;0.00;AI Overview, Image pack, Video, People also ask, Related searches
universal de servicios patrimoniales sapi de cv sofom enr;;90;;0.00;
accede sofom;Informational;70;14;0.00;Sitelinks, Image pack, Video, Related searches
acervo economico sa de cv sofom enr;Informational;70;13;0.00;Image pack, Video, People also ask
acta constitutiva sofom;Informational, Commercial;70;13;0.00;Image pack, Video, Related searches
admiral capital sa de cv sofom enr;Informational;70;12;0.00;AI Overview, Image pack, Related searches
agro sofom sapi de cv sofom enr;Navigational;70;19;0.00;Sitelinks, Image pack, Knowledge panel, Related searches
agropecuaria financiera sa de cv sofom;Informational, Transactional;70;18;0.00;Sitelinks, Image pack, Local pack
alianza familiar sa de cv sofom enr;Navigational;70;37;0.00;Sitelinks, Image pack, Video, Knowledge panel, Related searches
alianza familiar sofom;;70;;0.00;
alphacredit sofom;Informational, Transactional;70;27;10.26;Sitelinks, Image pack, People also ask, Related searches
arrendadora y financiera nacional sa de cv sofom enr;Informational;70;15;0.00;AI Overview, Related searches
asp consultores & representación sa de cv sofom enr;Navigational;70;15;0.00;Sitelinks, Image pack, Video, People also ask, Related searches
avance y fortalecimiento integral sa de cv sofom enr;Commercial;70;7;0.00;Image pack, Local pack
bicentenario efectivo sa de cv sofom enr;Informational, Commercial;70;15;0.00;AI Overview, Image pack, Video, People also ask
bien para bien sa de cv sofom;Navigational;70;31;0.00;Sitelinks, Image pack, People also ask, Knowledge panel, Related searches
brada sofom;Commercial;70;39;0.00;Sitelinks, Image pack, Video, Local pack, Related searches
capital plus sa de cv sofom enr;Informational, Commercial;70;13;0.00;Sitelinks, AI Overview, Image, Image pack, Related searches
catalogo de cuentas de una sofom;Informational, Commercial;70;13;0.00;AI Overview, Image pack, Video, Related searches
cf credit services sa de cv sofom rfc;Informational;70;17;0.00;Image pack, People also ask, Knowledge panel
compromiso que suma valor sa de cv sofom enr;Informational, Navigational;70;25;0.00;Sitelinks, Image pack, People also ask, Knowledge panel
consumer & business loan sofom;Informational;70;23;0.00;Image pack, Video, People also ask
credito familiar sofom;Commercial;70;19;0.00;Image pack, Video, People also ask, Local pack, Related searches
cuantas sofomes hay en mexico;Informational;70;27;0.00;AI Overview, Image pack, Video, People also ask, Related searches
dae hipotecaria sa de cv sofom enr;Navigational;70;37;0.00;Sitelinks, Image pack, Video, People also ask, Knowledge panel, Related searches
diferencia entre sofom y sofipo;;70;;0.00;
dimex capital sa de cv sofom enr;;70;;11.17;
dinerito audaz sapi de cv sofom enr;Commercial;70;19;8.24;Sitelinks, Image pack, Local pack, Related searches
disi operaciones empresariales sapi de cv sofom enr;Navigational;70;37;0.00;Sitelinks, Image pack, Video, Knowledge panel, Related searches, Ads bottom, Ads middle
disposiciones pld sofom;Informational;70;15;0.00;AI Overview, Image pack, Video, Related searches
distribuidores sofom;Navigational;70;27;0.00;Sitelinks, Image pack, Related searches
factoring corporativo sa de cv sofom enr;Informational, Transactional;70;22;0.00;Sitelinks, Image pack, People also ask, Knowledge panel, Related searches
faprei sapi de cv sofom enr;;70;;6.59;
fc financial sa de cv sofom er grupo financiero inbursa;Navigational, Transactional;70;22;0.00;People also ask, Related searches
fina sofom puebla;Informational;70;31;0.00;Image pack, Video, People also ask, Knowledge panel, Related searches
financiamiento progresemos sa de cv sofom enr;Informational;70;18;0.00;Image pack, People also ask, Knowledge panel, Related searches
financiera mexico multiple sa de cv sofom enr;Informational, Transactional;70;20;0.00;Knowledge panel, Related searches
financiera sofom sa de cv;Commercial;70;31;6.04;AI Overview, Image, Video, People also ask, Local pack, Related searches
finvivir sofom;Navigational, Commercial;70;41;0.00;Sitelinks, Image pack, Video, People also ask, Local pack, Related searches
fisofo sa de cv sofom;;70;;7.69;
ford credit de mexico sa de cv sofom enr;Informational;70;18;0.00;Sitelinks, Image pack, Video, Related searches
fortaleza economica sa de cv sofom enr;Informational;70;12;0.00;Image pack, Video, Knowledge panel, Related searches
gm financial de mexico sa de cv sofom;Informational, Transactional;70;30;0.00;Sitelinks, Image pack, Video, People also ask, Knowledge panel, Related searches
integra arrenda sofom;Navigational;70;20;0.00;Sitelinks, Image pack, Video, Related searches
john deere financial mexico sa de cv sofom enr;Navigational;70;19;0.00;Sitelinks, Image pack, Knowledge panel, Related searches
jova capital sapi de cv sofom enr;;70;;0.00;
la sofom;Informational;70;32;2.56;AI Overview, Image pack, Video, Knowledge panel, Related searches
mega sofom;Informational, Transactional;70;22;0.00;Sitelinks, Image pack, Video, People also ask, Knowledge panel, Related searches
metafinanciera mexico sa de cv sofom enr;Navigational;70;29;0.00;Sitelinks, Image pack, People also ask, Knowledge panel, Related searches
mfm sofom;Informational, Commercial;70;19;0.00;Sitelinks, Image pack, People also ask, Related searches
moneyveo mexico sa de cv sofom enr;Informational;70;18;0.00;AI Overview, Image pack, Video, People also ask, Related searches
qué es una sofom y para qué sirve;;70;;2.20;
refacil sofom;Navigational;70;26;6.41;Sitelinks, Image pack, People also ask, Knowledge panel, Related searches
requisitos para constituir una sofom no regulada;;70;;7.88;
sofomes en jalisco;Commercial;70;30;11.54;Image pack, Video, People also ask, Local pack, Related searches
fimubac sa de cv sofom enr;;50;;9.16;
grupo financiero sofom;;50;;9.71;
hinv sa de cv sofom enr;;50;;9.52;
que es una sofom y para que sirve;;50;;2.20;
sofom en méxico;;50;;8.43;
capital minimo para constituir una sofom;;40;;0.00;
como saber si una sofom es legal;;40;;0.00;
consupago sa de cv sofom;;40;;0.00;
fomento multiempresarial sa de cv sofom enr;;40;;0.00;
gm financial de mexico sa de cv sofom er;;40;;22.35;
li financiera sa de cv sofom enr;;40;;0.00;
sofom prestamos personales;;40;;21.80;
sofom regulada y no regulada;;40;;0.00;
su servicio financiero sa de cv sofom enr;;40;;0.00;
a crecer eum sa de cv sofom enr;;30;;0.00;
agro sofom;;30;;0.00;
alfin sofom;;30;;0.00;
alra del sur sofom;;30;;6.04;
apjusto sapi de cv sofom enr;;30;;0.00;
apoyo economico familiar sa de cv sofom enr;;30;;5.86;
argefin sapi de cv sofom enr;;30;;0.00;
arrendadora y factor banorte sa de cv sofom er;;30;;0.00;
asesoria financiera de mexico sa de cv sofom enr;;30;;0.00;
attendo sapi de cv sofom enr;;30;;0.00;
avanza solido sa de cv sofom enr;;30;;0.00;
bancash mexico sa de cv sofom enr;;30;;0.00;
banregio sofom;;30;;0.00;
capital el molino sa de cv sofom enr;;30;;0.00;
caterpillar credito sa de cv sofom enr;;30;;0.00;
cnbv sofom;;30;;0.00;
como cambiar de sofom fovissste;;30;;0.00;
como funciona una sofom;;30;;3.85;
como opera una sofom;;30;;0.00;
conserva sofom;;30;;0.00;
consultores de servicios varios sa de cv sofom enr;;30;;0.00;
contabilidad sofom;;30;;0.00;
corporacion financiera atlas sa de cv sofom enr;;30;;0.00;
corporacion nomi fin sa de cv sofom enr;;30;;0.00;
corporativo laudex sapi de cv sofom enr;;30;;0.00;
credijal sa de cv sofom enr;;30;;0.00;
desarrolladora e impulsora de negocios sapi de cv sofom enr;;30;;0.00;
diferencia entre sofoles sofomes y sofipos;;30;;0.00;
digal elite sapi de cv sofom enr;;30;;0.00;
digital elite sapi de cv sofom enr;;30;;0.00;
dinero facil y rapido sa de cv sofom enr;;30;;12.09;
dispersora menonita sa de cv sofom enr;;30;;0.00;
dispersora menonita sofom;;30;;0.00;
don apoyo sapi de cv sofom enr;;30;;0.00;
ejemplos de sofomes en mexico;;30;;0.00;
factor exprés sapi de cv sofom enr;;30;;0.00;
fcapital mexico sapi de cv sofom enr;;30;;9.71;
financiera finsol sa de cv sofom enr;;30;;0.00;
financiera por el impulso económico sa de cv sofom enr;;30;;7.14;
finpo sofom;;30;;0.00;
fisofo sofom;;30;;0.00;
fomepade sapi de cv sofom enr;;30;;6.96;
fomepade sofom enr;;30;;0.00;
fondeo para sofomes;;30;;21.25;
ford credit de mexico sa de cv sofom er;;30;;0.00;
fovissste sofom autorizadas;;30;;0.00;
gb plus sa de cv sofom enr;;30;;12.64;
grupo consultor para la microempresa sa de cv sofom enr;;30;;0.00;
hipotecaria su casita sa de cv sofom enr;;30;;0.00;
hir pyme sa de cv sofom enr;;30;;0.00;
idf capital sapi de cv sofom enr;;30;;0.00;
integra arrenda sa de cv sofom enr;;30;;0.00;
integra sofom;;30;;0.00;
ion financiera sapi de cv sofom er;;30;;0.00;
konfio sofom;;30;;13.74;
lista de sofomes;;30;;0.00;
magil sa de cv sofom enr;;30;;0.00;
manual pld sofom;;30;;0.00;
mejor sofom fovissste;;30;;0.00;
mex factor sa de cv sofom enr;;30;;0.00;
navistar financial sa de cv sofom er;;30;;0.00;
negocios y proyectos sapi de cv sofom enr;;30;;0.00;
pacada sofom enr;;30;;0.00;
patrimonio sa de cv sofom enr;;30;;0.00;
pidamas sapi de cv sofom enr;;30;;0.00;
previcrem sa de cv sofom enr;;30;;0.00;
publiseg sapi de cv sofom;;30;;0.00;
que es una sofom no regulada;;30;;0.00;
que es una sofom y sofol;;30;;0.00;
que son las sofoles y sofomes;;30;;0.00;
que son los sofoles y sofomes;;30;;0.00;
ranking de sofomes en mexico;;30;;0.00;
red amigo dal sapi de cv sofom enr rfc;;30;;0.00;
red de servicios financieros sa de cv sofom enr;;30;;0.00;
requerimiento patrimonial sofom;;30;;0.00;
requisitos para sofom;;30;;6.96;
rfc gm financial de mexico sa de cv sofom er;;30;;0.00;
sa de cv sofom er;;30;;0.00;
sabcapital sa de cv sofom er;;30;;0.00;
sapi sofom;;30;;12.27;
significado de sofom enr;;30;;0.00;
sociedad sofom;;30;;0.00;
sofipa corporation sapi de cv sofom enr;;30;;0.00;
sofom aba capital;;30;;0.00;
sofom acapulco;;30;;4.76;
sofom anec;;30;;0.00;
sofom cancun;;30;;13.74;
sofom cloud;;30;;29.67;
sofom en torreon;;30;;0.00;
sofom facicasa;;30;;0.00;
sofom fovissste cdmx;;30;;4.76;
sofom merida;;30;;8.61;
sofom pachuca;;30;;0.00;
sofom para credito fovissste;;30;;0.00;
sofom para fovissste;;30;;0.00;
sofom registradas en condusef;;30;;30.22;
sofom sofipo;;30;;0.00;
sofom suma express;;30;;0.00;
sofom xalapa;;30;;0.00;
sofomes en mexico ejemplos;;30;;0.00;
sofomes en veracruz;;30;;8.06;
sofomes reguladas y no reguladas;;30;;0.00;
sofoplus sapi de cv sofom enr;;30;;0.00;
soluciones financieras sofom;;30;;15.57;
somim sapi de cv sofom enr;;30;;0.00;
toka investment sapi de cv sofom enr;;30;;0.00;
unifin financiera sab de cv sofom enr;;30;;0.00;
usacredit sa de cv sofom enr;;30;;0.00;
value arrendadora sa de cv sofom er value grupo financiero;;30;;0.00;
vision fund méxico sa de cv sofom enr;;30;;0.00;
4finance sa de cv sofom enr;;20;;0.00;
aba capital sofom;;20;;0.00;
abc capital sofom;;20;;0.00;
ac fin sapi de cv sofom enr;;20;;0.00;
accedde sofom;;20;;0.00;
accede sa de cv sofom enr;;20;;0.00;
acsein sa de cv sofom enr;;20;;7.14;
acta constitutiva de una sofom;;20;;0.00;
administradora avanza sa de cv sofom enr;;20;;0.00;
administradora de soluciones sa de cv sofom enr;;20;;0.00;
advantech servicios financieros sapi de cv sofom enr;;20;;0.00;
af banregio sa de cv sofom er banregio grupo financiero;;20;;0.00;
afin gana sa de cv sofom enr;;20;;0.00;
afipyme sa de cv sofom enr;;20;;0.00;
afix servicios financieros sapi de cv sofom enr;;20;;0.00;
agrocap del norte sa de cv sofom enr;;20;;0.00;
agrocapital del noroeste sa de cv sofom enr;;20;;0.00;
agrofinanciera internacional sa de cv sofom enr;;20;;0.00;
agronegocios laad sa de cv sofom enr;;20;;0.00;
alivio capital sapi de cv sofom enr;;20;;0.00;
ally credit sa de cv sofom enr;;20;;0.00;
alsol contigo sa de cv sofom enr;;20;;0.00;
alternativa 19 del sur sa de cv sofom enr;;20;;0.00;
altitud sofom;;20;;0.00;
ap justo sapi de cv sofom enr;;20;;0.00;
apoyo a tu economia sa de cv sofom enr;;20;;0.00;
apoyo economico familiar sofom;;20;;0.00;
apoyo promotora sa de cv sofom enr;;20;;0.00;
arco servicios financieros sa de cv sofom enr;;20;;0.00;
arrendadora afirme sa de cv sofom er afirme grupo financiero;;20;;0.00;
arrendadora y soluciones de negocios sapi de cv sofom enr;;20;;0.00;
arrendamientos operativos impulsa sa de cv sofom enr;;20;;0.00;
asf servicios financieros sapi de cv sofom enr;;20;;0.00;
asociacion de sofomes;;20;;0.00;
asociacion mexicana de sofomes;;20;;0.00;
attendo sofom;;20;;0.00;
auquiti sa de cv sofom enr;;20;;0.00;
aviso de privacidad sofom;;20;;0.00;
banamex sofom;;20;;0.00;
banco sofom;;20;;0.00;
banorte ixe tarjetas sa de cv sofom er;;20;;0.00;
baracaf sa de cv sofom enr;;20;;0.00;
bc credit sapi de cv sofom enr;;20;;0.00;
beneficios fiscales de una sofom;;20;;0.00;
bnp paribas personal finance sa de cv sofom er;;20;;0.00;
bot finance mexico sa de cv sofom enr;;20;;0.00;
capital empresarial sofom;;20;;0.00;
capital para abrir una sofom;;20;;6.59;
capital sapi de cv sofom enr;;20;;4.95;
cargill servicios financieros sa de cv sofom enr;;20;;0.00;
casa mexicana sofom;;20;;0.00;
cashfin financial services sapi de cv sofom enr;;20;;0.00;
caterpillar credito sa de cv sofom;;20;;0.00;
cetelem sa de cv sofom;;20;;0.00;
cetelem sa de cv sofom er rfc;;20;;0.00;
cetelem sofom;;20;;17.03;
cinco dos sa de cv sofom enr;;20;;0.00;
cnbv sofom enr;;20;;0.00;
cofine sapi de cv sofom enr;;20;;0.00;
cofine sofom;;20;;0.00;
comercios afiliados sofom;;20;;0.00;
como abrir una sofom;;20;;7.51;
como constituir una sofom;;20;;8.43;
como constituir una sofom enr;;20;;7.69;
como crear una sofom;;20;;6.59;
como crear una sofom en mexico;;20;;10.26;
como hacer una sofom;;20;;7.88;
como se fondea una sofom;;20;;6.96;
comprar una sofom;;20;;0.00;
concede sofom;;20;;0.00;
concepto de sofom;;20;;0.00;
condusef lista de sofomes;;20;;0.00;
condusef registro sofom;;20;;0.00;
condusef sofom enr;;20;;0.00;
condusef sofom registro;;20;;0.00;
condusef sofomes no reguladas;;20;;0.00;
condusef sofomes reguladas;;20;;0.00;
consede consultores y servicios sa de cv sofom enr;;20;;0.00;
consol negocios sa de cv sofom enr;;20;;0.00;
constitucion de una sofom;;20;;0.00;
constitucion sofom;;20;;0.00;
constituir una sofom;;20;;14.10;
consupago sa de cv sofom er;;20;;0.00;
convengamos todos sa de cv sofom enr;;20;;0.00;
crear una sofom;;20;;19.05;
crece sofom es confiable;;20;;0.00;
credicam sofom;;20;;0.00;
credifacil sofom;;20;;0.00;
credito facil sofom;;20;;33.34;
credito inmobiliario sofom;;20;;0.00;
credito para ti sa de cv sofom enr;;20;;0.00;
credito real sab de cv sofom enr;;20;;13.92;
credito real sab de cv sofom er;;20;;0.00;
credito sofom;;20;;10.62;
cree en ti capital sapi de cv sofom enr;;20;;0.00;
cresca sofom;;20;;0.00;
crédito real sab de cv sofom er;;20;;0.00;
cual es la mejor sofom para credito fovissste;;20;;0.00;
cuanto cuesta una sofom;;20;;5.13;
cursos sofom;;20;;12.27;
daimler financial services sa de cv sofom enr;;20;;0.00;
define sofom;;20;;0.00;
definicion de sofom;;20;;0.00;
dictamen tecnico sofom;;20;;0.00;
diferencia entre sapi y sofom;;20;;0.00;
diferencia entre sofol y sofom;;20;;0.00;
diferencia entre sofom regulada y no regulada;;20;;0.00;
diferencia entre sofom y banco;;20;;0.00;
diferencia entre sofom y sofol;;20;;0.00;
diferencia sofom regulada y no regulada;;20;;0.00;
dimex capital sa de cv sofom;;20;;11.17;
directodo mexico sapi de cv sofom;;20;;0.00;
directorio de sofoles y sofomes en mexico;;20;;0.00;
directorio de sofomes;;20;;0.00;
directorio sofomes;;20;;0.00;
disposiciones de caracter general sofom;;20;;0.00;
disposiciones pld sofomes;;20;;0.00;
disposiciones sofom;;20;;0.00;
distribuidores sofom inbursa;;20;;0.00;
don apoyo sofom;;20;;0.00;
efim sapi de cv sofom enr;;20;;0.00;
efim sofom;;20;;0.00;
emprendamos fin sa de cv sofom enr;;20;;0.00;
emprendedores tu comunidad sa de cv sofom enr;;20;;0.00;
empresas sofom en mexico;;20;;10.99;
engencap fin sa de cv sofom enr;;20;;0.00;
entidad financiera sofom;;20;;0.00;
entidades financieras sofomes;;20;;0.00;
equipate sofom;;20;;0.00;
equity link sapi de cv sofom enr;;20;;2.75;
escala capital sapi de cv sofom enr;;20;;0.00;
estados financieros sofom enr;;20;;0.00;
exitus capital sapi de cv sofom enr;;20;;0.00;
exitus credit sapi de cv sofom enr rfc;;20;;0.00;
exitus credrit sapi sofom;;20;;0.00;
exitus nomina sapi de cv sofom enr;;20;;7.69;
facicasa sa de cv sofom enr;;20;;0.00;
factor expres sapi de cv sofom enr;;20;;0.00;
factor gfc global sa de cv sofom enr;;20;;0.00;
factor global sofom;;20;;14.10;
factor global sofom chihuahua;;20;;0.00;
factor optimo sa de cv sofom enr;;20;;0.00;
factor para ti sapi de cv sofom enr;;20;;0.00;
factoring corporativo sa de cv sofom er;;20;;0.00;
fimubac sa de cv sofom;;20;;0.00;
fimubac sofom;;20;;0.00;
fin util sa de cv sofom enr;;20;;24.18;
finactiv sa de cv sofom enr;;20;;7.88;
finactiv sa de cv sofom er;;20;;0.00;
finadix sa de cv sofom enr;;20;;0.00;
finae sapi de cv sofom enr;;20;;0.00;
finae sapi de cv sofom er;;20;;0.00;
finagil sa de cv sofom enr;;20;;0.00;
financiera bajio sa de cv sofom;;20;;0.00;
financiera bajio sa de cv sofom enr;;20;;0.00;
financiera bajio sa de cv sofom er rfc;;20;;0.00;
financiera bajio sofom;;20;;0.00;
financiera bepensa sa de cv sofom enr;;20;;0.00;
financiera bepensa sa de cv sofom er;;20;;0.00;
financiera bepensa sofom enr;;20;;0.00;
financiera braxel sa de cv sofom;;20;;0.00;
financiera cualli sapi de cv sofom enr;;20;;0.00;
financiera finca sa de cv sofom enr;;20;;0.00;
financiera fortaleza sa de cv sofom;;20;;0.00;
financiera fortaleza sa de cv sofom enr;;20;;10.99;
financiera fortaleza sofom;;20;;0.00;
financiera independencia sab de cv sofom enr;;20;;9.34;
financiera labor sapi de cv sofom;;20;;0.00;
financiera labor sapi de cv sofom enr;;20;;7.51;
financiera local sa de cv sofom enr;;20;;0.00;
financiera maestra sa de cv sofom;;20;;0.00;
financiera maestra sofom;;20;;7.69;
financiera san ysidro sa de cv sofom enr;;20;;5.50;
financiera semis sapi de cv sofom enr;;20;;0.00;
financiera tpv sapi de cv sofom enr;;20;;0.00;
finanmadrid mexico sa de cv sofom er;;20;;0.00;
fincrece sofom;;20;;0.00;
finqro sa de cv sofom enr;;20;;0.00;
fintegra financiamiento sa de cv sofom enr;;20;;0.00;
forjadores de negocios sofom;;20;;0.00;
fortaleza a mi futuro sa de cv sofom enr;;20;;0.00;
fortaleza económica sa de cv sofom enr;;20;;0.00;
gamu consultores sofom;;20;;0.00;
gamu sofom;;20;;0.00;
gdm3 capital sa de cv sofom enr;;20;;7.14;
ge consumo sofom;;20;;0.00;
gfi apoyo sa de cv sofom enr;;20;;0.00;
global lending corporation sofom;;20;;0.00;
gm financial de mexico sa de cv sofom enr;;20;;0.00;
gm financial de mexico sa de cv sofom er rfc;;20;;0.00;
gm financial de mexico sa de cv sofom er telefono;;20;;0.00;
grupo de desarrollo crece sa de cv sofom enr;;20;;0.00;
grupo finterra sa de cv sofom enr;;20;;0.00;
grupo kf sa de cv sofom enr;;20;;0.00;
grupo olinx sapi de cv sofom enr;;20;;0.00;
grupo prosperemos sa de cv sofom enr;;20;;0.00;
h financieros sa de cv sofom enr;;20;;0.00;
hinv sa de cv sofom;;20;;0.00;
hipotecaria hogar sa de cv sofom enr;;20;;1.47;
hipotecaria hogar sofom;;20;;1.47;
hipotecaria hogar sofom enr;;20;;0.00;
hxti sa de cv sofom enr;;20;;5.50;
impulsa sofom;;20;;0.00;
impulsarte para crecer sa de cv sofom enr;;20;;0.00;
inbursa sofom;;20;;0.00;
innovateur sapi de cv sofom enr;;20;;0.00;
innovateur sofom;;20;;0.00;
inserex sa de cv sofom enr;;20;;0.00;
integra arrenda sa de cv sofom;;20;;0.00;
ion financiera sofom;;20;;0.00;
ion sofom;;20;;0.00;
itaca capital sapi de cv sofom enr;;20;;0.00;
ixe tarjetas sofom;;20;;0.00;
jd sofom;;20;;0.00;
jinx sa de cv sofom enr;;20;;0.00;
john deere sofom;;20;;0.00;
kampala capital sapi de cv sofom enr;;20;;0.00;
kueski sapi de cv sofom;;20;;0.00;
lbbw mexico sa de cv sofom enr;;20;;0.00;
lc liquidez corporativa sapi de cv sofom enr;;20;;0.00;
ley de sofomes;;20;;0.00;
lista de sofomes en mexico;;20;;0.00;
lista de sofomes reguladas;;20;;0.00;
lista de sofomes reguladas en mexico;;20;;0.00;
lusitano fg sapi de cv sofom enr;;20;;0.00;
manual de contabilidad sofom;;20;;0.00;
manual pld sofom enr;;20;;0.00;
manual sofom;;20;;0.00;
mas alternativa mexico sa de cv sofom enr;;20;;0.00;
mejores sofomes en mexico;;20;;15.75;
metrofinanciera sofom;;20;;0.00;
metrofinanciera sofom er;;20;;0.00;
mf amiga sapi de cv sofom enr;;20;;0.00;
mfm opm sapi de cv sofom enr;;20;;0.00;
mifel sofom;;20;;0.00;
mizrafin sapi de cv sofom enr;;20;;0.00;
navistar financial sa de cv sofom enr;;20;;0.00;
new life & zone sofom;;20;;0.00;
new life sofom;;20;;0.00;
nombres de sofomes en mexico;;20;;0.00;
nomina apoyo sapi de cv sofom enr;;20;;0.00;
novacredit sa de cv sofom enr;;20;;0.00;
nr finance mexico sa de cv sofom;;20;;0.00;
nr finance mexico sa de cv sofom er;;20;;11.72;
nr finance mexico sa de cv sofom er rfc;;20;;0.00;
objeto social de una sofom;;20;;0.00;
obligaciones de una sofom no regulada;;20;;0.00;
oficial de cumplimiento sofom;;20;;0.00;
opciones sacimex sa de cv sofom enr;;20;;0.00;
operadora financiera de mexico sa de cv sofom enr;;20;;6.96;
operadora mfm sapi de cv sofom enr;;20;;0.00;
oportunidades para emprendedores sapi de cv sofom enr;;20;;0.00;
organigrama de una sofom;;20;;0.00;
pacada sofom;;20;;0.00;
paguitos sofom;;20;;18.13;
palace resorts capital sa de cv sofom enr;;20;;0.00;
patrimonio sofom;;20;;0.00;
posibilidades verdes sa de cv sofom enr;;20;;0.00;
pre15na sa de cv sofom enr;;20;;8.61;
premo sofom;;20;;0.00;
prestaciones finmart sapi de cv sofom enr;;20;;0.00;
prestamos de volada sa de cv sofom enr;;20;;0.00;
prestamos felices en 15 minutos sa de cv sofom enr;;20;;0.00;
prestamos para crecer sa de cv sofom enr;;20;;0.00;
prestamos sofom;;20;;17.22;
presto fast sapi de cv sofom enr;;20;;0.00;
pretmex sa de cv sofom enr;;20;;0.00;
principales sofomes en mexico;;20;;0.00;
privesa sofom;;20;;15.39;
pro confianza sa de cv sofom;;20;;0.00;
proaktiva sapi de cv sofom enr;;20;;0.00;
probenso group sa sofom enr;;20;;0.00;
promotora financiera avanza sapi de cv sofom enr;;20;;0.00;
promotora si sapi de cv sofom enr;;20;;0.00;
promotoria vvv sapi de cv sofom enr;;20;;0.00;
proyectos adamantine sa de cv sofom enr;;20;;0.00;
proyectos adamantine sa de cv sofom er;;20;;0.00;
que es directodo mexico sapi de cv sofom enr;;20;;0.00;
que es sofom er;;20;;0.00;
que es sofom fovissste;;20;;0.00;
que es sofom inbursa;;20;;0.00;
que es un credito sofom;;20;;0.00;
que es una empresa sofom;;20;;0.00;
que es una sapi de cv sofom enr;;20;;0.00;
que es una sofom en mexico;;20;;3.11;
que es una sofom regulada;;20;;0.00;
que es una sofom y como funciona;;20;;3.48;
que hace una sofom;;20;;2.38;
que ley regula las sofom enr;;20;;0.00;
que quiere decir sofom;;20;;0.00;
que significa sa de cv sofom enr;;20;;0.00;
que significa sapi de cv sofom enr;;20;;0.00;
que significa sofom er;;20;;0.00;
que significan las siglas sapi de cv sofom enr;;20;;0.00;
que son los sofomes;;20;;0.00;
quien regula a las sofomes;;20;;0.00;
qué es una sofom enr y cómo funciona;;20;;0.00;
reach home sapi de cv sofom enr;;20;;0.00;
red amigo dal sapi de cv sofom;;20;;0.00;
registro de sofomes condusef;;20;;0.00;
registro sofom condusef;;20;;0.00;
rentamigo sa de cv sofom enr;;20;;0.00;
requerimiento patrimonial sapi de cv sofom enr;;20;;0.00;
requisitos para constituir una sofom;;20;;5.68;
requisitos para una sofom;;20;;0.00;
requisitos sofom;;20;;4.76;
respaldo elite sa de cv sofom enr;;20;;0.00;
rfc cetelem sa de cv sofom er;;20;;0.00;
roshfin sa de cv sofom enr;;20;;0.00;
sa de cv sofom;;20;;0.00;
sacsa financiera sa de cv sofom enr;;20;;0.00;
santander consumo sa de cv sofom er;;20;;0.00;
santander consumo sofom;;20;;0.00;
sapi de cv sofom;;20;;0.00;
sapi de cv sofom enr que significa;;20;;0.00;
sapi sofom enr;;20;;0.00;
se dueño sofom;;20;;0.00;
sentir comun sofom;;20;;0.00;
serfimex capital sa de cv sofom enr;;20;;0.00;
serfimex capital sapi de cv sofom enr;;20;;0.00;
servicios financieros soriana sapi de cv sofom enr;;20;;9.89;
servicios pacto sa de cv sofom enr;;20;;0.00;
servicios y financiamiento agricola sa de cv sofom enr;;20;;0.00;
sgs soluciones a tu medida sapi de cv sofom enr;;20;;0.00;
siempre creciendo sa de cv sofom enr;;20;;0.00;
siempre creciendo sofom;;20;;0.00;
siglas sofom;;20;;0.00;
significado de sofom;;20;;0.00;
sinaloa positivo sa de cv sofom enr;;20;;0.00;
sipres sofom;;20;;0.00;
sistema de transferencias y pagos sofom;;20;;51.47;
sistema para sofom;;20;;76.93;
smc soluciones de capital sapi de cv sofom enr;;20;;0.00;
smx financial sapi de cv sofom enr;;20;;0.00;
sociedad financiera de objeto múltiple sofom;;20;;0.00;
sociedades financieras de objeto múltiple sofomes;;20;;0.00;
sofipo vs sofom;;20;;0.00;
sofoles sofomes;;20;;0.00;
sofoles sofomes y sofipos;;20;;0.00;
sofoles y sofomes en mexico;;20;;0.00;
sofom abc capital;;20;;0.00;
sofom aguascalientes;;20;;9.71;
sofom alianza familiar;;20;;0.00;
sofom alra del sur;;20;;0.00;
sofom bancomer;;20;;0.00;
sofom bolsa de trabajo;;20;;0.00;
sofom cdmx;;20;;14.10;
sofom chetumal;;20;;0.00;
sofom chihuahua;;20;;7.69;
sofom chilpancingo;;20;;0.00;
sofom cnbv;;20;;0.00;
sofom como funciona;;20;;0.00;
sofom confiables;;20;;57.70;
sofom crea mas;;20;;0.00;
sofom credito hipotecario;;20;;8.06;
sofom credito puente;;20;;0.00;
sofom creditos personales;;20;;17.03;
sofom crédito puente;;20;;0.00;
sofom culiacan;;20;;0.00;
sofom dae hipotecaria;;20;;0.00;
sofom de fovissste;;20;;0.00;
sofom definicion;;20;;0.00;
sofom durango;;20;;12.64;
sofom empleo;;20;;0.00;
sofom en aguascalientes;;20;;19.23;
sofom en guadalajara;;20;;11.91;
sofom en ingles;;20;;0.00;
sofom en monterrey;;20;;10.99;
sofom en oaxaca;;20;;0.00;
sofom en san luis potosi;;20;;0.00;
sofom en tuxtla gutierrez chiapas;;20;;0.00;
sofom en venta;;20;;9.34;
sofom en villahermosa;;20;;0.00;
sofom enr cnbv;;20;;0.00;
sofom enr condusef;;20;;0.00;
sofom enr en mexico;;20;;0.00;
sofom enr marco legal;;20;;0.00;
sofom enr que es;;20;;0.00;
sofom enr y er;;20;;0.00;
sofom equipate;;20;;0.00;
sofom er significado;;20;;0.00;
sofom er y enr;;20;;0.00;
sofom fideicomiso;;20;;0.00;
sofom fintech;;20;;0.00;
sofom fovissste chihuahua;;20;;0.00;
sofom fovissste puebla;;20;;0.00;
sofom hipotecaria;;20;;12.64;
sofom hipotecaria hogar;;20;;1.28;
sofom inbursa que es;;20;;0.00;
sofom inbursa sa de cv;;20;;0.00;
sofom inbursa tarjeta de credito;;20;;26.56;
sofom inbursa telefono;;20;;0.00;
sofom inbursa telmex;;20;;0.00;
sofom infonavit;;20;;0.00;
sofom issste;;20;;0.00;
sofom logo;;20;;0.00;
sofom mexicali;;20;;0.00;
sofom mifel;;20;;0.00;
sofom oaxaca fovissste;;20;;0.00;
sofom pdf;;20;;0.00;
sofom puebla;;20;;10.81;
sofom puebla fovissste;;20;;0.00;
sofom que significa;;20;;0.00;
sofom queretaro;;20;;8.98;
sofom reguladas por la condusef;;20;;0.00;
sofom requisitos;;20;;8.06;
sofom sa de cv;;20;;6.96;
sofom saltillo;;20;;0.00;
sofom se dueño;;20;;0.00;
sofom sensa;;20;;0.00;
sofom siglas;;20;;0.00;
sofom sinaloa;;20;;0.00;
sofom slp;;20;;11.17;
sofom software;;20;;41.95;
sofom tenmas;;20;;0.00;
sofom tepeyac;;20;;0.00;
sofom tepic;;20;;0.00;
sofom tijuana;;20;;0.00;
sofom tlaxcala;;20;;9.16;
sofom toluca;;20;;16.67;
sofom torreon;;20;;0.00;
sofom trabajos;;20;;0.00;
sofom tuxtla gutierrez;;20;;0.00;
sofom unimoss impulsa;;20;;0.00;
sofom veracruz;;20;;8.06;
sofom villahermosa;;20;;0.00;
sofom y sofipo;;20;;0.00;
sofomation;;20;;0.00;
sofomes autorizadas;;20;;20.70;
sofomes autorizadas en mexico;;20;;0.00;
sofomes autorizadas por condusef;;20;;70.34;
sofomes en mexico lista;;20;;0.00;
sofomes enr la puerta a la revolución financiera en méxico;;20;;0.00;
sofomes no reguladas cnbv;;20;;0.00;
sofomes no reguladas ejemplos;;20;;0.00;
sofomes que son;;20;;0.00;
sofomes reguladas en mexico;;20;;0.00;
sofomes reguladas por la cnbv;;20;;0.00;
sofomes y sofipos;;20;;0.00;
sofomo;;20;;0.00;
software sofom;;20;;41.95;
solfi sa de cv sofom enr;;20;;0.00;
solfi sofom;;20;;0.00;
soluciones emprendedoras del norte sa de cv sofom enr;;20;;0.00;
soluciones financieras internacionales sa de cv sofom enr;;20;;0.00;
start banregio sa de cv sofom er banregio grupo financiero;;20;;0.00;
supera prestamos sa de cv sofom enr;;20;;0.00;
tarjetas banamex sofom;;20;;0.00;
tertius sapi de cv sofom;;20;;0.00;
tertius sapi de cv sofom enr;;20;;0.00;
toka internacional sapi de cv sofom enr;;20;;0.00;
trabajo sofom;;20;;0.00;
tratamiento fiscal sofom;;20;;0.00;
unifin financiera sapi de cv sofom enr;;20;;0.00;
valmex soluciones financieras sa de cv sofom enr;;20;;0.00;
valorex sa de cv sofom enr;;20;;0.00;
venta de sofom;;20;;9.16;
ventajas de una sofom;;20;;0.00;
vfs mexico sa de cv sofom enr;;20;;0.00;
vision f mexico sa de cv sofom enr;;20;;14.10;
vision f méxico sa de cv sofom enr;;20;;0.00;
vivalia sa de cv sofom enr;;20;;0.00;
abacapital sa de cv sofom enr;;10;;0.00;
abc capital sa de cv sofom enr;;10;;0.00;
accedde sa de cv sofom enr;;10;;0.00;
accedde sofom toluca;;10;;0.00;
accender liquidez sa de cv sofom enr;;10;;0.00;
access k sapi de cv sofom enr;;10;;0.00;
accifin sa de cv sofom enr;;10;;0.00;
acrese sa de cv sofom enr;;10;;0.00;
acta constitutiva sofom enr;;10;;0.00;
adamantine sofom;;10;;0.00;
adelanto express sa de cv sofom enr;;10;;0.00;
adient impulso sapi de cv sofom enr;;10;;0.00;
administradora sierra nevada sa de cv sofom enr;;10;;0.00;
af banregio sa de cv sofom er;;10;;0.00;
agro firme sa de cv sofom enr;;10;;0.00;
agrofinanciera del sureste sa de cv sofom enr;;10;;0.00;
agrofinanciera el valle sa de cv sofom enr;;10;;0.00;
agroservicios financieros atlas sa de cv sofom enr;;10;;0.00;
aig universal sa de cv sofom enr;;10;;0.00;
ainive sa de cv sofom enr;;10;;0.00;
aktiva financiera sa de cv sofom enr;;10;;0.00;
alcance financiera sa de cv sofom enr;;10;;0.00;
alianza financiera social sa de cv sofom enr;;10;;0.00;
amifin sofom;;10;;0.00;
apoyo a tu economia sofom;;10;;0.00;
arrendadora ve por mas sa de cv sofom er grupo;;10;;0.00;
arrendadora y comercializadora lingo sa de cv sofom enr;;10;;0.00;
asociacion de sofomes en mexico;;10;;0.00;
asociacion promujer de mexico sa de cv sofom enr;;10;;0.00;
auropresto sa de cv sofom enr;;10;;0.00;
ayuda a las finanzas familiares sa de cv sofom enr;;10;;0.00;
ayuda oportuna sa de cv sofom enr;;10;;0.00;
banksoft sofom;;10;;0.00;
bc credit sofom;;10;;0.00;
beneficios integrales bsa sa de cv sofom enr;;10;;0.00;
bien para bien sapi de cv sofom enr;;10;;0.00;
bien para bien sofom;;10;;10.44;
blue capital sofom;;10;;0.00;
bmw financial services de mexico sa de cv sofom enr;;10;;0.00;
buró de entidades financieras sofom;;10;;0.00;
calificaciones sofom fovissste;;10;;0.00;
capital el molino sofom enr;;10;;0.00;
capital mexico sapi de cv sofom enr;;10;;0.00;
capital para constituir una sofom;;10;;0.00;
caracteristicas de una sofom;;10;;0.00;
carson & brasch pyme sa de cv sofom enr;;10;;0.00;
catalogo de cuentas sofom;;10;;0.00;
caterpillar credito sa de cv sofom er rfc;;10;;0.00;
cck sofom;;10;;0.00;
cf credit services sa de cv sofom er;;10;;0.00;
circulo inteligente sapi de cv sofom enr;;10;;0.00;
city home del centro sa de cv sofom enr;;10;;0.00;
city home del centro sofom;;10;;0.00;
clear leasing sa de cv sofom enr;;10;;0.00;
compañia comercial comernova sa de cv sofom enr;;10;;0.00;
con ser tu amigo sa de cv sofom enr;;10;;0.00;
confia en equipo sapi de cv sofom enr;;10;;0.00;
confia opciones y acciones sapi de cv sofom enr;;10;;0.00;
contabilidad de sofom;;10;;0.00;
contabilidad sofom ejemplo;;10;;0.00;
corporacion financiera atlas sa de cv sofom er;;10;;0.00;
crea mas sofom;;10;;0.00;
crece mas mexico sa de cv sofom enr;;10;;0.00;
crece safsa sa de cv sofom enr;;10;;0.00;
crece sofom;;10;;0.00;
creciendo sofom;;10;;0.00;
crediavance sa de cv sofom enr;;10;;0.00;
credicam sa de cv sofom enr;;10;;0.00;
crediclub sa de cv sofom enr;;10;;0.00;
crediplata sapi de cv sofom enr;;10;;0.00;
credipresto sapi de cv sofom enr;;10;;0.00;
credito familiar sa de cv sofom;;10;;0.00;
credito ideal sa de cv sofom enr;;10;;0.00;
credito inmobiliario sa de cv sofom;;10;;0.00;
credito inmobiliario sa de cv sofom enr;;10;;0.00;
credito para ti sa de cv sofom;;10;;0.00;
credito real sa de cv sofom enr;;10;;0.00;
credito real sab de cv sofom;;10;;0.00;
credito real sofom;;10;;7.14;
credix gs sa de cv sofom enr;;10;;0.00;
credix sofom;;10;;0.00;
crédito para ti sofom;;10;;0.00;
crédito real sab de cv sofom enr;;10;;0.00;
cual es la mejor sofom;;10;;0.00;
cual es la mejor sofom en mexico;;10;;0.00;
cuáles son las sofomes no reguladas;;10;;0.00;
dae hipotecaria sofom;;10;;0.00;
dae sofom;;10;;0.00;
daruma sofom;;10;;0.00;
despacho alfonso amador y asociados sa de cv sofom enr;;10;;0.00;
dictamen sofom;;10;;0.00;
dictamen tecnico cnbv sofom enr;;10;;0.00;
diferencia entre sofipo y sofom;;10;;0.00;
diferencia entre una sofom regulada y no regulada;;10;;0.00;
directorio de sofoles y sofomes en méxico;;10;;0.00;
directorio de sofomes en mexico;;10;;0.00;
disposiciones de caracter general aplicables a sofom enr;;10;;0.00;
disposiciones de caracter general sofom enr;;10;;0.00;
eduweb condusef gob mx sofomes wp tablero;;10;;0.00;
elite sofom;;10;;0.00;
empresas sofom;;10;;8.79;
estatus de operaciones de las sofomes;;10;;0.00;
evaluacion sofom fovissste;;10;;0.00;
evaluación sofom fovissste;;10;;0.00;
facicasa sofom fovissste;;10;;0.00;
facicasa sofom puebla;;10;;0.00;
factor gfc global sofom;;10;;0.00;
fc financial sa de cv sofom;;10;;0.00;
fc financial sa de cv sofom er;;10;;0.00;
fc financial sofom;;10;;0.00;
fin util sa de cv sofom enr centro sinaloa;;10;;0.00;
fin util sofom;;10;;0.00;
fina sa de cv sofom enr;;10;;0.00;
fina sofom cuernavaca;;10;;5.50;
fina sofom durango;;10;;0.00;
fina sofom morelia;;10;;0.00;
finactiv sa de cv sofom;;10;;0.00;
finadix sa de cv sofom;;10;;0.00;
finae sofom;;10;;0.00;
finance mexico sa de cv sofom er;;10;;0.00;
financiamiento para sofomes;;10;;0.00;
financiamiento progresemos sa de cv sofom;;10;;0.00;
financiera autopcion sa de cv sofom enr;;10;;0.00;
financiera ayudamos sa de cv sofom er;;10;;0.00;
financiera bajio sa de cv sofom er;;10;;0.00;
financiera bepensa sa de cv sofom er rfc;;10;;0.00;
financiera crece sofom;;10;;0.00;
financiera cuallix sa de cv sofom enr;;10;;0.00;
financiera fortaleza sofom enr;;10;;0.00;
financiera marjo sa de cv sofom enr;;10;;6.04;
financiera realidad sa de cv sofom enr;;10;;0.00;
financiera siempre creciendo sa de cv sofom enr;;10;;0.00;
financiera tv sa de cv sofom enr;;10;;0.00;
financieras sofom monterrey;;10;;0.00;
finpo sa de cv sofom enr;;10;;0.00;
finreg sa de cv sofom enr;;10;;0.00;
finterra sofom;;10;;0.00;
fira sofom;;10;;0.00;
fircampo sa de cv sofom enr;;10;;0.00;
fisan sofom;;10;;0.00;
fomento lg sa de cv sofom enr;;10;;0.00;
fondo h sofom;;10;;0.00;
ford credit de mexico sa de cv sofom er rfc;;10;;0.00;
ford credit de méxico sa de cv sofom er;;10;;0.00;
fortaleza economica sofom;;10;;0.00;
franquicias sofom;;10;;0.00;
gamu consultores sa de cv sofom enr;;10;;0.00;
global card sa de cv sofom er;;10;;0.00;
globo rural sa de cv sofom enr;;10;;0.00;
gm financial de méxico sa de cv sofom er;;10;;0.00;
gpi comercial sa de cv sofom enr;;10;;0.00;
grameen carso sa de cv sofom er;;10;;0.00;
grupo peben sa de cv sofom enr;;10;;0.00;
grupo pideco sa de cv sofom enr;;10;;0.00;
gt credit sapi de cv sofom enr;;10;;0.00;
hipotecaria crea mas sa de cv sofom enr;;10;;0.00;
hipotecaria hogar sa de cv sofom;;10;;0.00;
hir sofom;;10;;0.00;
hir soluciones sa de cv sofom enr;;10;;0.00;
https sofom inbursa com;;10;;0.00;
hxti sa de cv sofom;;10;;0.00;
hxti sofom;;10;;0.00;
icash sofom;;10;;0.00;
inc sofom;;10;;0.00;
ing hipotecaria sa de cv sofom enr;;10;;0.00;
inspira negocios sapi de cv sofom enr;;10;;0.00;
invirtiendo sa de cv sofom enr;;10;;0.00;
itaca capital sapi de cv sofom;;10;;0.00;
kapitalmujer sa de cv sofom enr;;10;;0.00;
lana sa de cv sofom enr;;10;;0.00;
lana sofom;;10;;0.00;
las mejores sofomes en mexico;;10;;0.00;
ley que regula las sofom enr;;10;;0.00;
ley sofom;;10;;0.00;
listado de sofomes condusef;;10;;0.00;
logra financiamientos sa de cv sofom enr;;10;;0.00;
magil sofom;;10;;0.00;
manual de credito sofom;;10;;0.00;
manual de pld sofom enr;;10;;0.00;
mas leasing sa de cv sofom enr;;10;;0.00;
metrofinanciera sapi de cv sofom enr;;10;;0.00;
metrofinanciera sofom er que es;;10;;0.00;
mifel sa de cv sofom er;;10;;0.00;
moneyveo mexico sa de cv sofom;;10;;0.00;
multi apoyos de capital sa de cv sofom enr;;10;;0.00;
mz financial sa de cv sofom enr;;10;;0.00;
navix sofom;;10;;0.00;
nomina apoyo sapi de cv sofom;;10;;0.00;
novarec sa de cv sofom enr;;10;;0.00;
nr finance mexico sa de cv sofom enr;;10;;0.00;
nr finance mexico sa de cv sofom enr rfc;;10;;0.00;
nr finance mexico sa de cv sofomer;;10;;0.00;
obligaciones fiscales de una sofom enr;;10;;0.00;
obligaciones sofom;;10;;0.00;
opcipres sa de cv sofom enr;;10;;0.00;
operadora de servicios mega sa de cv sofom enr;;10;;0.00;
operadora de servicios mega sa de cv sofom er;;10;;0.00;
pacada sa de cv sofom enr;;10;;0.00;
pagos sofom;;10;;0.00;
pecus soluciones sa de cv sofom enr;;10;;0.00;
plan de negocios sofom;;10;;0.00;
presta simple sa de cv sofom enr;;10;;0.00;
presta simple sofom enr sa de cv;;10;;0.00;
prestamos expeditos sa de cv sofom enr;;10;;0.00;
prestamos expeditos sofom;;10;;0.00;
prestamos sofom mexico;;10;;36.27;
pro confianza sa de cv sofom enr;;10;;0.00;
productos financieros sofom;;10;;0.00;
progresemos sofom;;10;;0.00;
proquatro sapi de cv sofom enr;;10;;0.00;
que es mejor una sofom o una sofipo;;10;;0.00;
que es sofomes y sofoles;;10;;0.00;
que es una sapi sofom;;10;;0.00;
que es una sofol y sofom;;10;;1.10;
que sofom recomiendan;;10;;21.61;
que son las sofomes en mexico;;10;;0.00;
quiahui sofom;;10;;0.00;
quien regula las sofom;;10;;0.00;
qué es el sofom fovissste;;10;;0.00;
r capitalis group sa de cv sofom enr;;10;;0.00;
r pardo y asociados sa de cv sofom enr;;10;;12.46;
refacil servicios integrales sa de cv sofom enr;;10;;2.93;
regiofinanciera sa de cv sofom enr;;10;;0.00;
registro condusef sofom;;10;;0.00;
registro sofom enr ante condusef;;10;;0.00;
rentamigo sa de cv sofom;;10;;0.00;
requisitos para abrir una sofom;;10;;8.24;
requisitos para constituir una sofom condusef;;10;;0.00;
requisitos para crear una sofom;;10;;4.40;
respaldo financiero sa de cv sofom enr;;10;;0.00;
rfc ford credit de mexico sa de cv sofom er;;10;;0.00;
rfc santander vivienda sa de cv sofom er;;10;;0.00;
rfc tarjetas banamex sa de cv sofom er;;10;;0.00;
romer mexico sa de cv sofom enr;;10;;0.00;
rp sofom;;10;;0.00;
sa de cv sofom enr;;10;;9.52;
santander hipotecario sa de cv sofom er;;10;;0.00;
santander sofom;;10;;0.00;
santander vivienda sa de cv sofom;;10;;0.00;
santander vivienda sa de cv sofom er;;10;;0.00;
servicios financieros anec sa de cv sofom enr;;10;;0.00;
servicios financieros soriana sapi de cv sofom er;;10;;0.00;
siempre creciendo sa de cv sofom;;10;;0.00;
siempre efectivo sa de cv sofom enr;;10;;0.00;
sinaloa positivo sofom;;10;;0.00;
sinaloa positivo sofom enr;;10;;0.00;
sipres condusef gob mx sofomes;;10;;0.00;
sipres condusef sofomes;;10;;0.00;
sociedad financiera agropecuaria sa de cv sofom enr;;10;;0.00;
sociedad financiera campesina sa de cv sofom enr;;10;;0.00;
sociedad financiera equipate sa de cv sofom enr;;10;;0.00;
sofihaa financiera sa de cv sofom enr;;10;;0.00;
sofol o sofom;;10;;0.00;
sofol y sofom diferencia;;10;;0.00;
sofoles y sofomes que son;;10;;0.00;
sofom arrendamiento financiero;;10;;0.00;
sofom campeche;;10;;7.88;
sofom caracteristicas;;10;;0.00;
sofom cd juarez;;10;;10.81;
sofom credito fovissste;;10;;0.00;
sofom credito para ti cuernavaca;;10;;0.00;
sofom crédito para ti;;10;;7.14;
sofom en chiapas;;10;;0.00;
sofom en morelos;;10;;6.41;
sofom en toluca;;10;;0.00;
sofom en xalapa;;10;;0.00;
sofom enr obligaciones fiscales;;10;;0.00;
sofom enr requisitos;;10;;0.00;
sofom fina;;10;;0.00;
sofom fovissste aguascalientes;;10;;0.00;
sofom fovissste pachuca;;10;;0.00;
sofom fovissste queretaro;;10;;0.00;
sofom fovissste villahermosa;;10;;0.00;
sofom gamu;;10;;0.00;
sofom hermosillo;;10;;5.86;
sofom imagina;;10;;0.00;
sofom inmobiliaria;;10;;0.00;
sofom lavado de dinero;;10;;0.00;
sofom morelia;;10;;7.14;
sofom nomina apoyo;;10;;0.00;
sofom o sofol;;10;;0.00;
sofom oaxaca;;10;;5.31;
sofom para créditos personales;;10;;0.00;
sofom patrimonio;;10;;0.00;
sofom santander;;10;;0.00;
sofom wikipedia;;10;;0.00;
sofom zacatecas;;10;;0.00;
sofomes directorio;;10;;0.00;
sofomes en mexico 2018;;10;;0.00;
sofomes en nuevo leon;;10;;0.00;
sofomes mas grandes de mexico;;10;;0.00;
sofomes no reguladas condusef;;10;;0.00;
sofomes no reguladas en mexico;;10;;0.00;
sofomes registradas;;10;;0.00;
sofomes reguladas cnbv;;10;;0.00;
sofomes reguladas ejemplos;;10;;0.00;
sofomes tablero;;10;;0.00;
sofoplus sofom;;10;;0.00;
software pld sofom;;10;;0.00;
soluciones en rh avant sa de cv sofom enr;;10;;0.00;
soluciones financieras cck sa de cv sofom enr;;10;;0.00;
soluciones y oportunidades sa de cv sofom enr;;10;;0.00;
suma express sofom;;10;;0.00;
sumaexpress sa de cv sofom enr;;10;;0.00;
sumaexpress sofom;;10;;0.00;
tablero de control sofomes enr 2019;;10;;0.00;
tarjetas banamex sa de cv sofom;;10;;0.00;
tarjetas banamex sa de cv sofom entidad regulada;;10;;0.00;
tarjetas banamex sa de cv sofom er rfc;;10;;0.00;
tenmas sa de cv sofom enr;;10;;0.00;
tenmas sofom;;10;;0.00;
terra servicios financieros sa de cv sofom enr;;10;;0.00;
tertius sofom;;10;;0.00;
tipos de sofom;;10;;0.00;
toka investment sa de cv sofom enr;;10;;0.00;
tribus capital sa de cv sofom enr;;10;;0.00;
tu dinero sapi de cv sofom enr;;10;;0.00;
unicco sofom;;10;;0.00;
unicredit sa de cv sofom enr;;10;;0.00;
unificcom sa de cv sofom enr;;10;;0.00;
unifin credit sa de cv sofom enr;;10;;0.00;
unifin sofom;;10;;0.00;
unimex financiera sa de cv sofom enr;;10;;0.00;
value arrendadora sa de cv sofom enr;;10;;0.00;
vendo facil sa de cv sofom enr;;10;;0.00;
vendo sofom;;10;;0.00;
ventajas y desventajas de una sofom;;10;;0.00;
vertice soluciones sa de cv sofom enr;;10;;0.00;
vextor activo sa de cv sofom enr;;10;;0.00;
vivalia sa de cv sofom;;10;;0.00;
wac de mexico sa de cv sofom enr;;10;;0.00;
01800 sofom fca financial;;0;;0.00;
1 dinero a que sofom pertenece;;0;;0.00;
1 dinero pertenece a s.a.p.i de cv sofom e.n.r;;0;;0.00;
1 for the planet sapi de cv sofom enr;;0;;0.00;
1.04 retención sofom;;0;;0.00;
10 prinicipales sofom credito nomina;;0;;0.00;
120 dias de sofoma del marques de sade;;0;;0.00;
123 con nosotros sa de cv sofom enr;;0;;0.00;
27 noviembre sofomes;;0;;0.00;
27 sofomes reguladas por cnbv cuales son;;0;;0.00;
3 ejemplos de sofomes en mexico;;0;;0.00;
30-70 sofomes;;0;;0.00;
3jh servicios financieros s.a de c.v sofom e.n;;0;;0.00;
3jh servicios financieros sa de cv sofom enr;;0;;0.00;
4.1 metrofinanciera sofom er;;0;;0.00;
4finance s.a de c.v sofom e.n.r telefono;;0;;0.00;
4finance sa de cv sofom;;0;;0.00;
4finance sa de cv sofom enr telefono;;0;;0.00;
4finance sa de cv sofom enr telefonp;;0;;0.00;
4finance sofom s.a de c.v;;0;;0.00;
5 empresas sofom en mexico;;0;;0.00;
5 sofom;;0;;0.00;
5 sofomes;;0;;0.00;
5590000304 ext 101 fina sofom;;0;;0.00;
64a dcg sofomes;;0;;0.00;
692634 at one sa de cv sofom enr;;0;;0.00;
8341341505 sofom cd victoria;;0;;0.00;
991108 acciones para el campo s.a de c.v sofom e.n.r;;0;;0.00;
9f nomina apoyo sapi de cv sofom enr;;0;;0.00;
a crecer eum sa de cv sofom;;0;;0.00;
a crecer eum sa de cv sofom enr rfc;;0;;0.00;
a crecer sofom;;0;;0.00;
a economízate s.a de c.v sofom e.n.r;;0;;0.00;
a las sofom les retengo iva e isr;;0;;0.00;
a las sofom se les retiene iva e isr;;0;;0.00;
a que mercado pertenece las sofom;;0;;0.00;
a que se dedica mex factor sofom;;0;;0.00;
a que se dedica sofom inbursa;;0;;0.00;
a que se dedica una sofom;;0;;0.00;
a que se dedican las sofomes;;0;;0.00;
a que sectores le prestan las sofomes;;0;;0.00;
a que sectores ofrecen servicios ofrecen las sofomes;;0;;0.00;
a que sectores van dirigidas las sofomes;;0;;0.00;
a que sofom pertenece financiera ayudamos;;0;;0.00;
a que sofom pertenece kondinero;;0;;0.00;
a quein se le considera sofom;;0;;0.00;
a quien atiende las sofomes;;0;;0.00;
a quien se dirige una sofom;;0;;0.00;
a sofom;;0;;0.00;
a solo once años del nacimiento de las sofome;;0;;0.00;
a tu faavor sofom;;0;;0.00;
a tu favor sa de cv sofom enr;;0;;0.00;
aba capital sofom puebla;;0;;0.00;
aba capital sofom sucursales;;0;;0.00;
aba capital sofom telefono;;0;;0.00;
abacapital s.a de c.v sofom e.n.r puebla;;0;;0.00;
abacom sofom;;0;;0.00;
abacon sofom;;0;;0.00;
abancom s.a de c.v sofom enr jalisco;;0;;0.00;
abancom sa de cv sofom enr;;0;;0.00;
abancom sofom;;0;;0.00;
abastecedora de servicios de puebla sa de cv sofom enr;;0;;0.00;
abastecedora de servicios de puebla sofom;;0;;0.00;
abastecedora de servicios puebla s.a de c.v sofom e.n.r;;0;;0.00;
abba capital sofom;;0;;0.00;
abc capital banco sofom;;0;;0.00;
abc capital sofom comentarios;;0;;0.00;
abc capital sofom tuxtla gutierrez;;0;;0.00;
abc capital sofom veracruz;;0;;0.00;
abc sofom;;0;;0.00;
abdul rahim sofomation;;0;;0.00;
abelardo diaz de león sofom;;0;;0.00;
abm supervision de entidades financieras sofom;;0;;0.00;
abogados de sofom;;0;;0.00;
abonitos grupo anisal sofom culiacan;;0;;0.00;
abrir cuenta bancaria de sofom;;0;;0.00;
abrir cuenta de cheques a sofom;;0;;0.00;
abrir cuenta de cheques para sofom;;0;;0.00;
abrir sofom;;0;;0.00;
abrir una sofom;;0;;0.00;
abuso en compra de cartera sofomes 2014;;0;;0.00;
ac recursos al sector productivo sapi de cv sofom enr;;0;;0.00;
ac-fin sapi de cv sofom enr;;0;;0.00;
acabo de activar mi tarjeta y me aparese descuento sofom;;0;;0.00;
accedde s.a de c.v sofom;;0;;0.00;
accedde s.a de c.v sofom enr toluca méx;;0;;0.00;
accedde sa de cv sofom enr banca financiera;;0;;0.00;
accedde sa de cv sofom enr guadalajara jal;;0;;0.00;
accedde sofom enr;;0;;0.00;
accede fnd sofom;;0;;0.00;
accede sofom enr;;0;;0.00;
acceso directo jlm s.a de c.v sofom e.n.r;;0;;0.00;
accifin s.a de c.v sofom e.n.r esta afiliada a condusef;;0;;0.00;
accifin s.a. de c.v. sofom e.n.r;;0;;0.00;
accimin sa de cv sofom enr;;0;;0.00;
accion banamex sa de cv sofom er;;0;;0.00;
acciona sa de cv sofom enr;;0;;0.00;
acciones con alternativas de progreso s.a de c.v sofom e.n.r;;0;;0.00;
acciones de un gerente de la sofom;;0;;0.00;
acciones selectas sa de cv sofom enr;;0;;0.00;
acción banamex s.a de c.v sofom er;;0;;0.00;
aceleradora adrenalina s.a de c.v sofom enr;;0;;0.00;
acervo economico sa de cv sofom;;0;;0.00;
acervo económico sofome;;0;;0.00;
acl mi financiera sa de cv sofom enr;;0;;0.00;
acm funds s.a.p.i de c.v sofom e.n.r;;0;;0.00;
acrecer sofome chiapas;;0;;0.00;
acreditamiento de una sofom;;0;;0.00;
acsein sa de cv sofom aguascalientes;;0;;0.00;
acsein sa de cv sofom enr cnbv;;0;;0.00;
acta constitutiva de sofom;;0;;0.00;
acta constitutiva de sofom enr;;0;;0.00;
acta constitutiva de una s.a de c.v sofom enr;;0;;0.00;
acta constitutiva de una sofom enr;;0;;0.00;
acta constitutiva de una sofom no regulada;;0;;0.00;
acta constitutiva pdf sofom;;0;;0.00;
acta constitutiva pdf sofom no regulada;;0;;0.00;
acta constitutiva sa de cv sofom enr;;0;;0.00;
acta constitutiva sapi de cv sofom enr;;0;;0.00;
acta constitutiva sofom en la condusef;;0;;0.00;
acta constitutiva sofom sapi;;0;;0.00;
actas sofom;;0;;0.00;
activación sofom fovisste;;0;;0.00;
activdades de la sofom;;0;;0.00;
active leasing sa de cv sofom;;0;;0.00;
active leasing sa de cv sofom enr;;0;;0.00;
activer sofom;;0;;0.00;
actividad economica sofomes;;0;;0.00;
actividad pricpal sofom enr;;0;;0.00;
actividad sofom;;0;;0.00;
actividades cierre de sofom;;0;;0.00;
actividades de una sofom;;0;;0.00;
actividades financieras de las sofom;;0;;0.00;
actividades que puede realisar una sofom;;0;;0.00;
actividades que realiza un oficial de cumplimiento de una sofom;;0;;0.00;
actividades sofomes;;0;;0.00;
activo entidad financiera tenmas sa de cv sofom enr;;0;;0.00;
activo-financiero sofom;;0;;0.00;
activos sofom;;0;;0.00;
activos totales de las sofomes;;0;;0.00;
activos totales de las sofomes 2016;;0;;0.00;
actualizacion manual pld sofom enr;;0;;0.00;
actualización a la ley sofom;;0;;0.00;
acumulacion de ingresos por intereses en sofomes para facturacion;;0;;0.00;
acumulación de intereses sofom;;0;;0.00;
adela candela sofom;;0;;0.00;
adelana sofom;;0;;0.00;
adelante capital sapi de c.v sofom enr;;0;;0.00;
adelanto de nomina sofomes;;0;;0.00;
adelanto de sueldo mexico sofom;;0;;0.00;
adelanto de sueldo mexico sofom empresas;;0;;0.00;
adelanto de sueldo mexico sofome;;0;;0.00;
adelanto express sofom;;0;;0.00;
administracion de sofom;;0;;0.00;
administracion de una sofom;;0;;0.00;
administracion financiera alianza s.a de c.v sofom e.n.r;;0;;0.00;
administracion financiera sofom;;0;;0.00;
administración financiera alianza sa de cv sofom enr es confiable;;0;;0.00;
administrado de soluciones sa de cv sofom enr;;0;;0.00;
administrado de soluciones sa de cv sofom enr rfc;;0;;0.00;
administrado de soluciones sa de cv sofom enr rfc sat;;0;;0.00;
administrado de soluciones sa de cv sofom enr sat rfc;;0;;0.00;
administradora de soluciones sa de cv sofom enr rfc;;0;;0.00;
administradora sierra nevada s.a de c.v sofom e.n.r;;0;;0.00;
administradora sierra nevada sa de cv sofom;;0;;0.00;
adolfo manuel garcía de la cruz sofom;;0;;0.00;
advantech servicios financieros sapi de cv sofom enr 2015;;0;;0.00;
aequus sofom;;0;;0.00;
af banregio s.a de c.v sofom e.r banregio gru;;0;;0.00;
af banregio s.a de c.v sofom er rfc;;0;;0.00;
af banregio sa de cv sofom er ba;;0;;0.00;
af banregio sa de cv sofom rfc;;0;;0.00;
af banregio sofom er banregio gpo financiero s.a de c.v;;0;;0.00;
afc insignia de méxico s.a.p.i de c.v sofom e.n.r;;0;;0.00;
afc insignia de méxico s.a.p.i. de c.v. sofom e.n.r;;0;;0.00;
afectacion contable en una sofom;;0;;0.00;
afi sofom credito constructroctor;;0;;0.00;
afi sofom direccion;;0;;0.00;
afiliarse al sofom;;0;;0.00;
afiliarte al sofom;;0;;0.00;
afina sofom;;0;;0.00;
afine capital s.a de c.v sofom enr;;0;;0.00;
afinero capital s.a.p.i. de c.v. sofom e.n.r;;0;;0.00;
afinero capital sapi de cv sofom enr;;0;;0.00;
afipyme s.a de c.v sofom e.n.r vs guillermo lopez juarez;;0;;0.00;
afiver sa de cv sofom enr;;0;;0.00;
afivrr sofom;;0;;0.00;
afix confianza sapi de cv sofom enr;;0;;0.00;
afix servicios financieros sapi de cv sofom enr domicilio;;0;;0.00;
aga sofom;;0;;0.00;
agencia de servicios patrimoniales sa de cv sofom enr;;0;;0.00;
agencia sofom e.n.r;;0;;0.00;
agenda digital sofom;;0;;0.00;
agendadigital sofom;;0;;0.00;
agna capital multiple sa de cv sofom enr;;0;;0.00;
agna capital múltiple s.a de c.v sofom e.n.r;;0;;0.00;
agora recursos sa de cv sofom enr;;0;;0.00;
agora recursos sapi de cv sofom e n r;;0;;0.00;
agrfinanciera sofom;;0;;0.00;
agro financiera sa de cv sofom enr;;0;;0.00;
agro oportunidades sa de cv sofom enr;;0;;0.00;
agro sofom guadalajara;;0;;0.00;
agro sofom sa de cv;;0;;0.00;
agro sofom sapi;;0;;0.00;
agrocapital del noroeste sa de cv sofom;;0;;0.00;
agrocapital del noroeste sa de cv sofom enr rfc;;0;;0.00;
agrocapital sofom;;0;;0.00;
agrodan sa financiera sofom enr;;0;;0.00;
agrofinanciera del noroeste sa de cv sofom enr;;0;;0.00;
agrofinanciera dg s.a de c.v sofom enr;;0;;0.00;
agrofinanciera dg sa de cv sofom enr;;0;;0.00;
agrofinanciera dg sapi de cv sofom enr;;0;;0.00;
agrofinanciera el valle s.a de c.v sofom e.n.r;;0;;0.00;
agrofinanciera el valle sofom s.a de c.v chihuahua;;0;;0.00;
agrofinanciera internacional s.a. de c.v. sofom enr toluca;;0;;0.00;
agrofinanciera internacional sa de cv sofom enr 41770;;0;;0.00;
agrofinanciera internacional sa de cv sofom enr es confiable;;0;;0.00;
agrofinanciera internacional sa de cv sofom enr telefono;;0;;0.00;
agrofinanciera la laguna sa de cv sofom enr;;0;;0.00;
agrofinanciera s.a de c.v sofom e.n.r chiapas;;0;;0.00;
agrofinanciera sa de cv sofom enr mexicali;;0;;0.00;
agrofinanciera sofom;;0;;0.00;
agrofirme sofom;;0;;0.00;
agroinsumos campofino sofom;;0;;0.00;
agrolagos s.a de c.v sofom enr;;0;;0.00;
agrolagos sofom;;0;;0.00;
agromon sa de cv sofom enr;;0;;0.00;
agronegocios de chihuahua sa de cv sofom enr;;0;;0.00;
agropecuaria financiera s.a de c.v sofom e.n.r los mochis;;0;;0.00;
agropecuaria financiera sa de cv sofom e;;0;;0.00;
agropecuaria financiera sofom;;0;;0.00;
agropecuario convengamos todos sa of c.v sofom enr;;0;;0.00;
agroservicios ladd sofom;;0;;0.00;
agrovizion sofom;;0;;0.00;
ags capital sa de cv sofom enr;;0;;0.00;
ahora 123 s.a.p.i de c.v sofom e.n.r;;0;;0.00;
ahora ya sofom;;0;;0.00;
ainive s.a de c.v sofom e.n.r guadalupe victoria cuautla;;0;;0.00;
alcance financiera s.a de c.v sofom e.n.r cuautitlan izcalli;;0;;0.00;
alcance financiera s.a.p.i de c.v sofom e.n.r financiera activamos;;0;;0.00;
alcance financiera sa de cv sofom cuautitlan izcalli;;0;;0.00;
alcance financiera sa de cv sofom enr financiera activamos;;0;;0.00;
alcance financiera sa de cv sofom enr irapuato;;0;;0.00;
alcance financiera sa de cv sofom enr iztapalapa;;0;;0.00;
alcance financiera sa de cv sofom enr queretaro;;0;;0.00;
alcance financiera sapi de cv sofom enr que significa;;0;;0.00;
ald fleet s.a de c.v sofom e.n.r;;0;;0.00;
ald fleet sa de cv sofom enr;;0;;0.00;
ald fleet sofom;;0;;0.00;
alejandro hernandez chim sofom;;0;;0.00;
alejandro hernandez chin sofom;;0;;0.00;
alejandro hernandez sofom;;0;;0.00;
alejandro martinez apoyo a tu economia sofom;;0;;0.00;
alejandro martinez sofom;;0;;0.00;
alfigo sofom;;0;;0.00;
alfil sofom;;0;;0.00;
alfin alianza financiera sa de cv sofom;;0;;0.00;
alfis sofom;;0;;0.00;
alg servicios financieros méxico s.a de c.v sofom e.n.r;;0;;0.00;
alg servicios financieros méxico s.a de c.v sofom enr;;0;;0.00;
aliados finanacieros del golfo s.a de c.v sofom e.n.r;;0;;0.00;
alianza familiar sa de cv sofom;;0;;0.00;
alianza familiar sa de cv sofom enr registro;;0;;0.00;
alianza familiar sapi de cv sofom enr;;0;;0.00;
alianza familiar sofom chiapas;;0;;0.00;
alianza familiar sofom enr;;0;;0.00;
alianza familiar sofom fraude;;0;;0.00;
alianza financiera social s.a de c.v sofom e.n.r el cochinito;;0;;0.00;
alianza financiera social s.a de c.v sofom enr tabasco;;0;;0.00;
alianza financiera social sa de cv sofom;;0;;0.00;
alianza financiera social sa de cv sofom enr chiapas;;0;;0.00;
alianza financiera social sa de cv sofom nombre comercial;;0;;0.00;
alianza financiera social sofom enr;;0;;0.00;
alianza financiera social sofom tuxtla;;0;;0.00;
alianza financiera sofom;;0;;0.00;
alianza sf s.a.p.i de c.v sofom e.n.r;;0;;0.00;
alianzafamiliar sofom fraude;;0;;0.00;
alineación integral s.a de c.v sofom enr;;0;;0.00;
aliniacion integral s.a de c.v sofom e.n.r;;0;;0.00;
aliquam de occidente s.a de c.v sofom e.n.r;;0;;0.00;
alisan sofom;;0;;0.00;
alka capital sapi sofom enr;;0;;0.00;
alka capitals s.a de c.v sofom e.n.r;;0;;0.00;
alka capitals sapi sofom enr;;0;;0.00;
alloy sofom;;0;;0.00;
ally credit sa de cv sofom enr rfc;;0;;0.00;
alma rosa pérez sofom;;0;;0.00;
almacenadora accel s.a de c.v sofom e.r rfc aac970306371 2019;;0;;0.00;
almacenadora accel sa de cv sofom er;;0;;0.00;
alpez s.a de c.v sofom e.n.r;;0;;0.00;
alpez sa de cv sofom;;0;;0.00;
alpez sofom;;0;;0.00;
alphacredit capital s.a de c.v sofom e.n.r domicilio;;0;;0.00;
alphacredit capital sa de cv sofom;;0;;0.00;
alphacredit capitalsa de cv sofom;;0;;0.00;
alphacredit sofom coatzacoalcos;;0;;0.00;
alphacredit sofom villahermosa;;0;;0.00;
alra del sur asesoria hipotecaria sa de cv sofom enr;;0;;0.00;
alra del sur sofom desfalco;;0;;0.00;
alra del sur sofom fraude;;0;;0.00;
alra sofom;;0;;0.00;
alta credito capoital s.a.p.i de c.v sofom e.n.r;;0;;0.00;
alta del oficial de cumplimiento de una sofom;;0;;0.00;
alta sofom;;0;;0.00;
alter servicios ceiba sapi de c.v sofom;;0;;0.00;
alter servicios ceiba sapi de c.v sofom facturas;;0;;0.00;
alternativa 19 del sur sofom;;0;;0.00;
alternativa en negocios de oportunidad sapi de cv sofom enr;;0;;0.00;
alternativa financiera para el desarrollo s.a de c.v sofom e.n.r;;0;;0.00;
alternativa financiera prosesa s.a de c.v sofom enr;;0;;0.00;
alternativa mexicana de negocios cyg s.a.p.i de c.v sofom e.n.r;;0;;0.00;
alternativas de las pymes coronavirus sofomes;;0;;0.00;
alternativas de las pymes sofomes;;0;;0.00;
altitud sofom empresario del año;;0;;0.00;
altitud sofom empresario del año ing gabriel rivera;;0;;0.00;
altitud sofom ing gabriel rivera;;0;;0.00;
altum cp s.a.p.i de c.v sofom e.n.r;;0;;0.00;
altum sofom;;0;;0.00;
altus credit s.a de c.v sofom e.n.r;;0;;0.00;
ambito productivo sa de cv sofom enr;;0;;0.00;
amehuan sa de cv sofom enr;;0;;0.00;
amexcap y sofomes;;0;;0.00;
amicorp méxico s.a de c.v sofom e.n.r;;0;;0.00;
amicorp sofom enr;;0;;0.00;
amigo efectivo sofom;;0;;0.00;
amvis sa de cv sofom enr;;0;;0.00;
analia sofomation;;0;;0.00;
analisis de credito de una sofom;;0;;0.00;
analisis de estados financieros desarrollados por una sofom;;0;;0.00;
analisis de mercado de sofom;;0;;0.00;
analisis foda de una sofom;;0;;0.00;
analista de credito sofom;;0;;0.00;
analista mesa de control sofom vacantes;;0;;0.00;
anec sofom;;0;;0.00;
animo para crecer sa de cv sofom enr;;0;;0.00;
animo para crecer sofom;;0;;0.00;
anisal sa de cv sofom;;0;;0.00;
anive sofom;;0;;0.00;
antali corporation sapi de cv sofom enr;;0;;0.00;
antali corportation s.a.p.i de c.v sofom e.n.r;;0;;0.00;
ante quien solicito permiso para constituir una sofom;;0;;0.00;
antecedentes de la sofom;;0;;0.00;
antecedentes de las sofom;;0;;0.00;
antecedentes de las sofomes;;0;;0.00;
antecedentes de las sofomes en mexico;;0;;0.00;
antecedentes de sofom;;0;;0.00;
antecendentes de las sofom;;0;;0.00;
análisis de la demanda del financiamiento sofom;;0;;0.00;
análisis estadístico sobre sofomes;;0;;0.00;
análisis filtro e índices s.a.p.i de c.v sofom e.n.r;;0;;0.00;
análisis financoero de una sofom;;0;;0.00;
ap justo sapi de cv sofom enr apj1412175b3;;0;;0.00;
ap nomina apoyo sapi de cv sofom enr;;0;;0.00;
apertura cuenta bancaria para sofom;;0;;0.00;
apertura sofom enr;;0;;0.00;
api de cv sofom hermosillo;;0;;0.00;
api de cv sofom hermosillo financiera;;0;;0.00;
apjusto s.a.p.i de c.v sofom e.n.r es confiable;;0;;0.00;
apjusto s.a.p.i de c.v sofom e.n.r es real;;0;;0.00;
apjusto s.a.p.i de c.v sofom e.n.r rfc;;0;;0.00;
apjusto sapi de cv sofom;;0;;0.00;
aplicacion de solicitud de credito en sofomes sofimes;;0;;0.00;
apoyando tu progreso s.a de c.v sofom e.n.r;;0;;0.00;
apoyo a la educación superior sa de cv sofom enr;;0;;0.00;
apoyo a sofom fnd;;0;;0.00;
apoyo a sofomes con recursos para capacitación y equipamiento;;0;;0.00;
apoyo a tu economia sa de cv sofom enr demanda;;0;;0.00;
apoyo a tu economía s.a de c.v sofom enr;;0;;0.00;
apoyo agropecuario de guanajuato s.a de c.v sofom e.n.r;;0;;0.00;
apoyo agropecuario de guanajuato sa de cv sofom enr;;0;;0.00;
apoyo agropecuario sofom irving;;0;;0.00;
apoyo argopecuario sofom;;0;;0.00;
apoyo cotidiano s.a de c.v sofom e.n.r;;0;;0.00;
apoyo de pronafim a sofom;;0;;0.00;
apoyo e con familia sofom;;0;;0.00;
apoyo economico familiar es una sofom;;0;;0.00;
apoyo frame s.a de c.v sofom e.n.r;;0;;0.00;
apoyo integral méxico sa de cv sofom enr;;0;;0.00;
apoyo multi j.l sa de cv sofom enr;;0;;0.00;
apoyo promotora s.a de c.v sofom;;0;;0.00;
apoyo sapi sa de cv sofom;;0;;0.00;
apoyo tu porvenir sapi de cv sofom enr;;0;;0.00;
apoyo y liquidez s.a de c.v sofom e.n.r;;0;;0.00;
apoyo y liquidez sofom;;0;;0.00;
apoyos de gobierno a sofom;;0;;0.00;
apoyos que cuentan sa de cv sofom enr;;0;;0.00;
apoyos sofom;;0;;0.00;
app mi sofom vs;;0;;0.00;
apprime s.a de c.v sofom e.n.r;;0;;0.00;
aprecia financiera sofom;;0;;0.00;
aquistar sofom;;0;;0.00;
aqüiti s.a de c.v sofom enr;;0;;0.00;
arcalternativa de recursos de capital s.a de c.v sofom e.n.r;;0;;0.00;
arcas negocios sa de cv sofom enr;;0;;0.00;
arco financiera s.a de c.v sofom e.n.r;;0;;0.00;
arco financiera sofom enr;;0;;0.00;
arco servicios financieros s.a de c.v sofom enr celaya;;0;;0.00;
area que regula las sofom fovissste;;0;;0.00;
areas con las que cuenta una sofom;;0;;0.00;
arez financiera s.a de c.v sofom e.n.r;;0;;0.00;
arez financiera s.a. de c.v. sofom e.n.r;;0;;0.00;
arfinsa sa de cv sofom enr;;0;;0.00;
arfinsa sofom enr;;0;;0.00;
argefin sapi de cv sofom;;0;;0.00;
arkadin sapi de cv sofom enr;;0;;0.00;
arrendadora afirme s.a de c.v sofom e.r afirme grupo financier;;0;;0.00;
arrendadora banamex sa de cv sofom er;;0;;0.00;
arrendadora banamex sofom;;0;;0.00;
arrendadora banobras s.a de c.v sofom er;;0;;0.00;
arrendadora disf sa de cv sofom enr;;0;;0.00;
arrendadora financiera inbursa sofom e.r grupo financiero inb;;0;;0.00;
arrendadora logística sa de cv sofom enr;;0;;0.00;
arrendadora sofom;;0;;0.00;
arrendadora sofom logo;;0;;0.00;
arrendadora y factor banorte sa de cv sofom er gpo;;0;;0.00;
arrendadora y factor banorte sa de cv sofom er grupo;;0;;0.00;
arrendadora y factor banorte sa de cv sofom er rfc;;0;;0.00;
arrendadora y factor banorte sofom er g.f. banorte rfc;;0;;0.00;
arrendadora y financiera nacional s.a de c.v sofom e.n.r;;0;;0.00;
arrendadora y soluciones de negocios sofom logo;;0;;0.00;
arrendadoras financieras factoraje financiero y sofol se cambian a sofom;;0;;0.00;
arrendadoras financieras factoraje financiero y sofol se cambian a sofome;;0;;0.00;
arrendamiento de sofom;;0;;0.00;
arrendamiento en sofomes;;0;;0.00;
arrendamiento financiero sofom;;0;;0.00;
arrendamiento para empresas sa de cv sofom enr;;0;;0.00;
arrendamiento puro quien sofom enr;;0;;0.00;
arrendamiento puro sofom;;0;;0.00;
arrendamiento sofom;;0;;0.00;
arrendamientos operativos impulsa sofom tnr israel jimenez ornelas;;0;;0.00;
arrendamientos para empresas s.a de c.v sofom e.n.r;;0;;0.00;
arriba leasing s.a de c.v sofom e.n.r;;0;;0.00;
arrojo empresarial s.a.p.i de c.v sofom e.n.r;;0;;0.00;
art 87 d dcg compiladas sofom marzo 2019;;0;;0.00;
art 87 d dcg compliladas sofom marzo 2019;;0;;0.00;
artfin s.a de c.v sofom;;0;;0.00;
articulo acerca de las sofom;;0;;0.00;
articulo que habla de las obligaciones del sofom;;0;;0.00;
articulo que habla de las sofomes;;0;;0.00;
articulo sobre la sofom;;0;;0.00;
articulos relacionados con la sofom;;0;;0.00;
arturo diaz sofom;;0;;0.00;
asdinergy sofom enr;;0;;0.00;
asecred sa de cv sofom enr;;0;;0.00;
asecred sapi de cv sofom enr;;0;;0.00;
asesores especializados de mexico sofom;;0;;0.00;
asesoria a su alcance sa de cv sofom enr;;0;;0.00;
asesoria en sofom;;0;;0.00;
asesoria integral pyme rha s.a de c.v sofom e.n.r;;0;;0.00;
asesoría financiera de mexico sa de cv sofom enr;;0;;0.00;
asesoría financiera de méxico s.a de c.v sofom e.n.r;;0;;0.00;
asesoría financiera multilple s.a de c.v sofom e.n.r;;0;;0.00;
asf servicios financieros s.a de c.v sofom de enr;;0;;0.00;
asignacion de sofom;;0;;0.00;
asistencia para el trabajo y la produccion sofom;;0;;0.00;
asociacion de medicos sofom;;0;;0.00;
asociacion de sofoles y sofomes;;0;;0.00;
asociacion de sofom en merida yucatan;;0;;0.00;
asociacion de sofome;;0;;0.00;
asociacion estatal de sofom de chihuahua;;0;;0.00;
asociacion estatal de sofome de chihuahua;;0;;0.00;
asociacion gremial sofomes;;0;;0.00;
asociacion pro mujer ac de cv sofom enr;;0;;0.00;
asociacion pro mujer sa de cv sofom enr;;0;;0.00;
asociacion sofomes mexico;;0;;0.00;
asociaciones de sofomes en mexico;;0;;0.00;
asociaciones exitosas atenas s.a de c.v sofom e.n.r;;0;;0.00;
asociaciones gremiales de sofomes;;0;;0.00;
asociación de sofomes en méxico;;0;;0.00;
asociación estatal de sofomes de chihuahua asociación civil;;0;;0.00;
asociación mexicana de capital privado y sofom;;0;;0.00;
asociación mexicana de sofomes;;0;;0.00;
asociación nacional de sofomes en crecimiento;;0;;0.00;
asociación promujer de méxico s.a de c.v sofom e.n.r;;0;;0.00;
aspectos fiscales de una sofom;;0;;0.00;
aspectos legales una sofom;;0;;0.00;
aspire sapi de cv sofom enr;;0;;0.00;
aspire sapi de cv sofom enr telefono toluca;;0;;0.00;
aspire sapi de cv sofom enr toluca;;0;;0.00;
aspiria sofom;;0;;0.00;
aspirina sofom;;0;;0.00;
asset cober s.a de c.v sofom e.n.r;;0;;0.00;
at one s.a de c.v sofom e.n.r;;0;;0.00;
atc latin america sa de cv sofom enr;;0;;0.00;
ategra arrendamientos integrales s.a de c.v sofom e.n.r;;0;;0.00;
ategra arrendamientos integrales sapi de cv sofom enr;;0;;0.00;
atipyme sofom;;0;;0.00;
atlas sofom;;0;;0.00;
attendo sapi de cv sofom;;0;;0.00;
attendo sapi de cv sofom enr rfc;;0;;0.00;
audio libro de sofom;;0;;0.00;
audio libro de sofom gratis;;0;;0.00;
auditor de sofom;;0;;0.00;
auditor interno requisitos sofom;;0;;0.00;
auditor interno sofom;;0;;0.00;
auditor interno sofom enr;;0;;0.00;
auditor sofom enr;;0;;0.00;
auditores en materia de pld para sofomes sa de cv;;0;;0.00;
auditoria de una sofom;;0;;0.00;
auditoria dentro de una sofom;;0;;0.00;
auditoria interna sofom;;0;;0.00;
auditoria manual de procedimientos sofom;;0;;0.00;
aumentan a 57 quejas a sofomes condusef;;0;;0.00;
auquiti sofom;;0;;0.00;
auroprestosa de sa de cv sofom enr;;0;;0.00;
aurum financiera s.a de c.v sofom e.n.r;;0;;0.00;
aurum sofom;;0;;0.00;
auto ya sa de cv sofom enr;;0;;0.00;
autodinero sofom s de r.l;;0;;0.00;
autoregulaciòn sofom;;0;;0.00;
autoridades reguladoras de las sofom en méxico;;0;;0.00;
autorizacion buro de credito personas fisicas sofom;;0;;0.00;
autorizacion sofom condusef;;0;;0.00;
autorización de uso de denominación o razón social sofom;;0;;0.00;
avalie sofom;;0;;0.00;
avalor sofom;;0;;0.00;
avanpiña sa de cv sofom enr;;0;;0.00;
avante sopranho s.a sofom;;0;;0.00;
avanti ppa s.a de c.v sofom e.n.r;;0;;0.00;
avanza itaca capital sapi de cv sofom enr;;0;;0.00;
avanza patrimonio s.a de c.v sofom e.n.r;;0;;0.00;
avanza solido sa de cv sofom enr direccion;;0;;0.00;
avanza solido sofom;;0;;0.00;
avanza solido sofom enr;;0;;0.00;
avanza sólido s.a de c.v sofom e.n.r;;0;;0.00;
avisdos sofomes;;0;;0.00;
aviso a condusef sofom;;0;;0.00;
aviso a la comision nacional bancaria y de valores sofom;;0;;0.00;
aviso de cobranza de sofom;;0;;0.00;
aviso de cobranza sofom enr ejemplo;;0;;0.00;
aviso de cobranza sofom enr para cliente ejemplo;;0;;0.00;
aviso de constitucion como sofom ante condusef;;0;;0.00;
aviso de constitucion como sofom ante conduseg;;0;;0.00;
aviso de pre cobranza de sofom;;0;;0.00;
aviso de pre cobranza para clientes de sofom;;0;;0.00;
aviso de precobranza de sofom;;0;;0.00;
aviso de precobranza para clientes de sofom;;0;;0.00;
aviso de privacidad hipotecaria hogar sofom enr;;0;;0.00;
aviso de privacidad para sofom;;0;;0.00;
aviso de privacidad para sofom en la oficina;;0;;0.00;
aviso de privacidad que usa sofom;;0;;0.00;
aviso de privacidad sofom enr;;0;;0.00;
avisos de atraso de sofom;;0;;0.00;
avisos de cobranza de sofom;;0;;0.00;
avisos de cobranza de una sofom;;0;;0.00;
avisos de cobranza de una sofom para cliente;;0;;0.00;
avisos de cobranza sofom ejemplos;;0;;0.00;
avisos de cobranzas de sofom enr;;0;;0.00;
avisos de cobranzas de una sofom;;0;;0.00;
avisos de cobranzas para sofom;;0;;0.00;
avisos de privacidad para sofom enr;;0;;0.00;
avisos que debe dar una sofom a la shcp;;0;;0.00;
avisos que mandan las sofoms;;0;;0.00;
avisos sofomes enr;;0;;0.00;
ax incrementa s.a de c.v sofom e.n.r;;0;;0.00;
axcent s.a de c.v sofom e.n.r;;0;;0.00;
axi credit s.a de c.v sofom e.n.r;;0;;0.00;
axi sapi sofom;;0;;0.00;
axicredit s.a de c.v sofom e.n.r;;0;;0.00;
axicredit s.a de c.v sofom e.n.r rfc ain080519a55;;0;;0.00;
axis capital s.a de c.v sofom e.n.r;;0;;0.00;
axis capital sa de cv sofom enr;;0;;0.00;
axis sofom;;0;;0.00;
axtel capital s.a de c.v sofom e.n.r;;0;;0.00;
axtum s.a de c.v sofom e.n.r;;0;;0.00;
axtum sa de cv sofom enr;;0;;0.00;
axtum sofom;;0;;0.00;
aya express sofom;;0;;0.00;
ayuda-tm capital s.a de c.v sofom e.n.r;;0;;0.00;
ayuda-tm capital s.a.p.i de c.v sofom e.n.r;;0;;0.00;
ayudas formulario acm sofom;;0;;0.00;
ayudas formulario acm sofom diario oficial de la federacion;;0;;0.00;
ayudemos sofome;;0;;0.00;
b las arrendadoras financieras se trasformaron en sofomes;;0;;0.00;
b.p financiera s.a.p.i de c.v sofom e.n.r;;0;;0.00;
ba fin sofom;;0;;0.00;
ba fin sofom sa de cv sofom enr;;0;;0.00;
bac servicios financieros s.a de c.v sofom e.n.r;;0;;0.00;
backtrend s.a de c.v sofom e.n.r;;0;;0.00;
bailey consultoria y servicios s.a de c.v sofom e.n.r;;0;;0.00;
baja una sofom enr;;0;;0.00;
bajo que figura se crea una sofom;;0;;0.00;
bajo que ley se rigen las sofomes;;0;;0.00;
balance de una sofom;;0;;0.00;
balance general sofomes 2016;;0;;0.00;
balor dispersora s.a de c.v sofom e.n.r;;0;;0.00;
banamex es sofom;;0;;0.00;
banamex s.a de c.v sofom;;0;;0.00;
banamex sofom tc cancelar;;0;;0.00;
banamex sofom tc defunción;;0;;0.00;
banamex sofom tc que es;;0;;0.00;
banamex sofom tc telefono;;0;;0.00;
banamex sofom telefono;;0;;0.00;
banamex sofome;;0;;0.00;
banca de desarrollo para sofom;;0;;0.00;
banca mifel sa de cv sofom enr;;0;;0.00;
banca mifel sofom;;0;;0.00;
banco abc capital sa de cv sofom enr;;0;;0.00;
banco de mexico sofom enr;;0;;0.00;
banco de mexico sofom enr pdf;;0;;0.00;
banco del bajio sofom;;0;;0.00;
banco ibursa sofom;;0;;0.00;
banco inmobiliario mexicano s.a de c.v.sofom enr;;0;;0.00;
banco santander sa sofom hipotecaria;;0;;0.00;
banco santander sa sofom hipotecaria clabe;;0;;0.00;
banco sofol sofom aseguradora afore;;0;;0.00;
banco sofom bolsa de trabajo;;0;;0.00;
bancomer es sofol o sofom;;0;;0.00;
bancomer sofom;;0;;0.00;
bancos autorizados para abrir cuenta de sofom;;0;;0.00;
bancos cancelan cuentas de cheques de sofomes;;0;;0.00;
bancos que den cuenta a empresas sofom;;0;;0.00;
bancos que prestan a sofomes;;0;;0.00;
bancos sofoles sofomes;;0;;0.00;
bancos sofoles y sofomes;;0;;0.00;
bancos sofoles y sofomes pdf;;0;;0.00;
banhetos sofom;;0;;0.00;
banksoft sofom sa de cv;;0;;0.00;
banorte abre cuentas a sofome;;0;;0.00;
banorte sofom;;0;;0.00;
banorte-ixe tarjetas s.a de c.v sofom er rfc;;0;;0.00;
banregio requisito de sofomes;;0;;0.00;
banregio s.a de c.v sofom e.r;;0;;0.00;
banregio sofom telefono;;0;;0.00;
banregio sofomes;;0;;0.00;
banregio soluciones financieras s.a de c.v sofom e.r;;0;;0.00;
bansefi lineas de credito para sofom;;0;;0.00;
banx s.a de c.v sofom e.n.r;;0;;0.00;
banx sofom;;0;;0.00;
banxico registro sofom;;0;;0.00;
banxico sofom;;0;;0.00;
barab servicios integrales s.a de c.v sofom e.n.r;;0;;0.00;
baracaf s.a de c.v sofom e.n.r;;0;;0.00;
baran servicios integrales s.a de c.v sofom e.n.r;;0;;0.00;
barrer a sofomes;;0;;0.00;
barrer sofomes;;0;;0.00;
base de datos a sofomes;;0;;0.00;
base de datos sofomes;;0;;0.00;
bases y requistos para obtener un financiamiento en sofomes;;0;;0.00;
bbp capital sa de cv sofom enr;;0;;0.00;
bcb asisitencia y servicios s.a de c.v sofom e.n.r;;0;;0.00;
bcb asistencia y servicios s.a de c.v sofom e.n.r;;0;;0.00;
bcp capital sapi de cv sofom;;0;;0.00;
bcp capital sapi de cv sofom enr;;0;;0.00;
bcp capital sapi de cv sofom enr rfc;;0;;0.00;
bcp capital sapi de cv sofom enr tel;;0;;0.00;
bdi capital sa de cv sofom enr;;0;;0.00;
beey apoyando tu progreso s.a de c.v sofom e.n.r;;0;;0.00;
beneficio de una sofom;;0;;0.00;
beneficio maestro s.a de c.v sofom e.n.r;;0;;0.00;
beneficios a las sofomes;;0;;0.00;
beneficios cumplimiento normativo y efeciencia operativa para una sofom;;0;;0.00;
beneficios de la sofom;;0;;0.00;
beneficios de las sofomes;;0;;0.00;
beneficios de ser sofom;;0;;0.00;
beneficios de sofom;;0;;0.00;
beneficios de una empresa sofom;;0;;0.00;
beneficios de una sofom;;0;;0.00;
beneficios fiscales de una sofom no regulada;;0;;0.00;
beneficios fiscales sofom enr;;0;;0.00;
beneficios fiscales sofom enr 2017;;0;;0.00;
beneficios integrales dsa sa de cv sofom enr;;0;;0.00;
beneficios integrales s.a de c.v sofom e.n.r;;0;;0.00;
beneficios que se generan en la sofom;;0;;0.00;
beneficios sofom;;0;;0.00;
bepensa sofom;;0;;0.00;
best sofom e.n.r;;0;;0.00;
beta credit s a de c v sofom enr telefono;;0;;0.00;
beta credit sa de cv sofom enr;;0;;0.00;
betacredit s a de c v sofom enr;;0;;0.00;
betacredit s a de c v sofom enr telefono;;0;;0.00;
betacredit sa de cv sofom enr;;0;;0.00;
bicentenario efectivo s a de c v sofom;;0;;0.00;
bien para bien sa de cv sofom enr;;0;;0.00;
bien para bien sapi de c.v sofom enr rfc;;0;;0.00;
bienestar familiar sofom;;0;;0.00;
bienestar fimanciero sapi de cv sofom enr;;0;;0.00;
bienestar financiero sapi de cv sofom enr;;0;;0.00;
biocap s.a de c.v sofom enr;;0;;0.00;
biocap s.a de sofom;;0;;0.00;
biocap sofom;;0;;0.00;
biofin services s.a de c.v sofom e.n.r;;0;;0.00;
bir sa de cv sofom enr;;0;;0.00;
bitechi soluciones s.a de c.v sofom e.n.r;;0;;0.00;
bloom capital sofom enr sa de cv;;0;;0.00;
bloom emprendedores sofom enr sa de cv;;0;;0.00;
blu capital sofom;;0;;0.00;
blue capital times s.a de c.v sofom e.n.r;;0;;0.00;
blue capital times s.a. de c.v. sofom e.n.r;;0;;0.00;
blx soluciones sa de cv sofom enr;;0;;0.00;
bmt sofom;;0;;0.00;
bmv sofom;;0;;0.00;
bmv sofomes;;0;;0.00;
bmw financial services de méxico s.a de c.v sofom e.n.r;;0;;0.00;
bmw fs sofom;;0;;0.00;
bmw fs sofom cargo;;0;;0.00;
bng impulsor sofom;;0;;0.00;
bng impulsora sofom;;0;;0.00;
bnk gfm s.a.p.i de c.v sofom e.n.r;;0;;0.00;
bnp paribas personal finance sa de cv sofom enr;;0;;0.00;
bnp paribas personal finance sa de cv sofom er rfc;;0;;0.00;
bolsa de trabajo en cnh sofom;;0;;0.00;
bolsa de trabajo en financieras sofom para snte;;0;;0.00;
bolsa de trabajo en financieras sofom para snte guerrero;;0;;0.00;
bolsa de trabajo oficial de cumplimiento sofom;;0;;0.00;
bome fincom s.a de c.v sofom e.n.r;;0;;0.00;
boom credit s.a de c.v sofom e.n.r;;0;;0.00;
bot finance mexico s.a de c.v sofom e.n.r;;0;;0.00;
bot finance mexico sa de cv sofom;;0;;0.00;
bot finance méxico s.a de c.v sofom e.n.r;;0;;0.00;
bot finance méxico s.a de c.v sofom e.n.r es real;;0;;0.00;
bot finance méxico sa de cv sofom enr;;0;;0.00;
bp financiera s.a.p.i de cv sofom e.n.r;;0;;0.00;
bp financiera sapi de cv sofom enr;;0;;0.00;
bpf finance mexico sa de cv sofom enr;;0;;0.00;
bpf finance méxico sa de cv sofom enr;;0;;0.00;
bpoptima sa de cv sofom;;0;;0.00;
brada hipotecaria sa de cv sofom enr;;0;;0.00;
brada sofom morelia;;0;;0.00;
braskem méxico proyectos sa de cv sofom enr;;0;;0.00;
bre debt mexico ii s.a de c.v sofom e.n.r;;0;;0.00;
britagu group s.a.p.i de c.v sofom e.n.r;;0;;0.00;
britagu group sapi de cv sofom;;0;;0.00;
broker credito sofom;;0;;0.00;
broker sofom;;0;;0.00;
broxel mexico s a de cv sofom enr;;0;;0.00;
broxel sofome;;0;;0.00;
btm servicios sofom;;0;;0.00;
buen apoyo para nuestro negocio sa de cv sofom e.n.r;;0;;0.00;
bullklear financial services s.a de c.v sofom e.n.r;;0;;0.00;
bur come in sofom;;0;;0.00;
buro de credito obtener información como sofom;;0;;0.00;
buro de credito sofomes;;0;;0.00;
buro de entidades financieras sofom;;0;;0.00;
buro de sofomes;;0;;0.00;
buscador de sofom;;0;;0.00;
buscador de sofom fovissste;;0;;0.00;
buscador de sofomes;;0;;0.00;
buscador sofomes fovisste;;0;;0.00;
buscar sofom;;0;;0.00;
buscar sofom en ciudad obregon;;0;;0.00;
business park sofom e.n.r;;0;;0.00;
business park sofom e.n.r veracruz;;0;;0.00;
busqueda de sofom;;0;;0.00;
busqueda por numero de sofom;;0;;0.00;
bussines park sofom e n r;;0;;0.00;
buyers persona de una sofom;;0;;0.00;
bx+ sofom;;0;;0.00;
búsqueda de sofom;;0;;0.00;
c capital global sa de cv sofom;;0;;0.00;
c capital global sa de cv sofom enr;;0;;0.00;
c opciones y acciones s.a.p.i de c.v sofom;;0;;0.00;
c v sofom e n clave 68033;;0;;0.00;
ca & ce asociados s.a de c.v sofom e.n.r;;0;;0.00;
cabardia sofom;;0;;0.00;
cabot capital sofom;;0;;0.00;
cabsa sofom;;0;;0.00;
cache http www.factorgfc.com contacto factor-gfc-global sofom factorgfc.com.html;;0;;0.00;
caferal s.a de c.v sofom e.n.r;;0;;0.00;
cajera impulsarte para crecer sa de cv sofom enr;;0;;0.00;
calculo de iva sobre intereses sofom;;0;;0.00;
calculo estimacion preventiva para riesgos crediticios sofom;;0;;0.00;
calculo reservas y provisiones sofom;;0;;0.00;
calendario de cumplimiento sofom;;0;;0.00;
calendario de obligaciones sofom;;0;;0.00;
calendario de una sofom ante condusef;;0;;0.00;
calendario par sofomes 21 de marzo 2019;;0;;0.00;
calendrario de cuestionarios de operatividad cnbv sofom enr;;0;;0.00;
calida patrimonial s.a de c.v sofom e.n.r;;0;;0.00;
calidad patrimonial sa de cv sofom enr;;0;;0.00;
calificacion de cartera sofom;;0;;0.00;
calificacion de sofom;;0;;0.00;
calificacion de sofom fovissste;;0;;0.00;
calificacion de sofomes;;0;;0.00;
calificacion de sofomes 2019;;0;;0.00;
calificacion de sofomes 2019 fovissste;;0;;0.00;
calificacion fovissste sofom;;0;;0.00;
calificacion sofom fovissste;;0;;0.00;
calificacion sofom fovisste;;0;;0.00;
calificacion sofom guadalajara;;0;;0.00;
calificacion sofomes fovissste;;0;;0.00;
calificacion y clasificacion de sofom en mexico 2019;;0;;0.00;
calificaciones comunes en sofom;;0;;0.00;
calificaciones de credito automotriz sofom;;0;;0.00;
calificaciones de la sofom;;0;;0.00;
calificación de cartera cnbv sofom;;0;;0.00;
calificación de cartera crediticia sofom;;0;;0.00;
calificación de cartera sofom;;0;;0.00;
calificación de cartera sofom e.n.r;;0;;0.00;
calificación de la cartera de crédito sofom er;;0;;0.00;
calificación de la cartera sofom;;0;;0.00;
calificadoras de sofom;;0;;0.00;
calle barranca 1 sofom;;0;;0.00;
calpat s.a de c.v sofom e.n.r;;0;;0.00;
cambiar a sofom;;0;;0.00;
cambiar sofom a sa de cv;;0;;0.00;
cambio de accionistas sofom enr;;0;;0.00;
cambio de denominacion social sofom;;0;;0.00;
cambio de denominacion social sofom cnbv;;0;;0.00;
cambio de denominación sofom;;0;;0.00;
cambio de dominacion de sofom a sapi;;0;;0.00;
cambio de sa a sofom;;0;;0.00;
cambio de sofom fovissste;;0;;0.00;
cambios a las disposicioens aplicables a sofomes;;0;;0.00;
cambios a las disposicioens aplicables a sofomes pld;;0;;0.00;
cambios california s.a de c.v sofom e.n.r;;0;;0.00;
cambios en la estructura juridica de una sofom;;0;;0.00;
cambios sat sofom;;0;;0.00;
campo agricola del bajio s.a de c.v sofom enr;;0;;0.00;
campo agrícola del bajío s.a de c.v sofom enr;;0;;0.00;
campo ucacsa s.a de c.v sofom e.n.r;;0;;0.00;
cancelacion de cuentas bancarias sofomes;;0;;0.00;
cancelacion de cuentas por scotiabank inverlat sa sofom 2019;;0;;0.00;
cancelacion por fallecimiento en una sofom;;0;;0.00;
cancelación registro sofom;;0;;0.00;
cansiones de sax sofom;;0;;0.00;
cap fin s.a de c.v sofom enr;;0;;0.00;
capacidad de prestamo de una sofom;;0;;0.00;
capacitacion anual pld tf sofomes;;0;;0.00;
capacitacion pld sofom;;0;;0.00;
capacitacion sofom;;0;;0.00;
capacitación anual de sofomes;;0;;0.00;
capacitación y equipamiento sofom enr;;0;;0.00;
capital & fondeo méxico s.a de c.v sofom enr atlacomu;;0;;0.00;
capital agricola s.a de c.v sofom e.n.r;;0;;0.00;
capital de las sofomers;;0;;0.00;
capital de sofom;;0;;0.00;
capital de una sofom;;0;;0.00;
capital educa sa de cv sofom;;0;;0.00;
capital educa sa de cv sofom enr;;0;;0.00;
capital el molino s.a de c.v sofom e.n.r;;0;;0.00;
capital empresarial sofom veracruz;;0;;0.00;
capital energico de méxico s.a.p.i de c.v sofom e.n.r;;0;;0.00;
capital extranjero via sofomes;;0;;0.00;
capital global s.a de c.v sofom e.n.r;;0;;0.00;
capital global sofom;;0;;0.00;
capital haus mexico sa de cv sofom enr;;0;;0.00;
capital haus méxico s.a de c.v sofom e.n.r;;0;;0.00;
capital i reserva s.a de c.v sofom e.n.r;;0;;0.00;
capital independiente empresarial y comercial s.a de c.v sofom e.n.r;;0;;0.00;
capital minimo de una sofom;;0;;0.00;
capital minimo para crear una sofom;;0;;0.00;
capital minimo para sofom;;0;;0.00;
capital minimo sofom enr;;0;;0.00;
capital para el desarrollo productivo s.a de c.v sofom e.n.r;;0;;0.00;
capital para mexicanos emprendedoras sa de cv sofom;;0;;0.00;
capital para mexicanos emprendedores s.a. de c.v. sofom e.n.r;;0;;0.00;
capital para mexicanos emprendedores sa de cv sofom enr;;0;;0.00;
capital rapido sofom;;0;;0.00;
capital rural de la laguna sa de cv sofom enr;;0;;0.00;
capital rápido s.a de c.v sofom e.n.r;;0;;0.00;
capital sapi de cv sofom;;0;;0.00;
capital sapi de cv sofom enr romana;;0;;0.00;
capital sapi de cv sofom enr tlalnepantla;;0;;0.00;
capital sapi sa de cv sofom enr;;0;;0.00;
capital social de la sofom en mexico;;0;;0.00;
capital social minimo de una sofom;;0;;0.00;
capital social minimo de una sofom enr;;0;;0.00;
capital social minimo para una sofom;;0;;0.00;
capital social minimo sofom er;;0;;0.00;
capital social sofom;;0;;0.00;
capitales del pais sofom;;0;;0.00;
capitales del sureste s.a de c.v sofom e.n.r;;0;;0.00;
capitales del sureste sa de cv sofom enr;;0;;0.00;
capitales del sureste sofom enr;;0;;0.00;
capitalica sofom;;0;;0.00;
capitalizacion delgada sofom;;0;;0.00;
capitalizar una sofom enr;;0;;0.00;
captacion ahorro sofomes;;0;;0.00;
captacion de efectivo sofom;;0;;0.00;
captacion de recursos sofom;;0;;0.00;
captacion de recursos sofom enr;;0;;0.00;
captacion sofomes;;0;;0.00;
capítulo iv de las sofom sección i;;0;;0.00;
car truck méxico s.a de c.v sofom e.n.r;;0;;0.00;
caracteristicas de la sofom;;0;;0.00;
caracteristicas de las sofom;;0;;0.00;
caracteristicas de las sofomes;;0;;0.00;
caracteristicas de personeria en las sofomes;;0;;0.00;
caracteristicas de sofomes;;0;;0.00;
caracteristicas de una sofom enr;;0;;0.00;
caracteristicas de una sofom regulada;;0;;0.00;
caracteristicas de una sofome;;0;;0.00;
caracteristicas sofom;;0;;0.00;
caracteristicas sofomes;;0;;0.00;
características de las sofom;;0;;0.00;
características sofomes;;0;;0.00;
caractwizticas de las sofom;;0;;0.00;
caratula sofom enr;;0;;0.00;
caratula sofom nr;;0;;0.00;
caravican de méxico s.a de c.v sofom e.n.r;;0;;0.00;
carbac synergy group s.a.p.i de c.v sofom e.n.r;;0;;0.00;
carbadia sa de cv sofom enr;;0;;0.00;
cargill soluciones empresariales s.a de c.v sofom e.n.r;;0;;0.00;
carlos alfaro sofom;;0;;0.00;
carlos cervera sofom y sofipo;;0;;0.00;
carlos miguel ángel castro sánchez sofom;;0;;0.00;
caroti s.a de c.v sofom e.n.r;;0;;0.00;
carta finiquito de sofom;;0;;0.00;
carta finiquito de unidad sofom;;0;;0.00;
cartera de sofomes;;0;;0.00;
cartera en riesgo sofom;;0;;0.00;
cartera sofom;;0;;0.00;
carño y asoc servicios integrales s.a de c.v sofom e.n.r;;0;;0.00;
casa mexicana financiera sofom;;0;;0.00;
casa san expedito s.a de c.v sofom e.n.r;;0;;0.00;
casas consentidas javer s.a de c.v sofom e.n.r;;0;;0.00;
casfim sofom;;0;;0.00;
cash apoyo efectivo sofom;;0;;0.00;
cash cash sa de cv sofomer;;0;;0.00;
casia factoraje s.a de c.v sofom e.n.r;;0;;0.00;
casita hogar sofom;;0;;0.00;
caso de fraude sofom;;0;;0.00;
casos de solugob sapi cv sofom enr y conducef;;0;;0.00;
casos sofom;;0;;0.00;
casos sofom acreedores;;0;;0.00;
casos sofom quiebra;;0;;0.00;
cat credito personal sofom;;0;;0.00;
cat para sofom 2014;;0;;0.00;
cat sofomes condusef;;0;;0.00;
catalago de cuentas de una sofom;;0;;0.00;
catalogo actividades sofom;;0;;0.00;
catalogo de cuentas contables de una sofom;;0;;0.00;
catalogo de cuentas contables sofom enr;;0;;0.00;
catalogo de cuentas de una sofom enr;;0;;0.00;
catalogo de cuentas empresa sofom;;0;;0.00;
catalogo de cuentas para sofom enr;;0;;0.00;
catalogo de cuentas para una sofom;;0;;0.00;
catalogo de cuentas sofom enr;;0;;0.00;
catalogo de productos y servicios sofom enr condusef;;0;;0.00;
catalogo de sofomes;;0;;0.00;
catalogo de sofomes en mexico 2018;;0;;0.00;
catalogo minimo sofom;;0;;0.00;
catalogo minimo sofom enr;;0;;0.00;
caterpilar credito sa de cv sofom enr;;0;;0.00;
caterpillar credito sa de cv sofom enr rfc;;0;;0.00;
caterpillar credito sa de cv sofom er;;0;;0.00;
caterpillar crédito s.a de c.v sofom e.n.r rfc;;0;;0.00;
caterpillar crédito s.a de c.v sofom e.r;;0;;0.00;
caterpillar mexico sofom s.a de c.v;;0;;0.00;
caterpillar sofom;;0;;0.00;
catálogo de cuentas contables de una sofom;;0;;0.00;
causa iva la sofom enr y er;;0;;0.00;
cave de registro sofom 690608;;0;;0.00;
cck s.a de c v sofom e.n.r;;0;;0.00;
cck sofom que es;;0;;0.00;
cda sofom;;0;;0.00;
cege capital s.a de c.v sofom e.n.r;;0;;0.00;
cege capital s.a.p.i de c.v sofom enr contigo hermosillo sonora;;0;;0.00;
cege capital sapi de c.v sofom e.n.r contigo;;0;;0.00;
cege capital sapi de cv sofom;;0;;0.00;
cei cor capital s.a de c.v sofom e.n.r;;0;;0.00;
cei core capital s.a de c.v sofom e.n.r;;0;;0.00;
ceiba maritima sapi de cv sofom enr organización principal;;0;;0.00;
ceiba marítima s.a.p.i de c.v sofom e.n.r;;0;;0.00;
cell software sofom;;0;;0.00;
censa sofom;;0;;0.00;
centerfin s.a de c.v sofom e.n.r;;0;;0.00;
central financiera sa de cv sofom enr;;0;;0.00;
centro de negocios urbiplan s.a de c.v sofom e.n.r;;0;;0.00;
centro financiero lagunero s.a de c.v sofom e.n.r;;0;;0.00;
centro s.a de c.v sofom e.n.r;;0;;0.00;
century professional assistance s.a de c.v sofom e.n.r;;0;;0.00;
cepadem sofom;;0;;0.00;
certificacion fintech para sofomes;;0;;0.00;
certificacion oficial de cumplimiento sofom enr;;0;;0.00;
certificacion oficial de cumplimiento sofom enr 2019;;0;;0.00;
certificacion sec para sofomes;;0;;0.00;
certificacion sofom;;0;;0.00;
certificacion sofom fintech;;0;;0.00;
certificaciones sofom enr;;0;;0.00;
certificación contralor normativo cnbv sofom;;0;;0.00;
certificado sofom enr;;0;;0.00;
certificados de la amib derivados sofom;;0;;0.00;
certififccacion fintech para sofomes;;0;;0.00;
cetelem sa de cv sofom enr;;0;;0.00;
cetelem sa de cv sofomer;;0;;0.00;
cetelem sofom enr;;0;;0.00;
ceylis s.a.p.i de c.v sofom e.n.r;;0;;0.00;
cf credit sa de cv sofom er;;0;;0.00;
cf credit services s.a de cv sofomer;;0;;0.00;
cf credit services sa de cv sofom;;0;;0.00;
cf credit services sa de cv sofom enr;;0;;0.00;
cf credit services sa de cv sofom er correo;;0;;0.00;
cf credit services sa de cv sofom er gru;;0;;0.00;
cf credit services sa de cv sofom er rfc;;0;;0.00;
cf credit sofom;;0;;0.00;
cf credit sofom inbursa;;0;;0.00;
cfcredit index sofom;;0;;0.00;
cfdi sofom;;0;;0.00;
cfranco s.a de c.v sofom e.n.r;;0;;0.00;
ch capital sofom;;0;;0.00;
change to sofom enr;;0;;0.00;
change to sofome enr;;0;;0.00;
checar el estatus de una sofom ante la cnbv;;0;;0.00;
checar sofom;;0;;0.00;
chihuahua pago casa sofom;;0;;0.00;
chomex tenedora s.a de c.v sofom e.n.r;;0;;0.00;
chumacero capital sapi de cv sofom enr;;0;;0.00;
cib sofom;;0;;0.00;
cibel fin s.a de c.v sofom e.n.r;;0;;0.00;
cie-cashahora sa de cv sofom enr;;0;;0.00;
cierre de sofom;;0;;0.00;
cinco dos sa de cv sofom enr rioverde;;0;;0.00;
cinercap s.a de c.v sofom e.n.r;;0;;0.00;
cintercap sa de cv sofom enr;;0;;0.00;
cipres para que sirven en sofom;;0;;0.00;
cipres sofom;;0;;0.00;
circular unica aplicable a sofomes;;0;;0.00;
circular unica bancaria sofomes;;0;;0.00;
circular unica sofom enr;;0;;0.00;
citibanamex sofom;;0;;0.00;
city home del centro sa de cv sofom en teziutlan;;0;;0.00;
city home del centro sa de cv sofom enr guanajuato;;0;;0.00;
city home del centro sofom aguascalientes;;0;;0.00;
city home del centro telefonos sofom;;0;;0.00;
city home sofom;;0;;0.00;
claro credito s.a de c.v sofom e.n.r;;0;;0.00;
clasificacion de cartera creditisia sofom;;0;;0.00;
clasificacion de la sofomes;;0;;0.00;
clasificacion de sofom en mexico;;0;;0.00;
clasificacion de sofomes;;0;;0.00;
clasificar alto medio bajo las actividades banxico sofom;;0;;0.00;
clasificar catalogo actividades banxico sofom;;0;;0.00;
clausuala sofom cnbv ley general auxiliares;;0;;0.00;
clave casfim sofom enr;;0;;0.00;
clave de acceso a la sofom;;0;;0.00;
clave para asesoria de obligaciones sofomes;;0;;0.00;
clave producto o servicio sat para facturar intereses sofom;;0;;0.00;
clave producto servicio para asesoria de obligaciones sofomes;;0;;0.00;
clave siti sofom;;0;;0.00;
click seguridad juridica s.a.p.i de c.v sofom e.n.r;;0;;0.00;
click seguridad jurídica s.a.p.i de c.v sofom e.n.r;;0;;0.00;
click seguridad jurídica sofom enr;;0;;0.00;
click seguridad jurídica sofom enr df;;0;;0.00;
click seguridad jurídica sofom enr ubicacion;;0;;0.00;
cliente solidario sofom;;0;;0.00;
clientes de sofomes;;0;;0.00;
cnbv capital minimo sofomes;;0;;0.00;
cnbv disposiciones sofom;;0;;0.00;
cnbv manual pld ejemplificativo sofom enr;;0;;0.00;
cnbv normatividad sofom;;0;;0.00;
cnbv pld sofom;;0;;0.00;
cnbv semaforo sofom;;0;;0.00;
cnbv sley sofom;;0;;0.00;
cnbv sofom azcamex;;0;;0.00;
cnbv sofom enr tasa de interes;;0;;0.00;
cnbv sofom enr tasa de interes 2019;;0;;0.00;
cnbv sofom reservas;;0;;0.00;
cnbv sofomes 2018 reporte anual;;0;;0.00;
cnbv sofomes enr;;0;;0.00;
cnbv tasas de interes sofom 2019;;0;;0.00;
cnh capital sofom;;0;;0.00;
cnh capital sofom queretaro;;0;;0.00;
cnh capital sofom sofom quere queretaro;;0;;0.00;
cnh servicios comerciales sa de cv sofom;;0;;0.00;
cnh servicios comerciales sa de cv sofom enr;;0;;0.00;
cnh servicios corporativos s a de c v sofom;;0;;0.00;
cnh servicios corporativos s.a de c.v sofom enr;;0;;0.00;
cnvb multo a sofom 2017;;0;;0.00;
cnvn sofom;;0;;0.00;
coberturas cambiariaa para sofom;;0;;0.00;
cobranza nr finance mexico sa de cv sofom;;0;;0.00;
cobro hxti sofom;;0;;0.00;
cobro iva sofomes;;0;;0.00;
cobro sofomes;;0;;0.00;
codigo de etica y conducta de la sofom;;0;;0.00;
codigo de etica y conducta de una sofom;;0;;0.00;
col centee facicasa sofom;;0;;0.00;
colima impulsa s.a de c.v sofom e.n.r;;0;;0.00;
comaprativo sofomes;;0;;0.00;
combinar una sapi y sofom;;0;;0.00;
comentario de sofom en forbes;;0;;0.00;
comentarios acerca de confia en equipo s.a.p.i sofom e.n.r;;0;;0.00;
comentarios de fina sofom;;0;;0.00;
comercial comernova sa de cv sofom enr;;0;;0.00;
comercial roi de mexico s.a de c.v sofom e.n.r;;0;;0.00;
comercializadora de autos y camiones gemi s.a de c.v sofom;;0;;0.00;
comercializadora de productos financieros s.a de c.v sofom e.n.r;;0;;0.00;
comercializadora en agronegocios s.a de c.v sofom e.n.r;;0;;0.00;
comercializadora y servicios bexica s.a de c.v sofom e.n.r;;0;;0.00;
comercios afiliados sa de cv sofom er;;0;;0.00;
comision maxima que puede cobrar una sofom;;0;;0.00;
comite de auditoria para sofoms;;0;;0.00;
comite de comunicacion y control sofom enr;;0;;0.00;
comite de credito sofom;;0;;0.00;
comité de comunicación y control sofom;;0;;0.00;
comité de comunicación y control sofom enr;;0;;0.00;
comité de control en una sofom oficial de cumplimiento;;0;;0.00;
comité de crédito sofom;;0;;0.00;
como actuan las sofomes en mexico fira;;0;;0.00;
como administrar un sofom;;0;;0.00;
como adquiero un crédito con una sofom o sofol;;0;;0.00;
como adquirir una sofom;;0;;0.00;
como avaluar una sofom;;0;;0.00;
como averiguo si una financiera edta regulada ante la sofom;;0;;0.00;
como buscar una financiera por medio del sofom;;0;;0.00;
como buscar una sofom en el reca;;0;;0.00;
como buscar una sofom en el reco;;0;;0.00;
como cambio mi sofom;;0;;0.00;
como cancelar un contrato de una sofom enr;;0;;0.00;
como checar uana sofom en la condusef;;0;;0.00;
como conocer la veracidad de una sofom;;0;;0.00;
como consnstituir una sofom;;0;;0.00;
como constituir una sofom 2014;;0;;0.00;
como constituir una sofom 2017;;0;;0.00;
como constituir una sofom 2019;;0;;0.00;
como constituir una sofom para intermediario fovissste;;0;;0.00;
como contabilizar una sofom;;0;;0.00;
como contratar un sofom;;0;;0.00;
como contratar un sofom condusef;;0;;0.00;
como crear una sofom enr;;0;;0.00;
como crear una sofom er;;0;;0.00;
como crear una sofom para casas fovissste+;;0;;0.00;
como crearuna sofom;;0;;0.00;
como creo una sofom;;0;;0.00;
como dar de alta una sofom;;0;;0.00;
como dat de alta una sofom;;0;;0.00;
como demandar a fina sofom;;0;;0.00;
como demando una sofom;;0;;0.00;
como determinar que un cliente de de alto riesgo sofom;;0;;0.00;
como elaborar una sofom;;0;;0.00;
como elegir sofom;;0;;0.00;
como elegir una sofom;;0;;0.00;
como entra en operaciones una sofom;;0;;0.00;
como es conocida crece safsa sa de cv sofom enr;;0;;0.00;
como es sapi sofom;;0;;0.00;
como esta constituida una sofom;;0;;0.00;
como esta instituida una sofom;;0;;0.00;
como financiar un negocio con una sofom;;0;;0.00;
como formar una sofom;;0;;0.00;
como formar una sofom inmobiliaria;;0;;0.00;
como funciona el sistema rap en una sofom;;0;;0.00;
como funciona el sofom;;0;;0.00;
como funciona la sofom;;0;;0.00;
como funciona sofom;;0;;0.00;
como funciona una sofom enr;;0;;0.00;
como funciona una sofom lgsm;;0;;0.00;
como funciona una sofom no regulada;;0;;0.00;
como funcionan la sofom;;0;;0.00;
como funcionan las sofoles y sofomes;;0;;0.00;
como funcionan las sofom;;0;;0.00;
como funcionan las sofom en mexico;;0;;0.00;
como funcionan las sofomes;;0;;0.00;
como funcionan las sofomes en mexico;;0;;0.00;
como funcionan los creditos de sofom para vivienda;;0;;0.00;
como fundar una sofom;;0;;0.00;
como hacer franquicia una sofom;;0;;0.00;
como hacer franquisia una sofom;;0;;0.00;
como hacer una sofome;;0;;0.00;
como hacerse sofom;;0;;0.00;
como impacta la economia a las sofomes;;0;;0.00;
como impacta la economia alas sofomes;;0;;0.00;
como iniciar una sofom;;0;;0.00;
como inicio una sofom;;0;;0.00;
como integrar una sofom de gramen carson en el estadoo;;0;;0.00;
como inverir en una sofom;;0;;0.00;
como labora una sofome;;0;;0.00;
como llegar 4finance s.a de c.v sofom e.n.r;;0;;0.00;
como llenar el cuestionario de operatividad para sofom;;0;;0.00;
como manejar la publicidad de sofom;;0;;0.00;
como manejar marca de sofom;;0;;0.00;
como mantener la salud de una sofom;;0;;0.00;
como obener el rfc de una sofom;;0;;0.00;
como obtener un credito sofom;;0;;0.00;
como obtener una sofom;;0;;0.00;
como obtengo un credito sofom para un estudiante;;0;;0.00;
como obtengo una sofom para inscribir creditos fovissste;;0;;0.00;
como obtiene fuentes una sofom;;0;;0.00;
como opera sofomes;;0;;0.00;
como operan las sofom;;0;;0.00;
como poner una sofom;;0;;0.00;
como presentar el aviso a la cnbv para una sofom;;0;;0.00;
como puedo bajar recursos de sofom;;0;;0.00;
como puedo checar la reputacion de una sofom;;0;;0.00;
como puedo constituir una sofom;;0;;0.00;
como puedo saber si una financiera sofom no es fraudulenta;;0;;0.00;
como puedo verificar a una sofom;;0;;0.00;
como realizan las sofomes prevencion de lavado de dinero;;0;;0.00;
como realizar arrendamiento financierfo en sofomes;;0;;0.00;
como realizar una notificacion de pago para sofome;;0;;0.00;
como registrar sofom;;0;;0.00;
como registrar sofom en sipres;;0;;0.00;
como registrar una sofom en la condusef;;0;;0.00;
como revisar una sofom en condusef;;0;;0.00;
como saber cuales sofom esta regulada;;0;;0.00;
como saber el cat de una sofom del año 2014;;0;;0.00;
como saber en que sofom estoy;;0;;0.00;
como saber que sofomes hay;;0;;0.00;
como saber si mi credito fovissste esta protegido por sofom;;0;;0.00;
como saber si una sofom cumplio con el dictamen tecnico;;0;;0.00;
como saber si una sofom esta regulada;;0;;0.00;
como saver si una sofom esta registrada ante condusef;;0;;0.00;
como se abrevia una sa de cv sofome;;0;;0.00;
como se adquiere el credito de una sofome;;0;;0.00;
como se archivan los acuses de sofomes;;0;;0.00;
como se capitaliza una sofom enr;;0;;0.00;
como se constituye la sofom;;0;;0.00;
como se crea una sofom;;0;;0.00;
como se da de alta la unidad especializada sofom;;0;;0.00;
como se debe utilizar una sofom;;0;;0.00;
como se emprende una sofomen mexico;;0;;0.00;
como se estipulan las tasas en las sofomes;;0;;0.00;
como se financia una sofom;;0;;0.00;
como se hace la transmision de una sofom;;0;;0.00;
como se llama las sofom en usa;;0;;0.00;
como se lleva la contabilidad de una sofom;;0;;0.00;
como se maneja una sofom;;0;;0.00;
como se maneja una sofom en mexico;;0;;0.00;
como se realiza la solicitud de dictamen tecnico sofom;;0;;0.00;
como se si una sofom esta registrada en la conducef;;0;;0.00;
como se si una sofom esta registrada en la condusef;;0;;0.00;
como se si una sofom esta registro en la condusef;;0;;0.00;
como se.cual es mi sofom;;0;;0.00;
como ser financiado por una sofom;;0;;0.00;
como ser una sofom;;0;;0.00;
como sofom puede ser inmobiliaria;;0;;0.00;
como sofom pueso ser inmobiliaria;;0;;0.00;
como solicitar un prestamo en vfs de mexico sofom enr;;0;;0.00;
como solicitar un prestamo en vfs de mexico sofomer;;0;;0.00;
como subsiste una sofom;;0;;0.00;
como surgen los sofomes;;0;;0.00;
como tener una sofom;;0;;0.00;
como tributa una sofom;;0;;0.00;
como vender de sofom;;0;;0.00;
como vender sofom;;0;;0.00;
como vender una sofom;;0;;0.00;
como vendo activos finacieros sofomes;;0;;0.00;
como ver las sofomes y sus tasas en conducef;;0;;0.00;
como ver mi credito ante una sofom;;0;;0.00;
como verificar una sofom;;0;;0.00;
como.tributa una.sofom;;0;;0.00;
comodebe estar constituida una oficina de sofom;;0;;0.00;
comparacion de tasas de interes de sofom en conducef;;0;;0.00;
comparativa angel investor vs sofom sofoles;;0;;0.00;
comparativas de sofom por medio de condusef;;0;;0.00;
comparativo credito personal sofom condusef;;0;;0.00;
comparativo de servicios ofrecidos socap sofome;;0;;0.00;
comparativo de sofomes;;0;;0.00;
comparativo de tasas de interes credito personal sofom;;0;;0.00;
comparativo de tasas de interés sofomes;;0;;0.00;
comparativo sofom condusef;;0;;0.00;
comparativo sofom credito simple condusef;;0;;0.00;
comparativo sofom enr credito nomina 2016;;0;;0.00;
comparativo tasa anual de sofom 2019;;0;;0.00;
comparativo tasa de interes de sofom;;0;;0.00;
comparativo tasas de interes de sofom;;0;;0.00;
comparativo tasas de interes sofom 2018;;0;;0.00;
comparativo tasas de interes sofom 2019;;0;;0.00;
comparativo tasas de interes sofomes 2019;;0;;0.00;
compañia de servicios el angel sa de cv sofom enr;;0;;0.00;
compañia financiera empresarial s.a de c.v sofom e.n.r;;0;;0.00;
compañia financiera empresarial sa de cv sofom;;0;;0.00;
compañia nacional empresarial sa de cv sofom;;0;;0.00;
compentencia demanda laboral sofom;;0;;0.00;
competencia de sofomes condusef;;0;;0.00;
complemento de pago en sofom;;0;;0.00;
comportamiento fiscal de la sofomes;;0;;0.00;
compra de cartera sofomes 2014;;0;;0.00;
compra de cartera sofomes regla miscelanea 2014;;0;;0.00;
compra de cartera sofomes regla miscelanez 2018;;0;;0.00;
compra deudas de sofom;;0;;0.00;
compra sofom;;0;;0.00;
compra venta sofom;;0;;0.00;
comprar libro puesta en marcha de una sofom;;0;;0.00;
comprar puesta en marcha de una sofom;;0;;0.00;
compraventa de departamento por medio de sofom;;0;;0.00;
compromiso que da confianza sofom;;0;;0.00;
compromiso que suma valor s.a.p.i de c.v sofom e.n.r;;0;;0.00;
comunicado de cumplimiento de sofom cnbv;;0;;0.00;
comunicado de cumplimiento de sofomos cnbv;;0;;0.00;
con cuantas personas se forma una sofom;;0;;0.00;
con cuantas personas se integra una sofom;;0;;0.00;
con cuentos socios se constituye una sofom;;0;;0.00;
con que contrato se compra una sofom;;0;;0.00;
con que equipo debe contar una sofomes;;0;;0.00;
con quien conviene proteger sofol o sofom;;0;;0.00;
con ser tu amigo s.a de c.v sofom enr rfc;;0;;0.00;
con ser tu amigo sa de cv sofom enr corporation;;0;;0.00;
con su pago sa de cv sofom er;;0;;0.00;
con su pago sofom;;0;;0.00;
concepto de prestamo sofom segun el diccionario;;0;;0.00;
concepto de sofom e.r;;0;;0.00;
concredito fin util s.a de c.v sofom e.n.r;;0;;0.00;
concurso merc credito inmobiliario sofom;;0;;0.00;
concurso mercantil sofom;;0;;0.00;
condesa financiera sa de cv sofom enr;;0;;0.00;
condisef sofom;;0;;0.00;
conducef sofom nr;;0;;0.00;
conducef sofomes;;0;;0.00;
conducef tabla de sofomes;;0;;0.00;
conducef tasa de interes de sofom;;0;;0.00;
condusef al rescate de deudores de creditos via nomina sofomes;;0;;0.00;
condusef alerta por aumento de fraudes de sofomes falsas;;0;;0.00;
condusef alerta por fraude y suplantación de sofom el economista;;0;;0.00;
condusef alista reglas para sandbox en sofomes;;0;;0.00;
condusef buscar por sofom;;0;;0.00;
condusef busqueda de sofom;;0;;0.00;
condusef calificacion sofom;;0;;0.00;
condusef cancelación sofomes;;0;;0.00;
condusef capital.mexico.sapi de cv.sofom.e.n.r;;0;;0.00;
condusef cierre de cuentas de cheques sofomes;;0;;0.00;
condusef como constituir una sofom 2017;;0;;0.00;
condusef directorio sofom;;0;;0.00;
condusef estatutos sofom;;0;;0.00;
condusef fcapital.mexico.s.a.p.idec.v.sofom.e.n.r;;0;;0.00;
condusef fiananciera aguascalientes s.a de c.v sofom e.n.r;;0;;0.00;
condusef fina sofom;;0;;0.00;
condusef interes de sofomes;;0;;0.00;
condusef jalisco 2019 atencion sofom;;0;;0.00;
condusef jalisco2019 atencion sofom;;0;;0.00;
condusef lista de sofom;;0;;0.00;
condusef lista sofom;;0;;0.00;
condusef multas a sofomes donde revizar;;0;;0.00;
condusef no contratar créditos con sofomes según registro al 2015;;0;;0.00;
condusef obligaciones sofom;;0;;0.00;
condusef obligaciones sofomes;;0;;0.00;
condusef opciones y acciones s.a.p.i de c.v sofom e.n.r;;0;;0.00;
condusef participacion sofomes;;0;;0.00;
condusef publicidad sofom;;0;;0.00;
condusef recuperacion total sa de cv sofom enr;;0;;0.00;
condusef registro sofomes;;0;;0.00;
condusef regula a sofom prestamos seguros;;0;;0.00;
condusef reprueba a sofomes en credito automotriz y simple;;0;;0.00;
condusef sa de cv sofom enr;;0;;0.00;
condusef sofom enr transparencia;;0;;0.00;
condusef sofom er;;0;;0.00;
condusef sofom financieras;;0;;0.00;
condusef sofom lime;;0;;0.00;
condusef sofom nueva;;0;;0.00;
condusef sofom registradas;;0;;0.00;
condusef sofom sipres;;0;;0.00;
condusef sofomes en tramite;;0;;0.00;
condusef solucion eficaz de credito s.a de c.v sofom e.n.r;;0;;0.00;
condusef status de operaciones de las sofomes;;0;;0.00;
condusef tasas de interes en sofomes 2019;;0;;0.00;
condusef y las sofomes;;0;;0.00;
condusef.tramitesyservicios.redeco.sofom.enr;;0;;0.00;
condusef.trámites y servicios.redeco.sofom.enr;;0;;0.00;
confederacion nacional agronomica sofom;;0;;0.00;
confia en equipo de sapi de cv sofom enr;;0;;0.00;
confia en equipo s.a de c.v sofom e.n.r;;0;;0.00;
confia en equipo s.a.p.i de c.v sofom e.n.r es confiable;;0;;0.00;
confia en equipo s.a.p.i s.a de c.v sofom e.n.r;;0;;0.00;
confia en equipo sa de cv sapi sofom;;0;;0.00;
confia en equipo sapi de cv sofom;;0;;0.00;
confia en equipo sapi sofom;;0;;0.00;
confia en equipo sapi sofom enr;;0;;0.00;
confia en equipo sofom;;0;;0.00;
confia opciones sofom;;0;;0.00;
confia opciones y acciones sa de cv sapi sofom;;0;;0.00;
confia opciones y acciones sapi de cv sofom;;0;;0.00;
confia opciones y acciones sapi de cv sofom enr condusef;;0;;0.00;
confia opciones y acciones sapi de cv sofom enr opiniones;;0;;0.00;
confia sapi sofom;;0;;0.00;
confiabilidad de sofom confia en equipo;;0;;0.00;
confiamed s.a de c.v sofom enr porfirio diaz s n;;0;;0.00;
confiameg s.a de c.v sofom enr porfirio diaz s n;;0;;0.00;
confiamigo s.a.p.i de c.v sofom e.n.r;;0;;0.00;
confiamigo sa de cv sofom enr;;0;;0.00;
confiamigo sapi de cv sofom enr;;0;;0.00;
confianza economica sa de cv sofom enr;;0;;0.00;
confianza económica s.a de c.v sofom e.n.r;;0;;0.00;
confianza económica sa de cv sofom enr;;0;;0.00;
confianza presto s.a de c.v sofom e.n.r corporativo;;0;;0.00;
confianza presto s.a. de c.v. sofom e.n.r;;0;;0.00;
confianza presto sa de cv sofom enr;;0;;0.00;
confianza sofom;;0;;0.00;
confie sofom;;0;;0.00;
confie sofom telefono;;0;;0.00;
conflicto de interés en sofomes;;0;;0.00;
conflictos entre la empresa sofom enr y sus trabajadores;;0;;0.00;
conformacion sofom condusef;;0;;0.00;
confusef sofom registro;;0;;0.00;
confía en equipo sapi de cv sofom enr;;0;;0.00;
confía en equipo sapi de cv sofom enr es confiable;;0;;0.00;
confía en equipo sapi sofom;;0;;0.00;
confía en equipo sapi sofom condusef;;0;;0.00;
confía opciones y acciones s.a.p.i de c.v sofom;;0;;0.00;
confía opciones y acciones s.a.p.i de c.v sofom e.n.r;;0;;0.00;
confía opciones y acciones s.a.p.i de c.v sofom e.n.r comentarios;;0;;0.00;
confía opciones y acciones s.a.p.i de c.v sofom e.n.r opiniones;;0;;0.00;
confía opciones y acciones s.a.p.i. de c.v. sofom e.n.r.;;0;;0.00;
confía opciones y acciones sapi de cv sofom enr;;0;;0.00;
confía sofom telefono;;0;;0.00;
conlana capital sapi de cv sofom enr;;0;;0.00;
conparativa de sofomes;;0;;0.00;
consecuencias de crear una sofom;;0;;0.00;
consecuencias de crear una sofom ilegal;;0;;0.00;
consede sofom;;0;;0.00;
consejo de administracion de una sofom;;0;;0.00;
consejos antes de contratar una sofom;;0;;0.00;
conserva sofom tch00000000001055189 con colateral pagos fijos individual;;0;;0.00;
consider sofom;;0;;0.00;
consideraciones fiscales sofom;;0;;0.00;
consigue ganga s.a de c.v sofom e.n.r;;0;;0.00;
consigue tus metas s.a.p.i de sofom e.n.r altamira tamaulipas;;0;;0.00;
consol negocios s.a de c.v sofom enk;;0;;0.00;
consol negocios sa de cv sofom;;0;;0.00;
consol negocios sa de cv sofom enr salarios;;0;;0.00;
consol negocios sofom enr;;0;;0.00;
consol negocios sofom enr lagos de moreno;;0;;0.00;
consorcio megafin sa de cv sofom;;0;;0.00;
consorcio megafin sa de cv sofom enr;;0;;0.00;
constitucion de sofom enr;;0;;0.00;
constitucion de una sofom enr;;0;;0.00;
constitucion legal financiera fortaleza sofom;;0;;0.00;
constitución de una sofom;;0;;0.00;
constitución de una sofom enr;;0;;0.00;
constitución de una sofome;;0;;0.00;
constituir sofom enr pdf site shcp.gob.mx;;0;;0.00;
constituir sofom para fovissste;;0;;0.00;
constituir sofom sapi;;0;;0.00;
constituir uba sofom enr;;0;;0.00;
constituir una sofom enr;;0;;0.00;
constitutiva sofom enr;;0;;0.00;
constructora floza y sofom facicasa;;0;;0.00;
construyendo futuros patrimoniales s.a de c.v sofom enr;;0;;0.00;
consubanco sofom;;0;;0.00;
consufim servicios sa de cv sofom enr;;0;;0.00;
consufin servicios s.a de c.v sofom e.n.r;;0;;0.00;
consufin servicios sa de cv sofom;;0;;0.00;
consulta d ela cartera vigente sofomes;;0;;0.00;
consulta de calificacionde sofom fovissste;;0;;0.00;
consulta de credito fovissste en sofom;;0;;0.00;
consulta de pago a sofom;;0;;0.00;
consulta de sofom;;0;;0.00;
consulta de sofom fovissste;;0;;0.00;
consulta de sofom fovisste;;0;;0.00;
consulta de sofom sociedad financiera de objeto multiple;;0;;0.00;
consulta de tablero de control sofom;;0;;0.00;
consulta pagos romer mexico sa de cv.sofom enr;;0;;0.00;
consulta saldos sofom;;0;;0.00;
consultar nomina sofom;;0;;0.00;
consultas de avisis de sofom para clientes morosos;;0;;0.00;
consultora integral de agronegocios s.a de c.v sofom.enr;;0;;0.00;
consultora integral de agronegocios s.a de c.v sofom.enr mermida;;0;;0.00;
consultora integral de agronegocios sofom enr;;0;;0.00;
consultoras para generacion de sofoms;;0;;0.00;
consultores de servicios varios s.a de c.v sofom e.n.r conserva;;0;;0.00;
consultores de sofom;;0;;0.00;
consultores en sofomes sa de cv;;0;;0.00;
consultores para sofom;;0;;0.00;
consultores para sofom queretaro;;0;;0.00;
consultoria biscapital sa de cv sofom enr;;0;;0.00;
consultoría familiar helo s.a de c.v sofom e.n.r;;0;;0.00;
consultoría para sofom queretaro;;0;;0.00;
consultoyia para sofom queretaro;;0;;0.00;
consumer & business loan s.a de c.v sofom enr 4;;0;;0.00;
consumer & business loan sa de cv sofom enr;;0;;0.00;
consumer sofom;;0;;0.00;
consupago s.a de c.v sofom e.r 55;;0;;0.00;
consupago s.a de c.v sofom e.r atlacomulco;;0;;0.00;
consupago s.a de c.v sofom e.r telefono;;0;;0.00;
consupago sa cv sofom;;0;;0.00;
consupago sa de c.v sofom enr;;0;;0.00;
consupago sa de c.v sofom enr expedientes;;0;;0.00;
consupago sa de cv sofom er hoja de no adeudo;;0;;0.00;
consupagos.a de c.v sofom enr;;0;;0.00;
contabilidad bancaria aplicada a las sofom's;;0;;0.00;
contabilidad de empresa sofom enr 2019;;0;;0.00;
contabilidad de sofom nor;;0;;0.00;
contabilidad de una empresa sofom;;0;;0.00;
contabilidad de una sofom enr;;0;;0.00;
contabilidad de una sofom no regulada;;0;;0.00;
contabilidad electronica sofom;;0;;0.00;
contabilidad empresa sofom;;0;;0.00;
contabilidad impuestos sofomes;;0;;0.00;
contabilidad para empresa sofom enr 2019;;0;;0.00;
contabilidad para sofomes enr;;0;;0.00;
contabilidad para una sofom;;0;;0.00;
contabilidad para una sofom enr;;0;;0.00;
contabilidad sofom no regulada;;0;;0.00;
contacto aspire sapi de cv sofom enr;;0;;0.00;
contacto empresa pa pronto sa de cv sofom enr;;0;;0.00;
contacto sofom inbursa;;0;;0.00;
contador sofom;;0;;0.00;
contenido paginas de internet sofom;;0;;0.00;
contigo avanza méxico sa de cv sofom enr;;0;;0.00;
contigo sofom los mochis;;0;;0.00;
continental funding mexico sa de cv sofom enr;;0;;0.00;
contratar sofom;;0;;0.00;
contrato adhesivo sofom;;0;;0.00;
contrato apertura de credito sofom;;0;;0.00;
contrato compra venta sofom;;0;;0.00;
contrato credito simple sofom;;0;;0.00;
contrato credito simple sofom enr;;0;;0.00;
contrato de adesion sofom enr con resumen de preceptos;;0;;0.00;
contrato de adhesion credito simple sofom enr;;0;;0.00;
contrato de adhesion sofom enr con preceptos resumidos;;0;;0.00;
contrato de adhesión mae del golfo sofom;;0;;0.00;
contrato de apertura de credito simple con garantia hipotecaria sofom;;0;;0.00;
contrato de apertura de credito simple sofom;;0;;0.00;
contrato de asesoria para la obtencion de una sofom;;0;;0.00;
contrato de compravena de una sofom;;0;;0.00;
contrato de compraventa de sofom;;0;;0.00;
contrato de compraventa de una sofom;;0;;0.00;
contrato de compraventa para sofom con saldo a favor;;0;;0.00;
contrato de credito de una sofom;;0;;0.00;
contrato de credito simple sofom;;0;;0.00;
contrato de inversion emitido por sofom;;0;;0.00;
contrato de prestacion de servicios para una sofom;;0;;0.00;
contrato de promesa de compraventa de una sofom;;0;;0.00;
contrato de promesa de compraventa para vender una sofom;;0;;0.00;
contrato de sofom arrendamiento puro;;0;;0.00;
contrato empelo sofom;;0;;0.00;
contrato grupo impulsor progresa tp s.a de c.v sofom enr;;0;;0.00;
contrato prestamo sofom enr;;0;;0.00;
contrato que utilizan las sofom;;0;;0.00;
contrato sofom;;0;;0.00;
contratos de adhesion sofom;;0;;0.00;
contratos de sofom;;0;;0.00;
contratos de sofomes;;0;;0.00;
contratos de sofoms;;0;;0.00;
contratos engañosos de sofomes;;0;;0.00;
contrl pff de sofome;;0;;0.00;
contrl pff de sofome sapi de cv;;0;;0.00;
control de cartera de clientes sofom;;0;;0.00;
control de cartera sofom;;0;;0.00;
control de carteras especializadas sofom;;0;;0.00;
control de documentos sofom;;0;;0.00;
control de gastos administrativos cooperativa sofom;;0;;0.00;
control de gastos administrativos sofom;;0;;0.00;
convención sofomes;;0;;0.00;
convengamos todos sa de cv sofom enr jesus;;0;;0.00;
convengamos todos sa de cv sofom enr trabajadores;;0;;0.00;
convengamos todos sofom;;0;;0.00;
convenio profeco sana tus finanzas s.a de cv sofom;;0;;0.00;
convenios con sofom;;0;;0.00;
convive financiera.s.a de c.v sofom enr;;0;;0.00;
convocatorio auditor interno sofom enr;;0;;0.00;
cooperativas sofome sofipo;;0;;0.00;
copromu s.a de c.v sofom e.n.r;;0;;0.00;
copromu s.a de c.v sofom e.n.r intermercado;;0;;0.00;
copromu sa de cv sofom;;0;;0.00;
copromul s.a de c.v sofom e.n.r;;0;;0.00;
corpocred sa de cv sofom enr;;0;;0.00;
corpofin sofom;;0;;0.00;
corporacion financiera america del norte sofome;;0;;0.00;
corporacion financiera atlas s.a de c.v sofom e;;0;;0.00;
corporacion financiera atlas sa de cv sofom;;0;;0.00;
corporacion financiera de arrendamiento sa de cv sofom enr;;0;;0.00;
corporacion uled sofom enr;;0;;0.00;
corporación financiera atlas sa de cv sofom er rfc;;0;;0.00;
corporación financiera de arrendamiento s.a de c.v sofom e.n.r;;0;;0.00;
corporación financiera de occidente sa de cv sofom enr;;0;;0.00;
corporación financiera de occidente sofom enr;;0;;0.00;
corporación nomi fin s.a de c.v sofom e.n.r;;0;;0.00;
corporación pacto s.a de c.v sofom e.n.r;;0;;0.00;
corporation dinero practico sa de cv sofom enr;;0;;0.00;
corporativo alfil sofom e.r;;0;;0.00;
corporativo confianza y beneficio sa de cv sofom enr;;0;;0.00;
corporativo de fomento fj s.a.p.i de c.v sofom e.n.r;;0;;0.00;
corporativo de prestamos fyr sa de cv sofom enr;;0;;0.00;
corporativo de sofomes;;0;;0.00;
corporativo financiero cr&a s.a. de c.v. sofom e.n.r;;0;;0.00;
corporativo financiero mexico sofom;;0;;0.00;
corporativo financiero vimifos sa de cv sofom enr;;0;;0.00;
corporativo laudex s.a.p.i de c.v sofom enr condusef;;0;;0.00;
corporativo préstamos expeditos sa de cv sofom enr;;0;;0.00;
corporativo vida sa de cv sofom enr;;0;;0.00;
corporativo vimifos s.a de c.v sofom e.n.r;;0;;0.00;
correo de tarjetas banamex sa de cv sofom er;;0;;0.00;
corresponsales bancarios y sofomes enr;;0;;0.00;
costo anual total 2015 sofom;;0;;0.00;
costo anual total 2015 sofome;;0;;0.00;
costo credito sofom agricola;;0;;0.00;
costo de software para sofom;;0;;0.00;
costo del financiamiento de una sofom;;0;;0.00;
costos bancarios de una sofomes;;0;;0.00;
costos de contratos de sofom;;0;;0.00;
costos de contratosde sofom;;0;;0.00;
costos de iniciar sofom;;0;;0.00;
costos de serguro de vida para sofom;;0;;0.00;
costos legales de una sofom enr;;0;;0.00;
cr hinv sa de cv sofom enr;;0;;0.00;
crack microsoft office 2016 sofomic;;0;;0.00;
cratera sofom;;0;;0.00;
crcmx s.a de c.v sofom e.n.r;;0;;0.00;
crcmx sa de cv sofom enr;;0;;0.00;
cre-ser sofom;;0;;0.00;
crea bienestar sa de cv sofom enr;;0;;0.00;
crea bienestar sa de cv sofom referencias;;0;;0.00;
crea bienestar sofom enr;;0;;0.00;
crea mas sofom chihuahua;;0;;0.00;
crea oportunidades de negocio sa de cv sofom enr 2456;;0;;0.00;
creacion de sofom;;0;;0.00;
creacion de una sofom;;0;;0.00;
creacion de una sofom enr;;0;;0.00;
creacion de una sofom enr paso a paso;;0;;0.00;
creacion de una sofom ipaa;;0;;0.00;
creacion de una sofom llave en mano ipaa;;0;;0.00;
creamas sofom;;0;;0.00;
crear sofom;;0;;0.00;
crear una sofom en mexico;;0;;0.00;
creasur sofom;;0;;0.00;
creavanza sofom;;0;;0.00;
crece con nosotros s.a de c.v sofom e.n.r conducef;;0;;0.00;
crece con nosotros s.a de c.v sofom e.n.r condusef;;0;;0.00;
crece con nosotros sa de cv sofom;;0;;0.00;
crece con nosotros sa de cv sofom en comentarios;;0;;0.00;
crece con nosotros sa de cv sofom enr;;0;;0.00;
crece con nosotros sa de cv sofom enr comentarios;;0;;0.00;
crece con nosotros sa de cv sofom enr es confiable;;0;;0.00;
crece con nosotros sofom;;0;;0.00;
crece con nosotros sofom mexico;;0;;0.00;
crece mas mexico sofom;;0;;0.00;
crece mas mexico sofom enr;;0;;0.00;
crece mas méxico sofom enr;;0;;0.00;
crece mexico sofom;;0;;0.00;
crece más méxico sa de cv sofom enr;;0;;0.00;
crece sa de cv sofom enr;;0;;0.00;
crece sofom ciudad de méxico;;0;;0.00;
crece sofom condusef;;0;;0.00;
crece sofom sa de cv;;0;;0.00;
crece vida y negocio s.a de c.v sofom e.n.r;;0;;0.00;
crece vida y negocio sa de cv sofom enr;;0;;0.00;
crece vida y negocios sapi de cv sofom enr;;0;;0.00;
crece y alcanza más s.a de c.v sofom e.n.r;;0;;0.00;
crecer firme sa de cv sofom enr direccion;;0;;0.00;
crecer sa de cv sofom enr;;0;;0.00;
crecer solución inmediata s.a de c.v sofom e.n.r;;0;;0.00;
crecer solución inmediata s.a.p.i de c.v sofom e.n.r;;0;;0.00;
creciendo contigo s.a de c.v sofom e.n.r;;0;;0.00;
crecimiento de las sofomes en mexico;;0;;0.00;
crecimiento de las sofomes en mexico graficas;;0;;0.00;
crecimiento en conjunto para empresas sa de cv sofom enr;;0;;0.00;
crecimiento pyme sapi de cv sofom enr;;0;;0.00;
crecimiento sa de cv sofom;;0;;0.00;
crecimiento sa de cv sofom enr;;0;;0.00;
credence sofom;;0;;0.00;
credenz sofom;;0;;0.00;
credi apoyos para crecer s.a de c.v sofom e.n.r;;0;;0.00;
credi apoyos para crecer sa de cv sofom enr;;0;;0.00;
credi avance sofom;;0;;0.00;
credi emo s.a de c.v sofom e.n.r;;0;;0.00;
credi facil sofom;;0;;0.00;
credi pegaso s.a de c.v sofom e.n.r;;0;;0.00;
credi pegaso sa de cv sofom enr;;0;;0.00;
credi recursos y capital s.a de c.v sofom enr;;0;;0.00;
credi solution s.a de c.v sofom;;0;;0.00;
credi solution s.a de c.v sofom e.n.r informes;;0;;0.00;
credi solution s.a de c.v sofom e.n.r telefono;;0;;0.00;
credi solution sa de cv sofom enr;;0;;0.00;
credi solution sa de cv sofom enr es legal;;0;;0.00;
crediacces sofom;;0;;0.00;
credial s.a de c.v sofom e.n.r;;0;;0.00;
crediamigo sofom;;0;;0.00;
crediamigo sofom coatzacoalcos;;0;;0.00;
crediavance s.a de c.v sofom enr bolsa de trabajo;;0;;0.00;
crediavance s.a de c.v sofom enr guadalajara;;0;;0.00;
crediavance sofom mazatlan;;0;;0.00;
credibaja sofom;;0;;0.00;
credibaja sofom mexicali;;0;;0.00;
credicam sofom enr;;0;;0.00;
credicaor sa de cv sofom enr;;0;;0.00;
credicar sefirmex capital s.a de c.v sofom e.n.r toluca;;0;;0.00;
crediclick servicios financieros s.a de c.v sofom e.n.r;;0;;0.00;
crediclick servicios financieros s.a. de c.v. sofom e.n.r;;0;;0.00;
credicohete s.a.p.i de c.v sofom e.n.r;;0;;0.00;
credicohete sapi de cv sofom enr;;0;;0.00;
crediconfia sofom enr;;0;;0.00;
credicrece s.a de c.v sofom e.n.r;;0;;0.00;
credicrece s.a de c.v sofom enr;;0;;0.00;
crediempleado sofom;;0;;0.00;
crediequipos s.a de c.v sofom colima;;0;;0.00;
crediequipos sa de cv sofom enr;;0;;0.00;
credierp para sofomes;;0;;0.00;
crediexpress de coahuila aasm s.a de c.v sofom e.n.r;;0;;0.00;
crediexpress sofomas;;0;;0.00;
crediexpress sofomes;;0;;0.00;
credifacil sofom enr;;0;;0.00;
credifiel sapi de cv sofom enr;;0;;0.00;
credifinancieda pymes s.a de c.v sofom;;0;;0.00;
credifinanciera la feria sa de cv sofom enr;;0;;0.00;
credifinanciera pymes s.a de c.v sofom;;0;;0.00;
credifom s.a.p.i de c.v sofom e.n.r;;0;;0.00;
credifom sa de cv sofom enr;;0;;0.00;
credijusto es una sofom;;0;;0.00;
credijusto sofom;;0;;0.00;
credilex s.a.p.i de c.v sofom e.n.r;;0;;0.00;
credimagen sa de cv sofom enr;;0;;0.00;
credinom jr&jm s.a de c.v sofom e.n.r;;0;;0.00;
credinuevo s.a de c.v sofom e.n.r;;0;;0.00;
credio jal s.a de c.v sofom e.n.r;;0;;0.00;
credipass s.a de c.v sofom e.n.r;;0;;0.00;
credipass sa de cv sofom enr;;0;;0.00;
credipegaso s.a de c.v sofom e.n.r;;0;;0.00;
credipegaso sa de cv sofom;;0;;0.00;
credipolis sofom;;0;;0.00;
credipresto sa de cv sofom enr;;0;;0.00;
credipresto sofom;;0;;0.00;
crediquincena s.a de c.v sofom e.n.r;;0;;0.00;
credireal sofom;;0;;0.00;
credisa servicios integrales s.a de c.v sofom e.n.r;;0;;0.00;
credisur internacional s.a de c.v sofom e.n.r;;0;;0.00;
credisur s.a de c.v sofom;;0;;0.00;
credit services sa de cv sofom er;;0;;0.00;
credit solutions sa de cv sofom enr;;0;;0.00;
creditas sofom;;0;;0.00;
creditas sofom queretaro;;0;;0.00;
creditazo sofom telefono;;0;;0.00;
creditea sapi de cv sofom enr;;0;;0.00;
creditline sofom;;0;;0.00;
credito 24 sa de cv sofom enr;;0;;0.00;
credito a sofom anec;;0;;0.00;
credito aliados sofom;;0;;0.00;
credito automotriz sofom;;0;;0.00;
credito con innodi sureste s.a de cv sofom ena;;0;;0.00;
credito con sofom;;0;;0.00;
credito con sofome opiniones;;0;;0.00;
credito confiable sofom;;0;;0.00;
credito de autos sofom inbursa;;0;;0.00;
credito de nomina sofom enr;;0;;0.00;
credito de sofom;;0;;0.00;
credito en cuenta corriente sofom;;0;;0.00;
credito en sofom;;0;;0.00;
credito express de monterrey sa de cv sofom enr;;0;;0.00;
credito familiar sa cv sofom er;;0;;0.00;
credito financiero y pago a pasivos sofom;;0;;0.00;
credito financiero y pago a pasivos sofom enr;;0;;0.00;
credito finanzas y servicios sa de cv sofom enr;;0;;0.00;
credito firme sofom;;0;;0.00;
credito firme sofom afirme;;0;;0.00;
credito hipotecario en sofom;;0;;0.00;
credito hipotecario en sofom sin enganche;;0;;0.00;
credito hipotecario en sofome;;0;;0.00;
credito hipotecario en sofomes;;0;;0.00;
credito hipotecario fovissste y sofomes;;0;;0.00;
credito hipotecario sofome;;0;;0.00;
credito inmobiliario de sofom;;0;;0.00;
credito inmobiliario s.a de c.v sofom enr oficinas en monterrey;;0;;0.00;
credito inmobiliario sa de cv sofom enr 2016;;0;;0.00;
credito innodi sureste s.a de c.v sofom;;0;;0.00;
credito negocio express sofom enr;;0;;0.00;
credito negocios express sa de cv sofom enr;;0;;0.00;
credito negocios express sa de cv sofom enr en pachuca;;0;;0.00;
credito negocios express sa de cv sofom enr ocoyoacac;;0;;0.00;
credito nomina sofom;;0;;0.00;
credito operativo integral sa de cv sofom enr;;0;;0.00;
credito para el desarrollo sofom;;0;;0.00;
credito para sofom;;0;;0.00;
credito para sofomes;;0;;0.00;
credito para ti s.a de cv sofom enr pachuca;;0;;0.00;
credito para ti sa de cv sofom enr 4.4 a;;0;;0.00;
credito para ti sofom cancun;;0;;0.00;
credito para ti sofom en puebla;;0;;0.00;
credito para ti sofom enr;;0;;0.00;
credito para ti sofom oaxaca;;0;;0.00;
credito para ti sofom sucursales;;0;;0.00;
credito para ti sofom xalapa;;0;;0.00;
credito parati sofom;;0;;0.00;
credito personal sofom;;0;;0.00;
credito plan real sa de cv sofom enr;;0;;0.00;
credito primero sofom gerente;;0;;0.00;
credito primero sofom telefono;;0;;0.00;
credito pyme sofom;;0;;0.00;
credito real s.a.b de c.v sofom e.r series accionaria;;0;;0.00;
credito real sab de cv sofom e;;0;;0.00;
credito real sab de cv sofom er consejo adminitrativo;;0;;0.00;
credito real sab de cv sofom er filiales;;0;;0.00;
credito real sab de cv sofom er investor relations;;0;;0.00;
credito real sab de cv sofom er oficinas centrales;;0;;0.00;
credito real sab de cv sofom er rfc;;0;;0.00;
credito real sab de cv sofom er rfc cre;;0;;0.00;
credito real sab de cv sofom er sucursales;;0;;0.00;
credito real sab de cv sofom er sucursales en sonora;;0;;0.00;
credito real sab de cv sofom er telefono;;0;;0.00;
credito real sab de cv sofom er wikipedia;;0;;0.00;
credito real sofom corporativo;;0;;0.00;
credito real sofom enr;;0;;0.00;
credito real sofom enr dof;;0;;0.00;
credito real y sofom;;0;;0.00;
credito revolvente sofom;;0;;0.00;
credito sa de cv sofom er;;0;;0.00;
credito si sofom;;0;;0.00;
credito simple pyme sofom;;0;;0.00;
credito simple sofom;;0;;0.00;
credito simple sofom enr;;0;;0.00;
credito sofom inbursa;;0;;0.00;
credito sofom infonavit;;0;;0.00;
credito sofom oaxaca;;0;;0.00;
credito sofom para casa;;0;;0.00;
credito sofom pre15na;;0;;0.00;
credito sofom que es;;0;;0.00;
credito sofom universidad;;0;;0.00;
credito unico sofom;;0;;0.00;
credito util sa de cv sofom enr;;0;;0.00;
credito y capital s.a de c.v sofom e.r.n;;0;;0.00;
credito y capital sa de cv sofom enr;;0;;0.00;
credito y capital sofom;;0;;0.00;
creditos administrativos s.a de c.v sofom e nr;;0;;0.00;
creditos automotriz sofom;;0;;0.00;
creditos basados en pension del imss sofom;;0;;0.00;
creditos con sofomes;;0;;0.00;
creditos de bancos para sofomes;;0;;0.00;
creditos de la sofom;;0;;0.00;
creditos de las sofom;;0;;0.00;
creditos de nomina en sofomes;;0;;0.00;
creditos de nomina sofom;;0;;0.00;
creditos de riesgo comun sofom;;0;;0.00;
creditos de sofom;;0;;0.00;
creditos fovissste sofom;;0;;0.00;
creditos fovisste sofoms autorizadas;;0;;0.00;
creditos hipotecarios con sofom;;0;;0.00;
creditos hipotecarios sofom;;0;;0.00;
creditos inmediatos sa de cv sofom enr;;0;;0.00;
creditos inmediatos sa de cv sofome.n.r;;0;;0.00;
creditos inmediatos sofom;;0;;0.00;
creditos para pensionados con una sofom;;0;;0.00;
creditos que otorgan las sofom;;0;;0.00;
creditos que otorgan las sofomes;;0;;0.00;
creditos que otorgan metro financiera sofom er;;0;;0.00;
creditos que puede ofrecer una sofom enr;;0;;0.00;
creditos rapidos en sofomes;;0;;0.00;
creditos rapidos en sofomes sin garantias;;0;;0.00;
creditos sofom cobran iva;;0;;0.00;
creditos sofom inbursa;;0;;0.00;
creditos sofom via nomina;;0;;0.00;
creditos sofom y sofol;;0;;0.00;
creditos sofomes;;0;;0.00;
creditos sofomes para microempresas;;0;;0.00;
creditos solidarios integrales s.a de c.v sofom enr;;0;;0.00;
creditos y servicios que ofrece una sofomes;;0;;0.00;
credits sofom;;0;;0.00;
credivive s.a de c.v sofom e.n.r;;0;;0.00;
credix gs sa de cv sofom;;0;;0.00;
credix gs sofom;;0;;0.00;
credix gs sofom enr;;0;;0.00;
credix gs sofom mexico rfc;;0;;0.00;
credomatic de méxico sa de cv sofom er;;0;;0.00;
credto fisofo s.a de c.v.sofom.e.n.r;;0;;0.00;
credto para ti sofom;;0;;0.00;
credusur sa de cv sofom;;0;;0.00;
credusur sa de cv sofom enr;;0;;0.00;
creecimientos sa de cv sofom;;0;;0.00;
creecimientos sa de cv sofom enr;;0;;0.00;
creer en ti apoyo familiar sa de cv sofom enr;;0;;0.00;
crego s.a de c.v sofom e.n.r;;0;;0.00;
crego s.a de c.v sofom e.n.r fraude;;0;;0.00;
crego sa de cv sofom enr;;0;;0.00;
crego sofom telefono;;0;;0.00;
cresca sofom en toluca;;0;;0.00;
creser mexico sofom;;0;;0.00;
crezcamos global power s.a de c.v sofom e.n.r;;0;;0.00;
creze sofom;;0;;0.00;
criterios contables para sofomes;;0;;0.00;
criterios contables sofom enr;;0;;0.00;
criterios de contabilidad para sofom;;0;;0.00;
criterios que considera la sofom;;0;;0.00;
crowdfunding sofom;;0;;0.00;
crédito creativo s.a de c.v sofom e.n.r;;0;;0.00;
crédito creativo sa de cv sofom enr;;0;;0.00;
crédito de nómina sofoms comparación;;0;;0.00;
crédito de sofomes crecerá hasta 40;;0;;0.00;
crédito especializado al campo sa de cv sofom enr;;0;;0.00;
crédito express de monterrey s.a de c.v sofom e.n.r;;0;;0.00;
crédito familiar 5 sofom con más quejas en un año;;0;;0.00;
crédito familiar s.a de c.v sofom e.r;;0;;0.00;
crédito firme sofom;;0;;0.00;
crédito fácil hinv s.a de c.v sofom e.n.r;;0;;0.00;
crédito hipotecario sofom;;0;;0.00;
crédito oportuno s.a de c.v sofom e.n.r;;0;;0.00;
crédito para capital de trabajo sofom;;0;;0.00;
crédito para ti s.a de c.v sofom en;;0;;0.00;
crédito para ti s.a de c.v sofom enr dirección;;0;;0.00;
crédito plan real s.a de c.v sofom e.n.r;;0;;0.00;
crédito puente sofom;;0;;0.00;
crédito pyme sofom;;0;;0.00;
crédito revolvente sofom;;0;;0.00;
crédito sofome;;0;;0.00;
crédito sofomes comparación;;0;;0.00;
crédito y capital sa de cv sofom enr;;0;;0.00;
crédito y logistica de capital sa de cv sofom enr;;0;;0.00;
crédito único s.a de c.v sofom e.n.r;;0;;0.00;
crédito útil sa de cv sofom enr;;0;;0.00;
créditos administrativos s.a de c.v sofom e nr;;0;;0.00;
créditos fortaleza s.a de c.v sofom e.n.r;;0;;0.00;
créditos sobre ingreso sofom;;0;;0.00;
créditos y servicios financieros creditline sa de cv sofom enr;;0;;0.00;
cscmx s.a de c.v sofom e.n.r;;0;;0.00;
cuadernos y videos sofomes;;0;;0.00;
cuadro comparativo de sofomes y bancos;;0;;0.00;
cuadro sinoptico sofomes y arrendamiento financiero;;0;;0.00;
cual es a diferencia entre sofom y sapi;;0;;0.00;
cual es el estatuto de una sofom;;0;;0.00;
cual es el fundamento legal de una sofom;;0;;0.00;
cual es el mercado objetivo de las sofomes en mexico;;0;;0.00;
cual es el mercado objetivode las sofomes en mexico;;0;;0.00;
cual es el objeto social de una sofom;;0;;0.00;
cual es el rfc de sofom inbursa;;0;;0.00;
cual es el sectro principal de la sofom;;0;;0.00;
cual es el sofom de creditmax;;0;;0.00;
cual es el sofom de vivalia;;0;;0.00;
cual es la cantidad maxima para prestar una sofom;;0;;0.00;
cual es la diferencia entre sofom y sapi;;0;;0.00;
cual es la funcion de las sofom;;0;;0.00;
cual es la mejor sofom de fovissste calificada;;0;;0.00;
cual es la mejor sofom en mexico para fovissste;;0;;0.00;
cual es la mejor sofom er;;0;;0.00;
cual es la mejor sofom para credito hipotecario;;0;;0.00;
cual es la razon social sofom;;0;;0.00;
cual es la sofom de grupo bimbo;;0;;0.00;
cual es mi.sofom;;0;;0.00;
cual es principal sector que atiende una sofom;;0;;0.00;
cual es su papel en el mercado financiero mexicano sofom;;0;;0.00;
cual sofom me conviene mas;;0;;0.00;
cuales pueden ser las actividades de una sofom;;0;;0.00;
cuales son la sofom reguladas en mexico;;0;;0.00;
cuales son las 25 sofomes enr;;0;;0.00;
cuales son las asociaciones gremiales de sofomes;;0;;0.00;
cuales son las calificaciones de las sofom en mexico;;0;;0.00;
cuales son las caracteristicas de una sofom;;0;;0.00;
cuales son las funciones de la sofom;;0;;0.00;
cuales son las mejores sofom de mexico;;0;;0.00;
cuales son las principales productos de las sofomes;;0;;0.00;
cuales son las principales sofom en mexico;;0;;0.00;
cuales son las sofom de fovissste;;0;;0.00;
cuales son las sofom para pedir prestamos en linea;;0;;0.00;
cuales son las sofom regulada;;0;;0.00;
cuales son las sofom reguladas;;0;;0.00;
cuales son las sofomes;;0;;0.00;
cuales son las sofomes en mexico;;0;;0.00;
cuales son las sofomes reguladas en mexico;;0;;0.00;
cuales son los beneficios de constituir una sofom;;0;;0.00;
cuales son los creditos sofom;;0;;0.00;
cuales son los estatutos para crear una sofom;;0;;0.00;
cuales son los objetos de una sofom;;0;;0.00;
cuales son los pasos para constituirte como sofom;;0;;0.00;
cuales son los principales indicadores financieros para una sofom;;0;;0.00;
cuales son los requisitos para una sofom;;0;;0.00;
cualidades fiscales de la sofom;;0;;0.00;
cualli sofom;;0;;0.00;
cuallix sa de cv sofom enr;;0;;0.00;
cuando cambio el arrendamiento financiero a sofom;;0;;0.00;
cuando los almacenes generales se convirtieron en sofom;;0;;0.00;
cuando prescriben las deudas con sofomees en mexico;;0;;0.00;
cuando prescriben las deudas con sofomes en mexico;;0;;0.00;
cuando se creo la sofomes;;0;;0.00;
cuando se elige sofom;;0;;0.00;
cuando y porque surgen las sofoles y sofomes;;0;;0.00;
cuantas sofomes enr hay en mexico;;0;;0.00;
cuantas sofomes er existen en méxico;;0;;0.00;
cuantas sofomes existen;;0;;0.00;
cuantas sofomes hay en chiapas;;0;;0.00;
cuantas sofomes hay en mexico 2018;;0;;0.00;
cuantas sofomes hay en mexico 2019;;0;;0.00;
cuantas sofomes hay en méxico 2019;;0;;0.00;
cuantas sofomes no reguladas hay en mexico;;0;;0.00;
cuantas sofomes reguladas hay en mexico;;0;;0.00;
cuanto cobra el sofom;;0;;0.00;
cuanto cobra la sofomes de interes anual;;0;;0.00;
cuanto cobra un sofom de fovisste;;0;;0.00;
cuanto cuesta abrir una sofom;;0;;0.00;
cuanto cuesta constituir una sofomes;;0;;0.00;
cuanto cuesta hacer una sofom;;0;;0.00;
cuanto cuesta regular una sofom enr;;0;;0.00;
cuanto dinero se necesita para crear una sofom;;0;;0.00;
cuanto gana rh en una sofom;;0;;0.00;
cuanto interes quiere sofomes cuando presta dinero;;0;;0.00;
cuanto me cuesta acondicionar una una oficina para sofomes;;0;;0.00;
cuanto presta una sofom;;0;;0.00;
cuanto puede prestar a una sofom la sociedad hipotecaria federal;;0;;0.00;
cuanto tarda una sofom en aprobar un credito fovissste;;0;;0.00;
cuanto tarda una sofom en entregar el prestamo;;0;;0.00;
cuantos socios se necesitan para constituir una sofom;;0;;0.00;
cuentas concentradoras sofom;;0;;0.00;
cuentas en sofom;;0;;0.00;
cuerpo de cobranza de sofom;;0;;0.00;
cuestionario de operatividad sofom enr;;0;;0.00;
cuestionario de operatividad sofom enr 2018;;0;;0.00;
cuestionario sobre sofomes;;0;;0.00;
cuidado con empresas que se hacen pasar por sofomes;;0;;0.00;
cuife sofom;;0;;0.00;
cuife sofom enr;;0;;0.00;
cumplimiento a los registros sofom e.n.r;;0;;0.00;
cumplimiento de sofom;;0;;0.00;
cumplimiento sofomes;;0;;0.00;
cunato presta una sofom;;0;;0.00;
cuota para sofom;;0;;0.00;
curriculum vitae erick vazquez sofom cuauhtemoc chihuahua;;0;;0.00;
curso de certificacion de sofom;;0;;0.00;
curso de sofomes;;0;;0.00;
curso sofom;;0;;0.00;
cursos de contabilidad para sofom;;0;;0.00;
cursos para el calculo de reservas para sofom;;0;;0.00;
cursos para llevar contabilidad de una sofom;;0;;0.00;
cursos para llevar una sofom;;0;;0.00;
cursos para sofom;;0;;0.00;
cursos para sofomes;;0;;0.00;
cursos sofomes en materia de pld;;0;;0.00;
cuál es el mercado objetivo de una sofom;;0;;0.00;
cuál es la ganancia de solugob sapi cv sofom enr;;0;;0.00;
cuál son las caracteristicas de una sofom;;0;;0.00;
cuáles son las sofom en méxico;;0;;0.00;
cv sofom enr;;0;;0.00;
cymafin s.a de c.v sofom e.n.r;;0;;0.00;
cymafin s.a. de c.v. sofom e.n.r;;0;;0.00;
cymafin sapi de cv sofom enr;;0;;0.00;
cómo formar una sofom;;0;;0.00;
cómo funciona una sofom;;0;;0.00;
cómo funcionan las sofoles y sofomes;;0;;0.00;
cómo ofrecer base de datos de clientes a sofom;;0;;0.00;
cómo ofrecer mi base de datos de clientes a sofom;;0;;0.00;
cómo pagar el dictamen técnico sofom;;0;;0.00;
cómo poner en marcha una sofom;;0;;0.00;
cómo poner en operaciones una sofom;;0;;0.00;
cúal es su papel en el mercado financiero mexicano sofom;;0;;0.00;
dae hipotecaria sa de cv sofom;;0;;0.00;
dae hipotecaria sa de cv sofom enr durango;;0;;0.00;
dae sofom pachuca;;0;;0.00;
daga premier de mexico sa de cv sofom enr;;0;;0.00;
daimler financial services sa de cv sofom;;0;;0.00;
daimler financial services sofom telefono;;0;;0.00;
dar de alta en una sofom credito hipotecario;;0;;0.00;
datos de facturacion expansion economica sa de cv sofom enr;;0;;0.00;
datos estadísticos de las sofomes;;0;;0.00;
datos fiscales gemini capital s.a de c.v sofom e.n.r;;0;;0.00;
datos sofomes en condusef;;0;;0.00;
david agmon mizrahi sofom;;0;;0.00;
david basilio sofom;;0;;0.00;
dayli support sofom;;0;;0.00;
dcg aplicables a las sofomes enr reformada 09-03-17;;0;;0.00;
dcg aplicables a sofom enr;;0;;0.00;
dcg sofom;;0;;0.00;
dcg sofom enr;;0;;0.00;
dcg sofome 87b;;0;;0.00;
dconfianza sofom;;0;;0.00;
de donde captan los recursos las sofomes;;0;;0.00;
de donde nace premo sofom;;0;;0.00;
de donde obtienen recursos las sofomes;;0;;0.00;
de donde sacan los recursos las sofom;;0;;0.00;
de fiar sdlts sa de cv sofom enr;;0;;0.00;
de fintech a sofomes;;0;;0.00;
de lage landen s.a de c.v sofom enr rfc;;0;;0.00;
de lage landen sa de cv sofom;;0;;0.00;
de lage landen sa de cv sofom enr que rentan;;0;;0.00;
de lage landen sa de cv sofom enr rfc;;0;;0.00;
de que sirven las sofom;;0;;0.00;
de sofom a fintech;;0;;0.00;
de vida nomina s.a de c.v sofom enr;;0;;0.00;
dealcorp mx s.a de c.v sofom e.n.r;;0;;0.00;
decalogo de una sofom;;0;;0.00;
decalogo empresa sofom enr;;0;;0.00;
declaracion anual de sofom;;0;;0.00;
declaraciones sofom;;0;;0.00;
declaración de apertura sofom;;0;;0.00;
decretos sofomes;;0;;0.00;
deduccion cuenta incobrale en una sofom;;0;;0.00;
deduccion de cuentas incobrables 2017 sofom enr;;0;;0.00;
deducciones autorizadas sofom;;0;;0.00;
defensa del deudor sofom;;0;;0.00;
define sofom enr;;0;;0.00;
definicion de siglas sofom;;0;;0.00;
definicion de siglas sofom e r;;0;;0.00;
definicion de sofoles y sofomes;;0;;0.00;
definicion sofome;;0;;0.00;
definicion sofomes;;0;;0.00;
delito usura mexico sofom;;0;;0.00;
delitos especiales de sofomes;;0;;0.00;
demanda contra sofom;;0;;0.00;
demanda en contra de sofome pecus soluciones;;0;;0.00;
denise maerker fraude creditos sofom;;0;;0.00;
denominación sofom secretaría de hacienda;;0;;0.00;
denuncia sofom;;0;;0.00;
denunciar sofomes;;0;;0.00;
departamento de mercadotecnia sofom;;0;;0.00;
derechos obligaciones de una sociedad mercantil sofom;;0;;0.00;
desaparecera la figura de sofom ent;;0;;0.00;
desarrolladora de alternativas estratégicas s.a de c.v sofom enr;;0;;0.00;
desarrolladora de cadenas productivas rurales sapi de c.v sofom enr;;0;;0.00;
desarrolladora e impulsos de negocios s.a.p.i de cv sofom e.n.r;;0;;0.00;
desarrollo empresarial ain s.a de c.v sofom e.n.r;;0;;0.00;
desarrollo empresarial del norte sjt sa de cv sofom enr;;0;;0.00;
desarrollo empresarial la victoria sa de cv sofom;;0;;0.00;
desarrollo empresarial la victoria sa de cv sofom enr;;0;;0.00;
desarrollo financiero sofom;;0;;0.00;
desarrollo origenes fofor sapi de cv sofom e.n.r;;0;;0.00;
desarrollo vivaz s.a de c.v sofom e.n.r;;0;;0.00;
desarrollo vivaz s.a de c.v sofom e.n.r expediente 3606 2018;;0;;0.00;
desarrollo y progreso familiar s.a de c.v sofom e.n.r;;0;;0.00;
desarrollo y progreso familiar sofom;;0;;0.00;
descargar ejemlos de solicitudes de creditos individuales de sofom;;0;;0.00;
descargar solicitudes de creditos de sofom individuales;;0;;0.00;
descargar videos de youtube sofom;;0;;0.00;
descunto sofom;;0;;0.00;
desempeño de las sofomes;;0;;0.00;
designación del titular de la unidad especializada sofom;;0;;0.00;
despacho cassanra de la costa s.a de c.v sofom e.n.r;;0;;0.00;
despacho del toro sofom;;0;;0.00;
desventajas como usuario sofom;;0;;0.00;
desventajas de la fuente de financiamiento premo sofom;;0;;0.00;
desventajas de las sofomes;;0;;0.00;
desventajas de una sofom;;0;;0.00;
desventajas del credito de una sofom;;0;;0.00;
desventajas para el cliente sofom;;0;;0.00;
desventajas sofome;;0;;0.00;
desventajas sofomes;;0;;0.00;
desventajas y ventajas de pedir un credito a sofom;;0;;0.00;
desventajas y ventajas de una sofom;;0;;0.00;
deudafin s.a de c.v sofom e.n.r;;0;;0.00;
devida nominas s.a de c.v sofom enr telefono;;0;;0.00;
devida nominas sa de cv sofom enr;;0;;0.00;
diageo méxico ii s.a de c.v sofom e.n.r;;0;;0.00;
diagrama de credito y cobranza sofom;;0;;0.00;
diario de oficial de cumplimiento para sofom;;0;;0.00;
diario de oficial para cambio de domicilio de sofom;;0;;0.00;
diario oficial de sofom;;0;;0.00;
diario oficial de sofom sobre avisos;;0;;0.00;
dictamen o registro sofomes disposiciones;;0;;0.00;
dictamen tecnico cnbv sofom;;0;;0.00;
dictamen tecnico de sofome;;0;;0.00;
dictamen tecnico de una sofom;;0;;0.00;
dictamen tecnico de una sofom jurisprudencia;;0;;0.00;
dictamen tecnico para sofom;;0;;0.00;
dictamen tecnico para sofom enr;;0;;0.00;
dictamen tecnico sofom enr;;0;;0.00;
diferemcia entr.sofol.t.sofom;;0;;0.00;
diferencia de sofol y sofom;;0;;0.00;
diferencia de sofoles y sofomes;;0;;0.00;
diferencia entre sofoles y sofomes y ejemplos;;0;;0.00;
diferencia entre sofom enr y nr;;0;;0.00;
diferencia entre sofom er y sofom enr;;0;;0.00;
diferencia entre sofom sa y sapi;;0;;0.00;
diferencia entre sofom y socap;;0;;0.00;
diferencia entre sofom y sofomes;;0;;0.00;
diferencia entre sofomes reguladas y no reguladas;;0;;0.00;
diferencia entre un banco y una sofom;;0;;0.00;
diferencia entre una sociedad anonima y una sofom;;0;;0.00;
diferencia entre una sociedad sapi y sofom;;0;;0.00;
diferencia entre una sofol y sofom;;0;;0.00;
diferencia entre una sofom es un banco;;0;;0.00;
diferencia entre una sofom regulada y una no regulada;;0;;0.00;
diferencia entre una sofom y un banco;;0;;0.00;
diferencia sofol y sofom;;0;;0.00;
diferencia sofomes y prestamista;;0;;0.00;
diferencias bancos y sofome;;0;;0.00;
diferencias entre actividades vulnerables y sofom;;0;;0.00;
diferencias entre sapi y sofom;;0;;0.00;
diferencias entre sociedades anoinas y sofom;;0;;0.00;
diferencias entre sociedades anónimas y sofom;;0;;0.00;
diferencias entre sofol y sofom;;0;;0.00;
diferencias entre sofoles sofomes y sofipos;;0;;0.00;
diferencias entre sofom regulada y no regulada;;0;;0.00;
diferencias entre sofom y sapi;;0;;0.00;
diferencias entre sofomes y sofipos;;0;;0.00;
diferencias entre un sofom y un banco;;0;;0.00;
diferencias y semejanzas entre las sofom y sofoles;;0;;0.00;
diferentes sofom;;0;;0.00;
diferentes sofome;;0;;0.00;
diferentes tipos de sofom;;0;;0.00;
digal elite sapi de cv sofom enr y credito aquisi;;0;;0.00;
digital bridge capital s.a.p.i. de c.v. sofom e.n.r;;0;;0.00;
digital capital sofom;;0;;0.00;
dimex capital sa de cv sofom e;;0;;0.00;
dimex capital sa de cv sofom enr monterrey;;0;;0.00;
dimex sa de cv sofom enr;;0;;0.00;
dimex y otras sofom ranking;;0;;0.00;
dimez capital sa de cv sofom enr;;0;;0.00;
dinemo capital sapi de cv sofom enr;;0;;0.00;
dinercap sofom;;0;;0.00;
dinero facil y rapido sa de cv sofom enr ensenada;;0;;0.00;
dinero facil y rapido sa de cv sofom enr telefono;;0;;0.00;
dinero fácil y rápido s.a de c.v sofom e.n.r;;0;;0.00;
dinero fácil y rápido sa de cv sofom enr;;0;;0.00;
dinero plus s a de cv sofom enr;;0;;0.00;
dinero plus sa de cv sofom enr;;0;;0.00;
dinero plus sa sofom enr;;0;;0.00;
dinero plus sofom;;0;;0.00;
dinero practico sa de cv sofom enr;;0;;0.00;
dinero practico sapi de cv sofom enr;;0;;0.00;
diplomado financiamiento sofom;;0;;0.00;
diplomado gestion sofomes;;0;;0.00;
diplomado sofom;;0;;0.00;
diplomado sofom fca;;0;;0.00;
diposicion capacitacion anual pld f 2014 sofomes;;0;;0.00;
diposiciones de caracter general lgtoc sofomes;;0;;0.00;
direccion de adient impulso sapi de cv sofom enr;;0;;0.00;
direccion de cetelem sa de cv sofom er;;0;;0.00;
direccion de hiper s.a de c.v sofom enr oaxaca;;0;;0.00;
direccion de hixti s.a de c.v sofom enr;;0;;0.00;
direccion de hixti s.a de c.v sofom enr oaxaca;;0;;0.00;
direccion de multi apoyos de c.v de s.v sofom e.n.r;;0;;0.00;
direccion de productos de sofomes y uniones de credito;;0;;0.00;
direccion de sofom familiar abc torreón coahuila;;0;;0.00;
direccion de sofom suma express;;0;;0.00;
direccion hxti sa de cv sofom enr oaxaca;;0;;0.00;
direccion sinergia desarrollo economico cardenista s.a de c.v sofom e.n.r;;0;;0.00;
direccion sociedad financiera equipate sa de cv sofom enr;;0;;0.00;
directo de.mexico sapi de cv sofom;;0;;0.00;
directo mexico sapi de cv sofom enr;;0;;0.00;
directodo mexico s.a.p.i de c.v sofom;;0;;0.00;
directodo mexico s.a.p.i de c.v sofom enr estado de cuenta;;0;;0.00;
directodo mexico sapi de cv sofom en;;0;;0.00;
directodo mexico sapi de cv sofom enr direccion en coatzacoalcos;;0;;0.00;
directodo mexico sapi de cv sofom enr quejas;;0;;0.00;
directodo mexico sapi de cv sofom enr rfc;;0;;0.00;
directodo mexico sapi de cv sofom enr toluca;;0;;0.00;
directodo méxico s.a.p.i de c.v sofom e.n.r rfc;;0;;0.00;
director cre-ser sofom;;0;;0.00;
director de riesgo sofom;;0;;0.00;
director de santander vivienda s.a de c.v sofom e.r;;0;;0.00;
director de sofom;;0;;0.00;
director de sofom actividades;;0;;0.00;
director de sofome ford;;0;;0.00;
director fin cuatro sa de cv sofom enr;;0;;0.00;
director general de premo sofom;;0;;0.00;
director general de sofom;;0;;0.00;
director general sofom;;0;;0.00;
director general y consejero de una sofome;;0;;0.00;
director sofom;;0;;0.00;
director soluciones múltiples empresariales sa de cv sofom enr;;0;;0.00;
director supervision sofom;;0;;0.00;
director vanguardia fj sofom;;0;;0.00;
directorio de r capitalis group sa de cv sofom enr;;0;;0.00;
directorio de sofomes en guadalajara;;0;;0.00;
directorio de sofomes en monterrey;;0;;0.00;
directorio de sofomes no reguladas;;0;;0.00;
directorio sofom 2016;;0;;0.00;
directorio sofomes condusef;;0;;0.00;
directorio sofomes fovissste;;0;;0.00;
disf sofom;;0;;0.00;
disi operaciones empresariales sapi de cv sofom;;0;;0.00;
disi operaciones empresariales sapi de cv sofom enr ubicacion;;0;;0.00;
disi sofom;;0;;0.00;
disolucion de una sofom;;0;;0.00;
disolucion y liquidacion de una sofom;;0;;0.00;
dispersora de crédito cuauhtémoc s.a de c.v sofom e.n.r;;0;;0.00;
dispersora menonita sa de cv sofom enr dem101028;;0;;0.00;
dispersora menonita sa de cv sofom enr dm101028;;0;;0.00;
dispersora menonita sa de cv sofom enr dme101028;;0;;0.00;
dispersora menonita sa de cv sofom enr rfc;;0;;0.00;
dispersora menonita sofom corredor comercial km;;0;;0.00;
dispersoras de fondos infonavit sofomes;;0;;0.00;
dispociciones de caracter general aplicables a sofom compiladas;;0;;0.00;
dispociciones sofomes;;0;;0.00;
disponibilidades sofom enr;;0;;0.00;
disposicioines compiladas sofomes;;0;;0.00;
disposicioines para sofomes compiladas;;0;;0.00;
disposiciones 115 sofom;;0;;0.00;
disposiciones 2019 aplicables a sofom;;0;;0.00;
disposiciones a la publicidad para sofomes;;0;;0.00;
disposiciones actualizadas sofom;;0;;0.00;
disposiciones aplicables a las operaciones de las sofome;;0;;0.00;
disposiciones aplicables a sofom;;0;;0.00;
disposiciones caracter general condusef sofom;;0;;0.00;
disposiciones caracter general publicidad sofom;;0;;0.00;
disposiciones cierre de sofom;;0;;0.00;
disposiciones cnbv sofom enr;;0;;0.00;
disposiciones condusef sofom;;0;;0.00;
disposiciones de caracter general aplicables a sofom compiladas 2019;;0;;0.00;
disposiciones de caracter general aplicables a sofom en;;0;;0.00;
disposiciones de caracter general aplicables a sofom enr 2019;;0;;0.00;
disposiciones de caracter general aplicables a sofom er;;0;;0.00;
disposiciones de caracter general cnbv sofom;;0;;0.00;
disposiciones de caracter general conducef sofom enr;;0;;0.00;
disposiciones de caracter general condusef sofom enr;;0;;0.00;
disposiciones de caracter general en materia de transparencia sofom enr;;0;;0.00;
disposiciones de caracter general marzo 2018 sofom enr;;0;;0.00;
disposiciones de caracter general marzo 2019 sofom enr;;0;;0.00;
disposiciones de caracter general para sofom enr;;0;;0.00;
disposiciones de caracter general sofom 2019;;0;;0.00;
disposiciones de caracter general sofom 2019 compiladas;;0;;0.00;
disposiciones de caracter general sofom 2019 compliladas;;0;;0.00;
disposiciones de caracter general sofom 2019 pdf;;0;;0.00;
disposiciones de caracter general sofom compiladas;;0;;0.00;
disposiciones de caracter general sofom enr compiladas;;0;;0.00;
disposiciones de caracter general sofom microcreditos;;0;;0.00;
disposiciones de caracter general sofomes;;0;;0.00;
disposiciones de caracter general sofomes enr 2019;;0;;0.00;
disposiciones de caracter general sofomes enr 2019 21 marzo;;0;;0.00;
disposiciones de carácter genera sofom enr 2018;;0;;0.00;
disposiciones de carácter general aplicables a las sofomes;;0;;0.00;
disposiciones de carácter general aplicables a las sofomes enr;;0;;0.00;
disposiciones de carácter general aplicables a sofom;;0;;0.00;
disposiciones de carácter general aplicables a sofom enr 2019;;0;;0.00;
disposiciones de carácter general condusef sofom;;0;;0.00;
disposiciones de carácter general para sofomes enr;;0;;0.00;
disposiciones de carácter general relativas al registro de sofomes;;0;;0.00;
disposiciones de carácter general relativas al registro de sofoms;;0;;0.00;
disposiciones de carácter general sofom;;0;;0.00;
disposiciones de carácter general sofom 2019;;0;;0.00;
disposiciones de carácter general sofomes no reguladas;;0;;0.00;
disposiciones de sofom ley auxiliares de credito;;0;;0.00;
disposiciones de transparencia sofom;;0;;0.00;
disposiciones de transparencia sofom enr;;0;;0.00;
disposiciones de transparencia sofome enr;;0;;0.00;
disposiciones del 09 de marzo 2017 para sofomes;;0;;0.00;
disposiciones del 21 de marzo sofomes;;0;;0.00;
disposiciones del 31 de diciembre 2014 para sofomes;;0;;0.00;
disposiciones detransparencia aplicables a la sofom;;0;;0.00;
disposiciones emitidas por la cnbv para la sofomes;;0;;0.00;
disposiciones emitidas por la cnbv sofomes;;0;;0.00;
disposiciones emitidas por la shcp para las sofomes;;0;;0.00;
disposiciones en materia de transparencia sofom enr;;0;;0.00;
disposiciones extincion de sofom;;0;;0.00;
disposiciones generales aplicables para las sofomes;;0;;0.00;
disposiciones generales para sofom de la cnbv;;0;;0.00;
disposiciones generales sofom;;0;;0.00;
disposiciones para la publicidad para sofomes;;0;;0.00;
disposiciones para sofomes;;0;;0.00;
disposiciones pld sofom 2019;;0;;0.00;
disposiciones sofom 2019;;0;;0.00;
disposiciones sofom 87-p;;0;;0.00;
disposiciones sofom enr;;0;;0.00;
disposiciones sofom enr actualizada;;0;;0.00;
disposiciones sofom enr conducef;;0;;0.00;
disposiciones sofom pld;;0;;0.00;
disposiciones sofom pld 21-03-19;;0;;0.00;
disposiciones sofomes;;0;;0.00;
disposiciones sofomes cnbv;;0;;0.00;
disposiciones sofomes enr;;0;;0.00;
disposiciones sofomes enr 2019;;0;;0.00;
disposiciones sofomes enr marzo 2019;;0;;0.00;
disposiciones transparencia sofom;;0;;0.00;
disposición pld sofome enr marzo 2017;;0;;0.00;
disposicones sofom;;0;;0.00;
disposiones aplicables a las sofom;;0;;0.00;
disposiones sofom visita docmiciliaria;;0;;0.00;
distribución de planta de una sofomes;;0;;0.00;
distribuidoes sofom;;0;;0.00;
distribuidora sofom inbursa;;0;;0.00;
distribuidores sofom.inbursa.com;;0;;0.00;
distrito crédito sofom enr;;0;;0.00;
disí operaciones empresariales sa de cv sofom enr;;0;;0.00;
docu formas sofom;;0;;0.00;
docuformas sofom;;0;;0.00;
documento adendum para contrato de sofom;;0;;0.00;
documentos contratacion personal sofom;;0;;0.00;
documentos descontados de la sofom;;0;;0.00;
documentos sofom;;0;;0.00;
documentos sofom fovissste;;0;;0.00;
documetos sofom;;0;;0.00;
dof 21 marzo 2019 disposiciones sofomes;;0;;0.00;
doku formas sofom;;0;;0.00;
domiciliacion sofom enr;;0;;0.00;
domiciliacion sofom enr banco de mexico;;0;;0.00;
domicilio banamex sofom;;0;;0.00;
domicilio crecer solución inmediata s.a de c.v sofom e.n.r;;0;;0.00;
domicilio de finance mexico s.a de c.v sofom er;;0;;0.00;
domicilio de financiera credito real s.a.b sofom.e.r;;0;;0.00;
domicilio de hdm sapi sofom;;0;;0.00;
domicilio de nr finance méxico s.a de c.v sofom e.r;;0;;0.00;
domicilio fiscal arrendadora valmex valores financieras s.a de c-v sofom;;0;;0.00;
domicilio fiscal arrendadora valmex valores financieros sofom;;0;;0.00;
domicilio fiscal valmex valores finacieros sofom;;0;;0.00;
domicilio fiscal valmex valores financieros sofom;;0;;0.00;
domicilio fiscalsociedad financiera equipate s.a de c.v sofom enr;;0;;0.00;
domicilio siempre creciendo s.a de c.v sofom e.n.r;;0;;0.00;
domicilio sofom enr;;0;;0.00;
domicilio sofom estado de zacatecas;;0;;0.00;
domicuilio de hdm sapi sofom;;0;;0.00;
don apoyo sa de cv sofom;;0;;0.00;
don apoyo sofom enr;;0;;0.00;
donde checo si esta registrada una sofom;;0;;0.00;
donde consultar legalidad de sofom;;0;;0.00;
donde consulto legalidad de sofom;;0;;0.00;
donde guardan el ahorro las sofomes;;0;;0.00;
donde puedo checar las sofomes;;0;;0.00;
donde puedo pedir requisitos para una sofom;;0;;0.00;
donde puedo saber los adeudos de una sofom;;0;;0.00;
donde puedo solicitar un credito sofom;;0;;0.00;
donde puedo ver contratos de adhesión sofomes;;0;;0.00;
donde se registra una sofom;;0;;0.00;
donde se ubica la sofom;;0;;0.00;
dos sofomes pueden constituir un grupo financiero;;0;;0.00;
dos sofomes se pueden asociar;;0;;0.00;
dream money sofom;;0;;0.00;
dreamoney s.a de c.v sofom e.n.r;;0;;0.00;
dreamoney sa de cv sofom enr;;0;;0.00;
dreforma 21 de marzo sofom enr;;0;;0.00;
dremoney s.a de c.v sofom enr;;0;;0.00;
dxn express sofom enr;;0;;0.00;
dynamo capital s.a.p.i de c.v sofom e.n.r;;0;;0.00;
dónde hay sofom en tepic;;0;;0.00;
e factor diez s a de c v sofom;;0;;0.00;
e factor diez s.a.p.i de c.v sofom;;0;;0.00;
e factor diez sa de cv sofom enr rfc;;0;;0.00;
e factor diez sapi de cv sofom;;0;;0.00;
e financialmerc sa de cv sofom e.n.r;;0;;0.00;
e financiera realidad s.a de c.v sofom e.n.r;;0;;0.00;
e-business park sofom;;0;;0.00;
e-bussines park sofom;;0;;0.00;
easy individual s a de c v sofom;;0;;0.00;
ebr sofom;;0;;0.00;
ec estrategia emprendedora s.a de c.v sofom e.n.r;;0;;0.00;
ecash icash s.a.p.i de c.v sofom e.n.r;;0;;0.00;
ecash icash sa de cv sofom enr;;0;;0.00;
ecash icash sapi de cv sofom anzures;;0;;0.00;
ecash icash sapi de cv sofom enr;;0;;0.00;
ecoblock international s.a de c.v sofom enr;;0;;0.00;
economízate sa de cv sofom enr;;0;;0.00;
edr silver de méxico sa de cv sofom enr;;0;;0.00;
eduardo santos trejo sofom crecimiento;;0;;0.00;
eduweb condusef gob mx sofomes wptablero;;0;;0.00;
eduweb condusef gob mx sofomes wptablero aspx;;0;;0.00;
eduweb.condusef.gob.mx sofomes;;0;;0.00;
eduweb.condusef.gob.sofomes wp tablero.aspx;;0;;0.00;
eduweb.condusef.gob.sofomes wptablero.aspx;;0;;0.00;
eduwep.condusef.gob.mx sofomes wptablero.aspx;;0;;0.00;
edyen capital sa de cv sofom enr;;0;;0.00;
efacil servicios integrales s.a de c.v sofom rfc;;0;;0.00;
efacil servicios integrales s.a de c.v sofom rfc sat;;0;;0.00;
efectimex sa de cv sofom enr;;0;;0.00;
efectimex.s.a de c.v sofom e.n r;;0;;0.00;
efectimex.s.a de c.v sofom enr;;0;;0.00;
ejemlos de formatoss de creditos individuales de sofom en yucatan;;0;;0.00;
ejemplificativo mejores practicas roi y roic sofomes cnbv;;0;;0.00;
ejemplificativo mejores practicas roi y roip sofomes cnbv;;0;;0.00;
ejemplo de 5 sofomes;;0;;0.00;
ejemplo de acta constitutiva de una sofom enr;;0;;0.00;
ejemplo de acta constitutiva sofom en la condusef;;0;;0.00;
ejemplo de acta constitutiva sofom enr;;0;;0.00;
ejemplo de aviso de cobranza sofom enr ejemplo;;0;;0.00;
ejemplo de avisos de sofom para clientes morosos;;0;;0.00;
ejemplo de cat credito personal sofom;;0;;0.00;
ejemplo de contrato de compraventa de una sofom;;0;;0.00;
ejemplo de contrato de credito de una sofom;;0;;0.00;
ejemplo de contrato de promesa de compraventa de una sofom;;0;;0.00;
ejemplo de contrato llenado por cliente en una sofom;;0;;0.00;
ejemplo de credito hipotecario sofom;;0;;0.00;
ejemplo de foda sofom;;0;;0.00;
ejemplo de lugares no regulados por la sofom;;0;;0.00;
ejemplo de matriz de riesgos sofom;;0;;0.00;
ejemplo de objeto social de una sofom no regulada;;0;;0.00;
ejemplo de sofom en mexico;;0;;0.00;
ejemplo de sofom sapi;;0;;0.00;
ejemplo de sofome;;0;;0.00;
ejemplo de sofome en mexico;;0;;0.00;
ejemplo de un permiso de una sofom;;0;;0.00;
ejemplo de una sofom;;0;;0.00;
ejemplo de una sofom lista;;0;;0.00;
ejemplo de una sofomes;;0;;0.00;
ejemplo matriz de riesgo para sofom;;0;;0.00;
ejemplo matriz de riesgos sofom;;0;;0.00;
ejemplo sofomes;;0;;0.00;
ejemplo una sofom;;0;;0.00;
ejemplo índice de capitalización sofom cálculo;;0;;0.00;
ejemplos de empresas sofom en mexico;;0;;0.00;
ejemplos de empresas sofomes;;0;;0.00;
ejemplos de facturas de sofomes;;0;;0.00;
ejemplos de sofoles y sofomes;;0;;0.00;
ejemplos de sofom en mexico;;0;;0.00;
ejemplos de sofom enr;;0;;0.00;
ejemplos de sofom que ofrecen factoraje;;0;;0.00;
ejemplos de sofom y sofol;;0;;0.00;
ejemplos de sofomes no reguladas;;0;;0.00;
ejemplos de sofomes reguladas;;0;;0.00;
ejemplos de sofomes reguladas hay en mexico;;0;;0.00;
ejemplos de sofomes y sofoles;;0;;0.00;
ejemplos de solicitudes de creditos de financieras sofom descargar;;0;;0.00;
ejemplos de tesis contaduria publica sofom;;0;;0.00;
ejemplos sociedades sofom;;0;;0.00;
ejemplos sofom;;0;;0.00;
ejemplos sofome;;0;;0.00;
ejepmlo de sofom;;0;;0.00;
ejercicios de autoevaluacion sofom;;0;;0.00;
el buen apoyo para nuestro negocio s.a de c.v sofom;;0;;0.00;
el cochinito de mexico sa de cv sofom enr;;0;;0.00;
el cochinito0145 sofom;;0;;0.00;
el economista sofom;;0;;0.00;
el gasbel financiera s.a de c.v sofom e.n.r;;0;;0.00;
el infonavit es una sofom;;0;;0.00;
el mercado de las sofom;;0;;0.00;
el negocio de las sofomes en mexico;;0;;0.00;
el oficial de cumplimiento de una sofom debe certificarse;;0;;0.00;
el serviocio del sofom;;0;;0.00;
el toronj sofom enr;;0;;0.00;
el toronjo sofom enr;;0;;0.00;
elite financiera empresarial s.a de c.v sofom enr méxico;;0;;0.00;
elite financiera empresarial sofom;;0;;0.00;
embargo precautorio en juicio ejecutivo mercantil sofomes;;0;;0.00;
embargo precautorio sin juicio ejecutivo mercantil sofomes;;0;;0.00;
embargos tributarios por sofom;;0;;0.00;
emcofin s a de c.v sofom e.n.r;;0;;0.00;
emcofin s a de c.v sofom e.n.r seriedad;;0;;0.00;
emcofin s.a de c.v sofom e.n.r;;0;;0.00;
emergencia legal servicios profesionales integrales s.a de c.v sofom enr;;0;;0.00;
emerging america s.a de c.v sofom enr;;0;;0.00;
emerson mexico finance sa de cv sofom enr;;0;;0.00;
emision de obligaciones sofom;;0;;0.00;
emisores de deuda para sofomes;;0;;0.00;
empelos en sofomes mexico;;0;;0.00;
empleados issste creditos sofom;;0;;0.00;
empleo 15000 sofom;;0;;0.00;
empleo abogado sofom;;0;;0.00;
empleo de comisionista en alguna sofom;;0;;0.00;
empleo en axtum sa de cv sofom;;0;;0.00;
empleo en hinv sofom;;0;;0.00;
empleo en sofom df;;0;;0.00;
empleo sofom cdmx;;0;;0.00;
empleos agronomos en sofom jalisco;;0;;0.00;
empleos en mex-factor sofom;;0;;0.00;
empleos en naucalpan en una entidad financiera sofom;;0;;0.00;
empleos en sofom;;0;;0.00;
empleos en sofomes;;0;;0.00;
empleos sofomes;;0;;0.00;
emprendamos fin s.a de c.v sofom e.n.r merida;;0;;0.00;
emprendamos fin s.a de c.v sofom e.n.r merida yucatan;;0;;0.00;
emprendamos sofom;;0;;0.00;
emprende con crédito sapi de cv sofom enr;;0;;0.00;
emprendedores tu comunidad sa de cv sofom;;0;;0.00;
emprendesarial sa de cv sofom enr;;0;;0.00;
emprendiendo juntos el camino sapi de cv sofom enr;;0;;0.00;
empresa c capital global s.a de c.v sofom e.n.r;;0;;0.00;
empresa c capital global s.a de c.v sofom e.n.r veridica;;0;;0.00;
empresa credicam s.a de c.v sofom e.n.r;;0;;0.00;
empresa exitus credit sapi de cv sofom enr;;0;;0.00;
empresa fcapital mexico s.a.p.i de c.v sofom e.n.r en guadalajara;;0;;0.00;
empresa financiera sofom;;0;;0.00;
empresa sapi de cv sofom enr;;0;;0.00;
empresa siempre creciendo sa de cv sofom enr;;0;;0.00;
empresa sofom apalancamiento financiero;;0;;0.00;
empresa sofom cambiando y renovando tu economia;;0;;0.00;
empresa sofom enr;;0;;0.00;
empresa sofom reconocidas por el fovissste;;0;;0.00;
empresa sofom servicio de apalancamiento financiero;;0;;0.00;
empresas afiliadas a sofom;;0;;0.00;
empresas aue se manejan detro de una sofom;;0;;0.00;
empresas de sofom;;0;;0.00;
empresas de sofomes;;0;;0.00;
empresas o financieras en sofom;;0;;0.00;
empresas preferidas del snte sofom;;0;;0.00;
empresas que dan sofomes;;0;;0.00;
empresas que se manejan dentro de una sofom;;0;;0.00;
empresas que se manejan dentro de una sofom en mexico;;0;;0.00;
empresas que tiene sofom en mexico;;0;;0.00;
empresas responsables sofom;;0;;0.00;
empresas sofome;;0;;0.00;
empresas sofomes en mexico;;0;;0.00;
empresas sofomes pdf;;0;;0.00;
empresas sofomes reguladas;;0;;0.00;
emprever sofom enr;;0;;0.00;
empro capital sa de cv sofom enr;;0;;0.00;
en confianza sa de cv sofom ameca;;0;;0.00;
en confianza sa de cv sofom enr;;0;;0.00;
en confianza sofom enr;;0;;0.00;
en la actualidad se pueden constituir sofomes;;0;;0.00;
en la actualidad se pueden constituir sofomes cnbv;;0;;0.00;
en lo financiero que son los sofomes;;0;;0.00;
en que consiste el financiamiento premo sofom;;0;;0.00;
en que regimen fiscal se registra una sofom en mexico;;0;;0.00;
en que sitio van los avisos de sofom;;0;;0.00;
en qué ley se regulan las sofom;;0;;0.00;
en sofom hay bonificacion por pronto pago;;0;;0.00;
en sofom son intereses generados;;0;;0.00;
enajenación de acciones sofom enr cnbv;;0;;0.00;
enconfianza sofom;;0;;0.00;
encontrar sofomes;;0;;0.00;
encuentra juntos sofom;;0;;0.00;
enfoque basado en riesgos sofom;;0;;0.00;
enfoque multiplica s.a. de c.v. sofom e.n.r;;0;;0.00;
engencap fin sa de cv sofom;;0;;0.00;
enr sofom;;0;;0.00;
enri tu solucion financiera sa de cv sofom enr;;0;;0.00;
enri tu solución financiera sa de cv sofom enr;;0;;0.00;
enrique presburger sofom;;0;;0.00;
entidad de fomento regional sa de cv sofom enr;;0;;0.00;
entidad de fomento regional sa de cv sofom enr rfc;;0;;0.00;
entidad financiera suma express sa de cv sofom enr;;0;;0.00;
entidada financiera sofom;;0;;0.00;
entidades con sofomes;;0;;0.00;
entidades de sofomes;;0;;0.00;
entidades financieras autorizadas sofomes;;0;;0.00;
entidades financieras sofom;;0;;0.00;
entidades financieras sofom cuales son sus actividades;;0;;0.00;
entidades financieras sofom cuales son sus obligaciones;;0;;0.00;
entidades financieras sofom fovissste;;0;;0.00;
entidades financieras sofomes en orizaba;;0;;0.00;
entidades finansieras sofomes;;0;;0.00;
entidades que deben autorizar una sofom;;0;;0.00;
entidades que dejaron de ser sofom estatus;;0;;0.00;
entidades que dejaron de ser sofom estatus 2016;;0;;0.00;
entidades que ofrecen sofomes;;0;;0.00;
entidades registradas como sofom enr ante la cnbv;;0;;0.00;
entidades resgistradas como sofom enr ante la cnbv;;0;;0.00;
entregas de creditos sofom;;0;;0.00;
equipat sofom xalapa;;0;;0.00;
equipate sofom aguascalientes;;0;;0.00;
equipate sofom mexico;;0;;0.00;
equipate sofom veracruz;;0;;0.00;
equipate sofom zacatecas;;0;;0.00;
equipo s.a.p.i de c.v sofom e.n.r;;0;;0.00;
equita t sofom;;0;;0.00;
equitat sofom;;0;;0.00;
equivalente de sofom en estados unidos;;0;;0.00;
equivalente de una sofom en estados unidos;;0;;0.00;
er sofome;;0;;0.00;
erbe proteccion de tu patrimoni sa de cv sofom enr;;0;;0.00;
erbe protección de tu patrimonio s.a de c.v sofom e.n.r;;0;;0.00;
erick e alvarado sofom;;0;;0.00;
erick vazquez sofom cuauhtemoc chihuahua;;0;;0.00;
erika de credipresto sapi de cv sofom enr;;0;;0.00;
erp para sofom;;0;;0.00;
erp sofom;;0;;0.00;
error scrip app safe open sofom;;0;;0.00;
es confiable confia en equipo s.a.p.i sofom;;0;;0.00;
es confiable confía en equipo sapi de cv sofom enr;;0;;0.00;
es confiable la empresa hidalfin s.a de c.v sofom e.n.r;;0;;0.00;
es confiable monetaria 21 sofom;;0;;0.00;
es correcto esquemas de sofom;;0;;0.00;
es es una sofom;;0;;0.00;
es legal trabajar mediante una sofom;;0;;0.00;
es obligartorio el auditor certificado para sofom cnbv;;0;;0.00;
es posible transferir la licencia de una sofom;;0;;0.00;
es segura financiera realidad sa de cf sofom enr;;0;;0.00;
es transferible la licencia de una sofom;;0;;0.00;
es un buen negocio constituir una sofom;;0;;0.00;
esential bussines park sofom enr;;0;;0.00;
esential bussnes park sofom;;0;;0.00;
especailistas en sofom;;0;;0.00;
especialistas en sofom;;0;;0.00;
esquema de una sofom;;0;;0.00;
esquemas soluciones capital s.a de c.v sofom e.n.r;;0;;0.00;
essential business park s.a de c.v sofom e.n.r;;0;;0.00;
essential business park s.a. de c.v. sofom e.n.r;;0;;0.00;
essential business park sofom;;0;;0.00;
essential business park sofom e.n.r;;0;;0.00;
establecimiento financiera sofom hermosillo son;;0;;0.00;
estadisticas de sofomes en mexico;;0;;0.00;
estadistico sofom de prestamos nomina;;0;;0.00;
estado de cuenta certificado por sofom;;0;;0.00;
estado de cuenta nomina apoyo sapi de cv sofom enr;;0;;0.00;
estado de cuenta romer mexico sa de cv sofom enr;;0;;0.00;
estado de cuenta sofom imbursa;;0;;0.00;
estado de cuenta sofom inbursa;;0;;0.00;
estado financiero dictamen sofom;;0;;0.00;
estado financiero dictaminado sofom;;0;;0.00;
estados de cuenta conservacion sofom;;0;;0.00;
estados financieros dictaminados sofom enr;;0;;0.00;
estados financieros sofom enr 2018;;0;;0.00;
estados financieros sofom er;;0;;0.00;
estadísitcas sofomes;;0;;0.00;
estan aobligadas las sofom a llevar libro de accionista;;0;;0.00;
estate & equity sa de cv sofom enr;;0;;0.00;
estatus de operacion de las sofomes;;0;;0.00;
estatus de operaciones de las sofomes e.n.r;;0;;0.00;
estatus de operaciones de las sofomes enr;;0;;0.00;
estatus de operación de las sofom;;0;;0.00;
estatus sofom;;0;;0.00;
estatutos de sofom enr aprobados por condusef;;0;;0.00;
estatutos de una sofom;;0;;0.00;
estatutos de una sofom aceptados por condusef;;0;;0.00;
estatutos de una sofom no regulada;;0;;0.00;
estatutos sociales de una sofom;;0;;0.00;
estatutos sociales de una sofom enr;;0;;0.00;
estatutos sociales sofom condusef;;0;;0.00;
estatutos sociales sofom enr;;0;;0.00;
estatutos sofom;;0;;0.00;
estatutos sofom enr;;0;;0.00;
estimacion de cuentas por cobrar sofom;;0;;0.00;
estimacion preventiva para riesgos crediticios sofom;;0;;0.00;
estimación de cuentas incobrables sofom;;0;;0.00;
estimación preventiva para riesgos crediticios sofom er;;0;;0.00;
estimación preventiva para riesgos crediticios sofom nif;;0;;0.00;
estimulos para las sofom;;0;;0.00;
estoy con un credito fovissste me puedo cambiar de sofom;;0;;0.00;
estratec s.a. de c.v sofom e.n.r;;0;;0.00;
estratec sa de cv sofom enr;;0;;0.00;
estrategia como sofom puede prestar una empresa sin lucros;;0;;0.00;
estrategia financiera sofom;;0;;0.00;
estrategia global sofom enr;;0;;0.00;
estrategias de avisos de cobros para de una sofom;;0;;0.00;
estrategias de cobranza de sofom;;0;;0.00;
estrategias de cobranzas de sofom enr;;0;;0.00;
estrategias de cobranzas em sofomes;;0;;0.00;
estrategias de condusef ante sofom;;0;;0.00;
estrategias de la sofom;;0;;0.00;
estrategias de marketing para sofom enr;;0;;0.00;
estrategias de pago para la sofom;;0;;0.00;
estrategias de sofom;;0;;0.00;
estrategias de sofom enr;;0;;0.00;
estrategias del sofom;;0;;0.00;
estrategias fiscales sofom;;0;;0.00;
estrategias y soluciones sofom;;0;;0.00;
estratégias para crecer s.a de c.v sofom e.n.r;;0;;0.00;
estrella sa de cv sofom enr;;0;;0.00;
estrella sofom la paz bcs;;0;;0.00;
estructura capital management sapi de cv sofom enr;;0;;0.00;
estructura capital sofom;;0;;0.00;
estructura de una sofom;;0;;0.00;
estructura organizacional sofom;;0;;0.00;
estuctura para realizar una evaluacion economiva finaciera de una sofomes;;0;;0.00;
estudio de mercado sofom;;0;;0.00;
etidades que dejaron de ser sofom estatus;;0;;0.00;
eurekasoli sa de cv sofom enr;;0;;0.00;
ev sofom;;0;;0.00;
evaluacion de condusef a sofomes 2019;;0;;0.00;
evaluacion de sofom;;0;;0.00;
evaluacion de sofom en tabasco;;0;;0.00;
evaluacion de sofom fovissste;;0;;0.00;
evaluacion de sofomes;;0;;0.00;
evaluacion de sofomes 2018;;0;;0.00;
evaluacion de sofomes 2019;;0;;0.00;
evaluacion de sofomes fovissste 2017;;0;;0.00;
evaluacion gafi mexico 2018 acciones para sofom;;0;;0.00;
evaluacion sofom 2018;;0;;0.00;
evaluacion sofomes fovissste;;0;;0.00;
evaluaciones sofomes fovisssste 2018;;0;;0.00;
evaluación de sofom fovisste;;0;;0.00;
evaluación nacional de riesgos sofom ener;;0;;0.00;
evaluación nacional de riesgos sofom enr;;0;;0.00;
eventjas de la sofom;;0;;0.00;
evento sofom;;0;;0.00;
evento sofomes;;0;;0.00;
excelentes sofom;;0;;0.00;
exigencias de las sofomes;;0;;0.00;
existe la sofom monetaria 21;;0;;0.00;
existen sofomes sofoles;;0;;0.00;
exitus credi sapi de cv sofom;;0;;0.00;
exitus credit s.a.p.i de c.v sofom e.n.r facturacion;;0;;0.00;
exitus credit sa de cv sofom enr en morelia;;0;;0.00;
exitus credit sapi de c.v sofom;;0;;0.00;
exitus credit sapi de cv sofom enr aviso de privacidad;;0;;0.00;
exitus credit sapi de cv sofom enr monterrey n.l;;0;;0.00;
exitus credit sapi de cv sofom enr telefono;;0;;0.00;
exitus sofom;;0;;0.00;
expansion capital de sur s.a de c.v sofom e.n.r;;0;;0.00;
expansion capital del sur sa de cv sofom enr;;0;;0.00;
expansion economica sa de cv sofom enr;;0;;0.00;
expansion kapital del sur s.a.p.i de c.v sofom enr;;0;;0.00;
expansion kapital del sur s.a.p.i de c.v sofom enr opiniones;;0;;0.00;
expansion kapital del sur sa de cv sofom enr;;0;;0.00;
expansión económica s.a de c.v sofom e.n.r;;0;;0.00;
expediente credito sofomes enr;;0;;0.00;
expediente de identificacion de clientes sofom enr;;0;;0.00;
expedientes sofomes enr;;0;;0.00;
experiencias con sofom;;0;;0.00;
experiencias con sofomes;;0;;0.00;
experiencias de prestamos personales de sofomes;;0;;0.00;
expertos en sofom y actividades vulnerables;;0;;0.00;
expo sofom 2019;;0;;0.00;
extranjeros con sofom;;0;;0.00;
extranjeros constituyen sofom;;0;;0.00;
extranjeros para constituir una sofom;;0;;0.00;
extranjeros sofom;;0;;0.00;
f creacion sa de cv sofom enr;;0;;0.00;
f3 mobileasing sapi de cv sofom enr;;0;;0.00;
faci casa sofom;;0;;0.00;
facicasa s.a de c.v sofom enr direccion;;0;;0.00;
facicasa sofom central;;0;;0.00;
facicasa sofom del valle;;0;;0.00;
facicasa sofom df;;0;;0.00;
facicasa sofom guanajuato;;0;;0.00;
facicasa sofom opiniones;;0;;0.00;
facicasa sofom sucursales;;0;;0.00;
facicasa sofom tlaxcala;;0;;0.00;
facicasa sofom toluca;;0;;0.00;
factor bajío sa de cv sofom enr;;0;;0.00;
factor de acreditamiento de iva en una sofom;;0;;0.00;
factor expres s.a.p.i de c.v sofom e;;0;;0.00;
factor expres sofom;;0;;0.00;
factor express sofom;;0;;0.00;
factor gfc global sofom enr;;0;;0.00;
factor gfc sofom;;0;;0.00;
factor global sofom ciudad victoria tamaulipas;;0;;0.00;
factor global sofom gfc 10 y 11 olivia ramirez;;0;;0.00;
factor global sofom gfc ciudad victoria tamaulipas;;0;;0.00;
factor global sofom logo;;0;;0.00;
factor global sofom xalapa;;0;;0.00;
factor óptimo s.a de c.v sofom enr;;0;;0.00;
factoraje afirme s.a de c.v sofom;;0;;0.00;
factoraje afirme s.a de c.v sofom er;;0;;0.00;
factoraje financiero caracteristicas sofom;;0;;0.00;
factoraje sofom;;0;;0.00;
factoraje sofom enr;;0;;0.00;
factoraje sofom no regulada;;0;;0.00;
factoring sofom;;0;;0.00;
factura paccar financial mexico sofom;;0;;0.00;
factura sofom;;0;;0.00;
factura una sofom;;0;;0.00;
facturacion de intereses en sofomes;;0;;0.00;
facturacion de una sofom;;0;;0.00;
facultades de una sofom;;0;;0.00;
famsa es banco o sofomes;;0;;0.00;
fasec capital s.a de c.v sofom enr;;0;;0.00;
fasi casa sofom;;0;;0.00;
fc financial s.a de c.v sofom e.r gru;;0;;0.00;
fc financial sa de cv sofom er gfi;;0;;0.00;
fc financial sa de cv sofom er grup;;0;;0.00;
fc financial sa de cv sofom er rfc;;0;;0.00;
fca diplomado sofom;;0;;0.00;
fca sofom;;0;;0.00;
fcapital mexico s.a.p.i de c.v.sofom e.n.r;;0;;0.00;
fcd sofom;;0;;0.00;
fcfinanal sa de cv sofom er gfi;;0;;0.00;
fcfinanal sa de cv sofom ergfi;;0;;0.00;
fecha de arrendadoras factoraje y sofol a sofome;;0;;0.00;
fecha de prescripcion prestamo sofom;;0;;0.00;
fecha de sustitucion de sofomes;;0;;0.00;
fecha limite dictamen tecnico sofom 2018;;0;;0.00;
fecha limite para presentar ante condusef las sofom;;0;;0.00;
fefinanacial sa de cv sofom;;0;;0.00;
feliz cumpleaños sofom;;0;;0.00;
fensa sofom;;0;;0.00;
fetco sa de cv sofom enr;;0;;0.00;
fgcap s.a.p.i de c.v sofom e.n.r;;0;;0.00;
fgcap s.a.p.i de c.v sofom e.n.r condusef;;0;;0.00;
fgs bridge sa de cv sofom enr;;0;;0.00;
fiananciamiento por sofomes;;0;;0.00;
fiananciamiento sofomes estudios de posgrado;;0;;0.00;
fiananciera realidad sofom ene;;0;;0.00;
ficade s.a de c.v sofom e.n.r;;0;;0.00;
ficampo sa de cv sofom enr;;0;;0.00;
ficampo sa de cv sofom enr la piedad mich;;0;;0.00;
ficen sofom;;0;;0.00;
fichas del banco de mexico pdf sofoles y sofomes;;0;;0.00;
fideicomiso de garantia sofom;;0;;0.00;
fideicomiso sofomer;;0;;0.00;
fideicomisos en los que puede participar una sofom;;0;;0.00;
fideicomisos que pueden hacer las sofomes;;0;;0.00;
fidemont mexico s.a de c.v sofom e.n.r;;0;;0.00;
fides gestion financiera s.a de c.v sofom enr;;0;;0.00;
fiduciario sofom;;0;;0.00;
fifac grupo s a de c v sofom;;0;;0.00;
fifac grupo s a de c v sofom enr;;0;;0.00;
fimubac s.a de c.v sofom e.n.r tijuana baja california;;0;;0.00;
fimubac sapi de cv sofom enr;;0;;0.00;
fin alta vista s.a de c.v sofom e.n.r;;0;;0.00;
fin cuatro sofom;;0;;0.00;
fin k2 s.a de c.v sofom e.n.r;;0;;0.00;
fin k2 s.a de c.v sofom enr;;0;;0.00;
fin util s.a de c.v sofom;;0;;0.00;
fin util s.a de c.v sofom enr donde se encuentra;;0;;0.00;
fin util s.a de c.v sofom enr telefono;;0;;0.00;
fin util sa de cv sofom chihuahua;;0;;0.00;
fin util sa de cv sofom enr estado de resultados;;0;;0.00;
fin util sa de cv sofom enr informacion financiera trimestral;;0;;0.00;
fin util sa de cv sofom enr morelia;;0;;0.00;
fin util sa de cv sofom enr razin social;;0;;0.00;
fin util sa de cv sofom enr razon comercial;;0;;0.00;
fin util sa de cv sofom enr rfc;;0;;0.00;
fin util sa de cv sofom enr seguros;;0;;0.00;
fin util sa de cv sofom enr telefono;;0;;0.00;
fin util sa de cv sofom enrestado de resultados;;0;;0.00;
fin útil s.a de c.v sofom e.n.r;;0;;0.00;
fin útil s.a de c.v sofom e.n.r cardenas tabasco;;0;;0.00;
fin4 sofom;;0;;0.00;
fina s.a de c.v sofom e.n.r ciudad de méxico;;0;;0.00;
fina s.a de c.v sofom e.n.r condusef;;0;;0.00;
fina sa de cv sofom;;0;;0.00;
fina sofom acapulco;;0;;0.00;
fina sofom campeche;;0;;0.00;
fina sofom cancun;;0;;0.00;
fina sofom cdmx;;0;;0.00;
fina sofom celaya;;0;;0.00;
fina sofom central;;0;;0.00;
fina sofom chetumal;;0;;0.00;
fina sofom chiapas;;0;;0.00;
fina sofom chihuahua;;0;;0.00;
fina sofom chilpancingo;;0;;0.00;
fina sofom comentarios negativos;;0;;0.00;
fina sofom condusef;;0;;0.00;
fina sofom denuncia;;0;;0.00;
fina sofom dirección;;0;;0.00;
fina sofom financiera;;0;;0.00;
fina sofom fraude;;0;;0.00;
fina sofom guanajuato;;0;;0.00;
fina sofom hermosillo;;0;;0.00;
fina sofom informacion popular;;0;;0.00;
fina sofom josé daniel graciano cuevas;;0;;0.00;
fina sofom merida;;0;;0.00;
fina sofom merida glendy;;0;;0.00;
fina sofom mexico;;0;;0.00;
fina sofom montecito;;0;;0.00;
fina sofom morelos;;0;;0.00;
fina sofom pachuca;;0;;0.00;
fina sofom png;;0;;0.00;
fina sofom san luis potosi;;0;;0.00;
fina sofom tabasco;;0;;0.00;
fina sofom telefonos;;0;;0.00;
fina sofom torreon;;0;;0.00;
fina sofom tuxtla gutierrez;;0;;0.00;
fina sofom villahermosa;;0;;0.00;
fina sofom xalapa;;0;;0.00;
finab s.a de c.v sofom e.n.r;;0;;0.00;
finacciona s.a.p.i de c.v sofom e.n.r;;0;;0.00;
finacen s.a de c.v sofom enr;;0;;0.00;
finactiv s.a de c.v sofom e.r queretaro;;0;;0.00;
finactiv sofom;;0;;0.00;
finadix sa de cv sofom condusef;;0;;0.00;
finadix sa de cv sofom enr condusef;;0;;0.00;
finadix sa de cv sofom enr tepic;;0;;0.00;
finadix sa de cv sofom tepic;;0;;0.00;
finae sa de cv sofom enr;;0;;0.00;
finae sapi de cv de sofom enr;;0;;0.00;
finagil s.a de c.v sofom e.n.r los mochis;;0;;0.00;
finagil s.a de c.v sofom e.n.r los mochis sinaloa;;0;;0.00;
finagil s.a de c.v sofom e.n.r t;;0;;0.00;
finagil s.a de c.v sofom e.n.r ubicacion en los mochis;;0;;0.00;
finagil sa de cv sofom;;0;;0.00;
finagil sa de cv sofom enr lavado de dinero;;0;;0.00;
finagil sa de cv sofom enr rfc;;0;;0.00;
finagil sofom;;0;;0.00;
finagil sofome;;0;;0.00;
finagrosol s.a de c.v sofom e.n.r;;0;;0.00;
finahcred de oaxaca sa de cv sofom enr;;0;;0.00;
finalam sa de cv sofom enr;;0;;0.00;
finaldo s.a de c.v sofom e.n.r cuernavaca;;0;;0.00;
finalidad laboral sapi de cv sofom enr;;0;;0.00;
finalux sa de cv sofom enr;;0;;0.00;
finamax s.a de c.v sofom e.n.r;;0;;0.00;
finamo sofom;;0;;0.00;
finance mexico sa de cv sofom;;0;;0.00;
finance mexico sa de cv sofom enr;;0;;0.00;
finance mexico sa de cv sofom er xalapa;;0;;0.00;
finance mexico sofom;;0;;0.00;
financenter sofom;;0;;0.00;
financia rca sofom;;0;;0.00;
financial business mexico sa de cv sofom enr;;0;;0.00;
financial business méxico s.a de c.v sofom e.n.r;;0;;0.00;
financial business sofom;;0;;0.00;
financial john deere sofom mexico;;0;;0.00;
financial services sofom;;0;;0.00;
financialmerc sa de cv sofom e.n.r;;0;;0.00;
financiamiento a sofomes en mexico;;0;;0.00;
financiamiento de una sofome;;0;;0.00;
financiamiento efectivo s.a de c.v sofom e.n.r;;0;;0.00;
financiamiento efectivo sa de cv sofom enr;;0;;0.00;
financiamiento en sofomes de emprendedores;;0;;0.00;
financiamiento para sofomes diferentes a la banca de desarrollo;;0;;0.00;
financiamiento para una sofom;;0;;0.00;
financiamiento progresemos sa cv sofom e n r;;0;;0.00;
financiamiento progresemos sa cv sofom e n r cdmx;;0;;0.00;
financiamiento progresemos sofom enr;;0;;0.00;
financiamiento sofomes;;0;;0.00;
financiamiento sofomes a la construccion;;0;;0.00;
financiamientos de sofom en mexico;;0;;0.00;
financiamientos sofom;;0;;0.00;
financiamineto publico sofomes;;0;;0.00;
financiando sociedad anonima de capital variable sofom entidad;;0;;0.00;
financiar otro sector sofom;;0;;0.00;
financiaría rca sofom;;0;;0.00;
financiera a crecer sofom;;0;;0.00;
financiera acercate a tu nomina s.a de c.v sofom e.n.r;;0;;0.00;
financiera acercate s.a de c.v sofom e.n.r;;0;;0.00;
financiera acercate sofom culiacan;;0;;0.00;
financiera afina s.a de c.v sofom e.n.r;;0;;0.00;
financiera agricola camargo sa de cv sofom;;0;;0.00;
financiera agricola y pecuaria sa de cv sofom enr;;0;;0.00;
financiera agropecuaria del sureste sa de cv sofom enr;;0;;0.00;
financiera aguascalientes s a de c v sofom e.n.r;;0;;0.00;
financiera aguascalientes sa de cv sofom;;0;;0.00;
financiera aguascalientes sa de cv sofom enr;;0;;0.00;
financiera alfil sa de cv sofom enr;;0;;0.00;
financiera alianza tarasca sa de cv sofom enr;;0;;0.00;
financiera alternativa19 del sur sa de cv sofom nr;;0;;0.00;
financiera altitud sofom;;0;;0.00;
financiera amigo sa de cv sofom enr;;0;;0.00;
financiera animo parea crecers.a de c.v sofom e.n.r;;0;;0.00;
financiera autopcion sa de cv sofom;;0;;0.00;
financiera autopción s.a de c.v sofom e.n.r;;0;;0.00;
financiera bajio sa de cv sofom enr cajeme sonora;;0;;0.00;
financiera bajio sa de cv sofom facturacion;;0;;0.00;
financiera bajio sa de cv sofom rfc;;0;;0.00;
financiera bajio sa de cv sofomer;;0;;0.00;
financiera bajío sa de cv sofom er;;0;;0.00;
financiera banregio s.a de c.v sofom e.r;;0;;0.00;
financiera bepensa sa de cv sofom;;0;;0.00;
financiera bepensa sa de cv sofom guadalajara;;0;;0.00;
financiera bepensa sofom;;0;;0.00;
financiera bepensa sofom enr mérida yuc;;0;;0.00;
financiera bepensa sofom enr mérida yucatán;;0;;0.00;
financiera braxel sa de cv sofom enr;;0;;0.00;
financiera braxel sa de cv sofom enr occ;;0;;0.00;
financiera braxel sa de cv sofom leon gto;;0;;0.00;
financiera braxel sa de cv sofom leon gto mapa;;0;;0.00;
financiera cefemex s.a de c.v sofom enr;;0;;0.00;
financiera cia sofom;;0;;0.00;
financiera cia sofom e.n.r tuxtla gutiérrez chis;;0;;0.00;
financiera cia sofom enr;;0;;0.00;
financiera cim sapi de cv sofom enr;;0;;0.00;
financiera creciendo juntos sa de cv sofom;;0;;0.00;
financiera credifimo sa de cv sofom;;0;;0.00;
financiera credintem s.a de c.v sofom e.n.r;;0;;0.00;
financiera credinter s.a de c.v sofom e.n.r;;0;;0.00;
financiera credisur s.a de c.v sofom;;0;;0.00;
financiera credisur s.a de c.v sofom rfc cin1606157k0;;0;;0.00;
financiera credusur s.a de c.v sofom rfc cin1606157k0;;0;;0.00;
financiera cualli sapi cv sofom enr;;0;;0.00;
financiera cuallix s.a de c.v sofom enr cancun;;0;;0.00;
financiera cuallix sofom;;0;;0.00;
financiera de esperanza s.a de c.v sofom e.n.r;;0;;0.00;
financiera didxazaa s.a de c.v sofom e.n.r;;0;;0.00;
financiera didxhazaa s.a de c.v sofom e.n.r;;0;;0.00;
financiera directodo mexico sapi de cv sofom enr;;0;;0.00;
financiera educativa de mexico sa de cv sofom enr;;0;;0.00;
financiera educativa de mexico sofom enr;;0;;0.00;
financiera emprendedores oportunidades para emprendedores sapi de cv sofom enr;;0;;0.00;
financiera equipat sofom enr;;0;;0.00;
financiera equipate sa de cv sofom enr;;0;;0.00;
financiera fersica s.a de c.v sofom e.n.r;;0;;0.00;
financiera finca s.a de c.v sofom enr puebla;;0;;0.00;
financiera finca s.a de c.v sofom enr tuxtepec tuxtepec oax;;0;;0.00;
financiera finca sa de cv sofom enr chilpancingo;;0;;0.00;
financiera finca sa de cv sofom enr organización principal;;0;;0.00;
financiera finocci sa de cv sofom enr;;0;;0.00;
financiera finsol s.a de c.v sofom e.n.r morelia mich;;0;;0.00;
financiera finsol s.a de c.v sofom e.n.r oficinas centrales;;0;;0.00;
financiera fisofo s.a de c.v sofom enr;;0;;0.00;
financiera fortaleza s.a de c.v sofom cdmx;;0;;0.00;
financiera fortaleza sa de cv sofom enr durango;;0;;0.00;
financiera fortaleza sa de cv sofom enr irapuato;;0;;0.00;
financiera fortaleza sofom ciudad de méxico cdmx;;0;;0.00;
financiera fortaleza sofom enr ciudad de méxico cdmx;;0;;0.00;
financiera fortaleza sofom enr ciudad de méxico df;;0;;0.00;
financiera fortaleza sofom enr sa de cv bayport mexico dirección;;0;;0.00;
financiera fortaza sofom;;0;;0.00;
financiera fortaza sofom villahermosa;;0;;0.00;
financiera gb plus s.a de c.v sofom enr;;0;;0.00;
financiera gb plus s.a de c.v sofom enr xalapa;;0;;0.00;
financiera global sa de cv sofom;;0;;0.00;
financiera grameen carso sa de cv sofom er;;0;;0.00;
financiera grunti sa de cv sofom enr;;0;;0.00;
financiera grunti sa de cv sofom enr tizayuca hgo;;0;;0.00;
financiera hb sofom;;0;;0.00;
financiera incentiva s.a.p.i de c.v sofom e.n.r;;0;;0.00;
financiera independencia financiera finsol s.a de c.v sofom e.n.r;;0;;0.00;
financiera independencia fisofo s.a de c.v sofom e.n.r;;0;;0.00;
financiera independencia s.a de c.v sofom enr antecedentes penales;;0;;0.00;
financiera independencia s.a.b de c.v sofom;;0;;0.00;
financiera independencia s.a.b de c.v sofom e.n.r cozumel;;0;;0.00;
financiera independencia s.a.b de c.v sofom e.n.r reportes financieros;;0;;0.00;
financiera independencia s.a.b de c.v sofom logo png;;0;;0.00;
financiera independencia sa b de cv sofom e n r;;0;;0.00;
financiera independencia sab de cv sofom e n r filiales;;0;;0.00;
financiera independencia sab de cv sofom enr chilpancingo gro;;0;;0.00;
financiera independencia sab de cv sofom enr mérida yuc;;0;;0.00;
financiera independencia sab de cv sofom enr veracruz ver;;0;;0.00;
financiera independencia sab sofom enr;;0;;0.00;
financiera independencia sofom;;0;;0.00;
financiera independencía s.a de c.v sofom enr;;0;;0.00;
financiera independencía s.a de c.v sofom enr en tapachula;;0;;0.00;
financiera independencía s.a de c.v sofom enr tapachula;;0;;0.00;
financiera independencía s.a de c.v sofom enr tapachula chiapas;;0;;0.00;
financiera insurgentes s.a de c.v sofom e.n.r;;0;;0.00;
financiera insurgentes s.a.p.i de c.v sofom e.n.r;;0;;0.00;
financiera insurgentes sapi sa de cv sofom enr;;0;;0.00;
financiera integral mexicana s.a de c.v sofom e.n.r;;0;;0.00;
financiera integral mexicana sa de cv sofom enr;;0;;0.00;
financiera jck s.a de c.v sofom e.n.r;;0;;0.00;
financiera kronos sapi de cv sofom enr;;0;;0.00;
financiera la oveja sofom;;0;;0.00;
financiera labor sa de cv sofom enr guadalajara;;0;;0.00;
financiera labor sapi de cv sofom enr rfc;;0;;0.00;
financiera labor sapi de cv sofom enr telefono;;0;;0.00;
financiera labor sapi de cv sofom enr tizayuca;;0;;0.00;
financiera labor sapi de sofom bolsa de trabajo;;0;;0.00;
financiera local s.a de c.v sofom e.n.r teléfono;;0;;0.00;
financiera local sofom;;0;;0.00;
financiera los alamos sa de cv sofom enr;;0;;0.00;
financiera maestra sa de cv sofom cd valles;;0;;0.00;
financiera maestra ver c.v sofom;;0;;0.00;
financiera mariana sa de cv sofom enr;;0;;0.00;
financiera marjo sa de cv sofom enr ubicacion;;0;;0.00;
financiera mexi sofom;;0;;0.00;
financiera microcam s.a de c.v sofom e.n.r;;0;;0.00;
financiera mm.s.a.p.i s.a de c.v sofom e.n.r;;0;;0.00;
financiera monetaria 21 sofom;;0;;0.00;
financiera oca sofom;;0;;0.00;
financiera olin es una sofom er o enr;;0;;0.00;
financiera olin sofom enr;;0;;0.00;
financiera olin sofom er;;0;;0.00;
financiera para el desarrollo rural sa de cv sofom;;0;;0.00;
financiera peflo s a de c v sofom enr;;0;;0.00;
financiera pequeña australia sa de cv sofom enr;;0;;0.00;
financiera pide s.a de c.v sofom e.n.r;;0;;0.00;
financiera por el impulso economico s.a de c.v sofom enr;;0;;0.00;
financiera premier s.a de c.v sofom e.n.r;;0;;0.00;
financiera premo sofom;;0;;0.00;
financiera productora empresarial sa de cv sofom de er;;0;;0.00;
financiera promotoria vvv sapi de cv sofom enr;;0;;0.00;
financiera promotoria vvv sapi de cv sofom enr xalapa;;0;;0.00;
financiera prosperidad sa cv sofom enr;;0;;0.00;
financiera realidad sa de cv sofom enr en monterrey;;0;;0.00;
financiera realidad sofom;;0;;0.00;
financiera realidad sofom enr;;0;;0.00;
financiera realidad sofom enr monterrey n.l;;0;;0.00;
financiera red prospera s.a de c.v sofom enr;;0;;0.00;
financiera roshfin sofom;;0;;0.00;
financiera rural sofom manual;;0;;0.00;
financiera s.a de c.v sofom enr puebla;;0;;0.00;
financiera san ysidro sa de cv sofom enr direccion;;0;;0.00;
financiera semis sofom;;0;;0.00;
financiera siempre creciendo s.a de c.v sofom;;0;;0.00;
financiera siempre creciendo s.a de c.v sofom veracruz;;0;;0.00;
financiera sofom benito juarez;;0;;0.00;
financiera sofom cd juarez;;0;;0.00;
financiera sofom cd juárez;;0;;0.00;
financiera sofom en chihuahua;;0;;0.00;
financiera sofom enr;;0;;0.00;
financiera sofom enr requisitos;;0;;0.00;
financiera sofom gustavo a madero cdmx;;0;;0.00;
financiera sofom hermosillo;;0;;0.00;
financiera sofom hermosillo son;;0;;0.00;
financiera sofom inbursa;;0;;0.00;
financiera sofom morelia;;0;;0.00;
financiera sofom saltillo;;0;;0.00;
financiera sofom torreon;;0;;0.00;
financiera solfi sofom enr;;0;;0.00;
financiera te creemos s.a de c.v sofipo tcrosefin sofom e.n.r;;0;;0.00;
financiera trinitas s.a de c.v sofom enr;;0;;0.00;
financiera trínitas s.a de c.v sofom e.n.r;;0;;0.00;
financiera tu eliges sa de cv sofom enr;;0;;0.00;
financiera uno mt s.a de c.v sofom e.n.r;;0;;0.00;
financieras en morelia afiliadas a sofom;;0;;0.00;
financieras que maneja s p.i de cv sofom e.n.r;;0;;0.00;
financieras sofom df;;0;;0.00;
financieras sofom en azcapotzalco;;0;;0.00;
financieras sofom en mexico;;0;;0.00;
financieras sofom en puebla;;0;;0.00;
financiero sa de cv sofom;;0;;0.00;
financiero sofom;;0;;0.00;
financieros contigo sapi de cv sofom enr;;0;;0.00;
finanmadrid mexico sa de cv sofom enr;;0;;0.00;
finanmadrid mexico sa de cv sofom er en yucatan;;0;;0.00;
finanmadrid mexico sa de cv sofom r;;0;;0.00;
finanmadrid méxico s.a de c.v sofom e.r;;0;;0.00;
finanmadrid méxico s.a. de c.v. sofom e.r rfc;;0;;0.00;
finantial business mexico s.a de c.v sofom enr;;0;;0.00;
finantial business méxico s.a de c.v sofom e.n.r;;0;;0.00;
finanzas alternativas sa de cv sofom e.n.r;;0;;0.00;
finanzas alternativas sa de cv sofom e.n.r colombia;;0;;0.00;
finanzas practicas en sofom;;0;;0.00;
finapoyo s.a de c.v sofom e.n.r;;0;;0.00;
finastrategy mx sapi de cv sofom enr;;0;;0.00;
fincecrem sofom;;0;;0.00;
fincrece sa de cv sofom;;0;;0.00;
fincrece sa de cv sofom enr;;0;;0.00;
fincrece sofom villahermosa tab;;0;;0.00;
fincrecem s.a de c.v sofom deposito;;0;;0.00;
fincrecem s.a de c.v sofom deposito qr;;0;;0.00;
fincrecem sofom;;0;;0.00;
fincrecen de comitan sa de cv sofom enr;;0;;0.00;
findar sa de cv sofom enr;;0;;0.00;
findeca sofom;;0;;0.00;
findenca sa de cv sofom enr;;0;;0.00;
finder innovadores financieros sa de cv sofom enr;;0;;0.00;
finem sofom;;0;;0.00;
finh sofom;;0;;0.00;
finh soluciones económicas s.a.p.i de c.v sofom e.n.r;;0;;0.00;
fink2 sa de cv sofom enr;;0;;0.00;
fink2 sofom;;0;;0.00;
finlag sa de cv sofom enr chihuahua;;0;;0.00;
finlag sa de cv sofom enr mazatlan;;0;;0.00;
finlag sofom telefono;;0;;0.00;
finmart s.a de c.v sofom;;0;;0.00;
finmart s.a de c.v sofom enr;;0;;0.00;
finmart sapi de cv sofom enr;;0;;0.00;
finmes s a de c v sofom enr oaxaca;;0;;0.00;
finocci s.a de c.v sofom e.n.r;;0;;0.00;
finocci s.a de c.v sofom e.n.r toluca;;0;;0.00;
finocci sofom;;0;;0.00;
finomina sofom enr;;0;;0.00;
finpatria s.a de c.v sofom enr juárez ciudad de méxico;;0;;0.00;
finpatria sa de cv sofom enr;;0;;0.00;
finprospera s.a.p.i de c.v sofom e.n.r;;0;;0.00;
finprospera sapi de cv sofom;;0;;0.00;
finreg sa de cv sofom;;0;;0.00;
finreg sa de cv sofom enr ciudad obregón son;;0;;0.00;
fintegra sofom;;0;;0.00;
fintek energía s.a.p.i de c.v sofom e.n.r;;0;;0.00;
finutil sofom;;0;;0.00;
finvay s.a de c.v sofom e.n.r;;0;;0.00;
finvay sa de cv sofom enr;;0;;0.00;
finvivir sa de cv sofom;;0;;0.00;
fir credit sofom;;0;;0.00;
fira sofomes;;0;;0.00;
firma krediet sa de cv sofom enr;;0;;0.00;
firma kredit sa de cv sofom enr;;0;;0.00;
firme soluciones s.a de c.v sofom e.n.r;;0;;0.00;
firmes s a de c v sofom enr oaxaca;;0;;0.00;
fisatel méxico s.a de c.v sofom e.n.r;;0;;0.00;
fisofo s.a de c.v sofom e.n.r condiciones de contrato;;0;;0.00;
fisofo s.a de c.v sofom enr 344.36;;0;;0.00;
fisofo sa de cv sofom enr domicilios;;0;;0.00;
fisofo sa de cv sofom enr domicilios culiacan;;0;;0.00;
fisol financial solutions sapi de cv sofom enr;;0;;0.00;
fisol-financial solutions s.a.p.i de c.v sofom e.n.r;;0;;0.00;
fiunciones de una sofom;;0;;0.00;
fivermex sofom enr sa de cv;;0;;0.00;
flemon s.a de c.v sofom enr;;0;;0.00;
flemor s.a de c.v sofom enr;;0;;0.00;
flujo de efectivo sofom;;0;;0.00;
flujo para prevenir el lavado de dinero en una sofom;;0;;0.00;
flux financiera s.a de c.v sofom e.n.r;;0;;0.00;
flux financiera sa de cv sofom;;0;;0.00;
flux financiera sa de cv sofom enr;;0;;0.00;
flyer promocionales sofom;;0;;0.00;
fnd fondeador sofomes;;0;;0.00;
fnd sofom;;0;;0.00;
fobien sa de cv sofom enr;;0;;0.00;
foda de una sofom;;0;;0.00;
folios de multas sofom;;0;;0.00;
fomenta gbm s.a de c.v sofom e.n.r;;0;;0.00;
fomenta sofom;;0;;0.00;
fomento confiable s.a de c.v sofom e.n.r;;0;;0.00;
fomento de negocios hermes s.a de c.v sofom e.n.r;;0;;0.00;
fomento economico del noroeste sa de cv sofom enr;;0;;0.00;
fomento multiempresarial sa de cv sofom fomin;;0;;0.00;
fomento y desarrollo pro veracruz sa de cv sofom enr;;0;;0.00;
fomepade sa de c.v sofom;;0;;0.00;
fomepade sa de cv sofom;;0;;0.00;
fomepade sa de cv sofom enr puebla;;0;;0.00;
fomepade sa de cv sofom enr rfc;;0;;0.00;
fomepade sofom;;0;;0.00;
foncrem s.a de c.v sofom enr;;0;;0.00;
fondeadores de sofomes;;0;;0.00;
fondeo alternativo para sofom;;0;;0.00;
fondeo de sofomes;;0;;0.00;
fondeo horizonte sapi de cv sofom enr;;0;;0.00;
fondeo internacional para sofomes;;0;;0.00;
fondeo para sofom internacional;;0;;0.00;
fondeo para sofomes el economista;;0;;0.00;
fondeo para sofomes internacional;;0;;0.00;
fondeo privado para sofom;;0;;0.00;
fondeo sobre sofom;;0;;0.00;
fondera sofom;;0;;0.00;
fondeso sofol sofome;;0;;0.00;
fondo ach sa de cv sofom enr;;0;;0.00;
fondo blue water sapi de cv sofom enr;;0;;0.00;
fondo creacion sa de cv sofom enr;;0;;0.00;
fondo creación sofom enr s.a de c.v;;0;;0.00;
fondo creación sofom enr s.a de c.v cdmx;;0;;0.00;
fondo h sa de cv sofom enr;;0;;0.00;
fondo para ayuntamiento sofom;;0;;0.00;
fondo sofom;;0;;0.00;
fondo sofom ayuntamiento;;0;;0.00;
for the planet sapi sofom;;0;;0.00;
forbes sofom;;0;;0.00;
ford credit de mexico sa de cv sofom er telefono;;0;;0.00;
ford credit de méxico s.a de c.v sofom;;0;;0.00;
ford credit de méxico sofom director;;0;;0.00;
ford sofom;;0;;0.00;
ford sofome;;0;;0.00;
forjadores de negocios s.a de c.v sofom mexico;;0;;0.00;
forjadores de negocios sa de cv sofom;;0;;0.00;
formas precodificadas sofom;;0;;0.00;
formato asamblea transformación sa de cv a sofom;;0;;0.00;
formato cambio de sofom;;0;;0.00;
formato cambio de sofom fovissste;;0;;0.00;
formato contrato compra venta de casa sofom;;0;;0.00;
formato contrato compra venta sofom;;0;;0.00;
formato de acta constitutiva de una sofom;;0;;0.00;
formato de acta constitutiva de una sofom enr;;0;;0.00;
formato de cambio de sofom fovissste;;0;;0.00;
formato de promesa de pago para sofom;;0;;0.00;
formato de sofom;;0;;0.00;
formato para cambio de sofom;;0;;0.00;
formato para contrato de promesa de compraventa de una sofom;;0;;0.00;
formatos contratacion empleados sofom;;0;;0.00;
formatos contratacion sofom;;0;;0.00;
formatos declaratoria de empledos sofom;;0;;0.00;
formatos empledos sofom;;0;;0.00;
formatos para solicitud de credito sofom inbursa;;0;;0.00;
formatos para solicitud de credito sofom inbursa persona fisica;;0;;0.00;
formatos sofom;;0;;0.00;
formatoss de creditos individuales de sofom en yucatan;;0;;0.00;
formmato de autorizacion definido para las sofom e.n.r;;0;;0.00;
formula sofomes;;0;;0.00;
formulas para calcular el pago de sofomes;;0;;0.00;
formulas para caluclar el pago de sofomes;;0;;0.00;
foro sofom;;0;;0.00;
foro sofom 2018;;0;;0.00;
foro sofom asofich;;0;;0.00;
fortaleza ami futuro sa de cv sofom enr crédito;;0;;0.00;
fortaleza sa de cv sofom enr;;0;;0.00;
fortaleza sofom;;0;;0.00;
fortrade sofom;;0;;0.00;
foviiiste sofom;;0;;0.00;
fovissste aclaración de sofom;;0;;0.00;
fovissste cambio de sofom;;0;;0.00;
fovissste directorio sofomes;;0;;0.00;
fovissste lista de sofom;;0;;0.00;
fovissste sofom 2017;;0;;0.00;
fovissste sofom autorizadas cd victoria;;0;;0.00;
fovissste sofom autorizadas cdvictoria;;0;;0.00;
fovissste sofom san luis;;0;;0.00;
fovissste ya no presta dinero ahora lo hace la sofom;;0;;0.00;
fovisste sofom;;0;;0.00;
foviste calificaciones de sofom;;0;;0.00;
foviste sofom;;0;;0.00;
fovistte sumaexpre sofom tabasco;;0;;0.00;
fracaso sofom su casita;;0;;0.00;
franquicia sofom;;0;;0.00;
fraude creditos sofom;;0;;0.00;
fraude creditos sofom denise maerker;;0;;0.00;
fraude simulación sofom;;0;;0.00;
fraude sofom financiera;;0;;0.00;
fraudes con sofom;;0;;0.00;
fraudes de sofomes falsas;;0;;0.00;
fraudes sofom;;0;;0.00;
free sofom templates;;0;;0.00;
fuente de fondeo de una sofom;;0;;0.00;
fuentes de financiamiento para sofomes;;0;;0.00;
fuentes de fondeo para sofomes;;0;;0.00;
fuentes fondeo para sofomes;;0;;0.00;
fuentes fondeo sofom;;0;;0.00;
fuerza economica sofom;;0;;0.00;
funcion de las sofomes;;0;;0.00;
funcionamiento adecuado financiera sofom;;0;;0.00;
funcionamiento adecuado sofom;;0;;0.00;
funcionamiento de sofom er;;0;;0.00;
funciones de la sofom;;0;;0.00;
funciones de la sofomes;;0;;0.00;
funciones de las sofomes;;0;;0.00;
funciones de sofomes;;0;;0.00;
funciones de un oficial de cumplimiento en una sofom;;0;;0.00;
funciones del oficial de cumplimiento en una sofom;;0;;0.00;
funciones generales de la sofom;;0;;0.00;
funciones generales de sofom;;0;;0.00;
funciones genetales de sofom;;0;;0.00;
funciones oficial de cumplimiento sofom;;0;;0.00;
funciones sofome;;0;;0.00;
funciones sofomes;;0;;0.00;
función financiera otorga el sofome;;0;;0.00;
fundamento leal capacitacion anual pld ft sofomes;;0;;0.00;
fundamento legal de la sofom;;0;;0.00;
fundamento legal de sofomes;;0;;0.00;
fundamento legal en la constitución de una sofom;;0;;0.00;
fundamento legal para constituir una sofom;;0;;0.00;
fundamento legal para la constitucion de una sofom;;0;;0.00;
fundamento legal sofom;;0;;0.00;
fundamento sofom;;0;;0.00;
fundamento sofom contrato adhesion;;0;;0.00;
futuro abc s.a.p.i de c.v sofom e.n.r;;0;;0.00;
futuro abc s.a.p.i. de c.v. sofom e.n.r;;0;;0.00;
futuro abc sa de cv sofom enr;;0;;0.00;
futuro abc sapi de cv sofom enr;;0;;0.00;
futuro de la sofom en mexico;;0;;0.00;
fycampo sa de cv sofom enr;;0;;0.00;
g308 estrategia y soluciones sa de cv sofom enr;;0;;0.00;
gamu consultores s.a de c.v sofom e.n.r y asesores hipotecarios;;0;;0.00;
gamu consultores sa de cv sofom;;0;;0.00;
gamu consultores sa de cv sofom telefono;;0;;0.00;
gamu consultores sa de cv sofom xalapa;;0;;0.00;
gamu consultores sofom avenida cuauhtémoc las quintas cuernavaca;;0;;0.00;
gamu consultores sofom slp;;0;;0.00;
gamu consultores sofom xalapa;;0;;0.00;
gamu sofom dirección;;0;;0.00;
gamu sofom san luis potosi;;0;;0.00;
gamu sofom slp;;0;;0.00;
gamu sofom xalapa;;0;;0.00;
gamuconsultores s.a.de c.v.sofom e.n.r;;0;;0.00;
garantia fiduciaria mexicana sa de cv sofom enr;;0;;0.00;
gasbel financiera s.a de c.v sofom e.n.r;;0;;0.00;
gasbel financiera s.a de c.v sofom e.n.r tijuana;;0;;0.00;
gasbel financiera s.a de c.v sofom e.n.r tijuana b.c;;0;;0.00;
gasbel financiera s.a de c.v sofom e.n.r tijuana b.c telefono;;0;;0.00;
gastos que surgen en la creacion de una sofom;;0;;0.00;
gb plus s.a de c.v sofom enr intermercado;;0;;0.00;
gb plus sa de cv sofom enr correo;;0;;0.00;
gb plus sa de cv sofom enr cuanto pagan;;0;;0.00;
gb plus sa de cv sofom enr xalapa;;0;;0.00;
gb plus sa de cv sofom xalapa;;0;;0.00;
gbm sofom;;0;;0.00;
gcm sapi de cv sofom enr;;0;;0.00;
gdm3 sofom;;0;;0.00;
ge consumo mexico sa de cv sofom enr;;0;;0.00;
ge money credito hipotecario sa de cv sofom;;0;;0.00;
ge money crédito hipotecario s.a de c.v sofom;;0;;0.00;
gea captal s.a de c.v sofom;;0;;0.00;
genera destino sapi de cv sofom enr;;0;;0.00;
generalidades de las sofomes;;0;;0.00;
genesis sofom;;0;;0.00;
geo sofom;;0;;0.00;
gerente de operaciones sofom;;0;;0.00;
gerente de operaciones sofom sueldo promedio;;0;;0.00;
gerente de sistemas en mizrafin sapi cv sofom enr linkedin;;0;;0.00;
gerente en sucursal de sofom;;0;;0.00;
gestion de sofomes;;0;;0.00;
gestion del riesgo sofom;;0;;0.00;
gestion sofomes;;0;;0.00;
gestion y logistica del noreste s.a de c.v sofom enr;;0;;0.00;
gestion y soluciones agropecuarias sa de cv sofom enr;;0;;0.00;
gestiona capital soluciones sapi de cv sofom enr;;0;;0.00;
gestiones efectivas celaya sofom enr;;0;;0.00;
gf om sa de cv sofom enr;;0;;0.00;
gfcm comercial mexico s.a de c.v sofom e.n.r sucursal colombia;;0;;0.00;
gfcm comercial mexico s.a de c.v sofom e.n.r sucursal mexico;;0;;0.00;
gfcm comercial méxico s.a de c.v sofom e.n.r;;0;;0.00;
gfcm comercial méxico s.a. de c.v. sofom e.n.r;;0;;0.00;
gfi apoyo s.a.de c.v sofom e.n.r director;;0;;0.00;
gfi apoyo sa de cv sofom;;0;;0.00;
gfl sofom;;0;;0.00;
gfm sofom;;0;;0.00;
gfm-sofome.coom;;0;;0.00;
gi de occidente s.a de c.v sofom e.n.r;;0;;0.00;
gi de occidente sofom;;0;;0.00;
giro de las sofomes;;0;;0.00;
gistsociedad financiera equípate s.a de c.v sofom e.n.r;;0;;0.00;
global card sa de cv sofom;;0;;0.00;
global financial sofom enr;;0;;0.00;
global lending corporation sa de cv sofom enr;;0;;0.00;
global lending sofom;;0;;0.00;
global sofom;;0;;0.00;
globimex sa de cv sofom enr;;0;;0.00;
globo rural sofom wikipedia;;0;;0.00;
gm financial de mexico sa de cv sofom enr rfc;;0;;0.00;
gm financial de mexico sa de cv sofom tampico;;0;;0.00;
gm financial de mexico sa de cv sofom telefono;;0;;0.00;
gm financial de mexico sa de cv sofom telefono tampico;;0;;0.00;
gm financial de mexico sa de cv sofomer;;0;;0.00;
gm financial de mexico sa de cv sofomer domicilio;;0;;0.00;
gm financial de méxico s.a de c.v sofom;;0;;0.00;
gm financial de méxico s.a de c.v sofom e.r gme951215a8a;;0;;0.00;
gm financial de méxico s.a de c.v sofom e.r sat;;0;;0.00;
gm financial de méxico sa de cv sofom er rfc;;0;;0.00;
gm financial sa de cv sofom enr;;0;;0.00;
gm financial sofom;;0;;0.00;
gmac financiera sa de cv sofom enr;;0;;0.00;
gmac financiera sa de cv sofom enr las américas ecatepec;;0;;0.00;
gmac financiera sa de cv sofom enr remates hipotecarios;;0;;0.00;
gni financial s.a.p.i de c.v sofom e.n.r;;0;;0.00;
gnp seguros valmex soluciones financieras s.a de c.v sofom e.n.r;;0;;0.00;
gnp sofom;;0;;0.00;
gnp sofom s.a;;0;;0.00;
gob sofom;;0;;0.00;
gobierno federal sofom;;0;;0.00;
gobierno federal sofomes;;0;;0.00;
gocredit sofom;;0;;0.00;
gofin s.a de c.v sofom e.n.r;;0;;0.00;
goifin sa de cv sofom enr;;0;;0.00;
goldberg-zogovic s.a de c.v sofom;;0;;0.00;
goldberg-zogovic s.a de c.v sofom e.n.r;;0;;0.00;
goldberg-zogovic s.a de c.v sofom e.n.r calle ajus;;0;;0.00;
goldberg-zogovic s.a de c.v sofom e.n.r calle ajusco 24;;0;;0.00;
goldberg-zogovic s.a.p.i de c.v sofom e.n.r;;0;;0.00;
gp plus sa de cv sofom puebla;;0;;0.00;
gp plus sa de cv sofom telefono y direccion puebla;;0;;0.00;
gp plus sa decv sofom puebla;;0;;0.00;
grameen carso s.a de c.v sofom;;0;;0.00;
grameen carso s.a de c.v sofom e.r 3 evaluaciones;;0;;0.00;
grameen carso s.a de c.v sofom e.r puebla;;0;;0.00;
grameen carso s.a de c.v sofom e.r tuxtla;;0;;0.00;
grameen carso s.a de c.v sofom er horario;;0;;0.00;
grameen carso s.a de c.v sofom er oaxaca;;0;;0.00;
grameen carso s.a de c.v sofom er oaxaca oax;;0;;0.00;
grameen carso sa de cv sofom er atlixco;;0;;0.00;
grameen de la frontera sonora s.a de c.v sofom e.n.r;;0;;0.00;
grammen carso sofom;;0;;0.00;
grano futura sa sofom;;0;;0.00;
gratis auto sofom;;0;;0.00;
grego s.a de c.v sofomen enr;;0;;0.00;
grt ganactivas s.a.p.i de c.v.sofom e n r;;0;;0.00;
grt ganactivas s.a.p.i e c.v.sofom e n r;;0;;0.00;
grufimex sofom;;0;;0.00;
grupimex sofom;;0;;0.00;
grupo accretio sofom enr;;0;;0.00;
grupo anisal s.a de c.v sofom;;0;;0.00;
grupo anisal s.a de c.v sofom culiacan;;0;;0.00;
grupo anisal s.a de c.v sofom e.n.r;;0;;0.00;
grupo anisal s.a de c.v sofom e.n.r año constitucion;;0;;0.00;
grupo anisal sa de cv sofom enr chihuahua;;0;;0.00;
grupo anisal sofom;;0;;0.00;
grupo anisal sofom culiacan;;0;;0.00;
grupo anjolin s.a de c.v sofom e.n.r;;0;;0.00;
grupo asesor creavanza sapa de cv sofom enr;;0;;0.00;
grupo asesor creavanza sapi de cv sofom enr;;0;;0.00;
grupo bepensa sofom enr;;0;;0.00;
grupo bepsa sofom enr;;0;;0.00;
grupo canizal sofom;;0;;0.00;
grupo cassanra s.a de c.v sofom e.n.r;;0;;0.00;
grupo corporativo benefit méxico sapi de c.v sofom enr;;0;;0.00;
grupo de desarrollo crece sa de cv sofom;;0;;0.00;
grupo de sofom michoacan;;0;;0.00;
grupo emprende sofom;;0;;0.00;
grupo emprendedor gcm sapi de cv sofom enr;;0;;0.00;
grupo empresarial y proyectos arvido sapi de c.v sofom e.n;;0;;0.00;
grupo enprende sa de cv sofom enr;;0;;0.00;
grupo fast servicios financieros sa de cv sofom enr;;0;;0.00;
grupo financiamiento s.a de c.v sofom e.n.r;;0;;0.00;
grupo financiero confia en equipo s.a.p.i de c.v sofom e.n.r;;0;;0.00;
grupo financiero confia en equipo sapisa de cv sofom enr;;0;;0.00;
grupo financiero confía en equipo sapi de cv sofom enr;;0;;0.00;
grupo financiero de mexico sofom;;0;;0.00;
grupo financiero mexicano gfm sofome;;0;;0.00;
grupo financiero santander santander hipotecario sa de cv sofom er;;0;;0.00;
grupo finclusion de méxico sapi de c.v sofom en;;0;;0.00;
grupo finterra s.a de c.v es una abanca sofom;;0;;0.00;
grupo ibc sofom;;0;;0.00;
grupo impulsor progresa tp s.a de c.v sofom enr;;0;;0.00;
grupo k f s.a de c.v sofom enr culiacan;;0;;0.00;
grupo kassandra s.a de c.v sofom e.n.r;;0;;0.00;
grupo kf s.a de c.v sofom de c.v;;0;;0.00;
grupo kf s.a de c.v sofom e.n.r como consultar;;0;;0.00;
grupo kf s.a de c.v sofom e.n.r morelia;;0;;0.00;
grupo kf s.a de c.v sofom enr telefono;;0;;0.00;
grupo kf sa de cv sofom;;0;;0.00;
grupo lunma s.a de c.v sofom e.n.r telefono;;0;;0.00;
grupo lunmas.a de c.v sofom e.n.r;;0;;0.00;
grupo mexlazza sa de cv sofom enr;;0;;0.00;
grupo otz sa de cv sofom enr;;0;;0.00;
grupo peben sa de cv sofom;;0;;0.00;
grupo prestanómina sa de cv sofom enr;;0;;0.00;
grupo profuro sofom;;0;;0.00;
grupo profuro sofom tijuana;;0;;0.00;
grupo promotor garrom sa de cv sofom enr;;0;;0.00;
grupo regional de negocios s.a de c.v sofom enr;;0;;0.00;
grupo regional de negocios sa de cv sofom;;0;;0.00;
grupo sinergia sofom;;0;;0.00;
grupo sisfin s.a de c.v sofom e.n.r;;0;;0.00;
grupo sofom enr;;0;;0.00;
grupo sofom enr slp;;0;;0.00;
grupo ufimas s.a de c.v sofom e.n.r;;0;;0.00;
grupo veracruzano desarrollo de capital s.a de c.v sofom enr;;0;;0.00;
grupo veracruzano desarrollo de capital sa de cv sofom enr;;0;;0.00;
grupo.kfs.a de c.v sofom enr;;0;;0.00;
gsc sofom;;0;;0.00;
gte credit sapi de cv sofom enr;;0;;0.00;
gtu sofom;;0;;0.00;
gueld internacional sofom;;0;;0.00;
guerra de sofoma fernanfo lijan;;0;;0.00;
guia de cumplimiento lavado de dinero sofom;;0;;0.00;
guia de la supervision para sofom;;0;;0.00;
guia de la supervision para sofom cnbv;;0;;0.00;
guia de pre registro de sofom;;0;;0.00;
guia para consitucion ifr sofom;;0;;0.00;
guia para constitución ifr sofom;;0;;0.00;
guia para crear una sofom;;0;;0.00;
guia para emitir el dictamen tecnico sofom;;0;;0.00;
guia para la constitución de una sofom;;0;;0.00;
guia para la metodologia de evaluacion de riesgos sofom enr;;0;;0.00;
guia para un enfoque basado en riesgo gafi sofomes enr;;0;;0.00;
guia sofom;;0;;0.00;
guia sofom enr;;0;;0.00;
guia sofom enr 2019;;0;;0.00;
guia sofomes;;0;;0.00;
guilmsa sa de cv sofom enr;;0;;0.00;
gv capital sapi de cv sofom enr;;0;;0.00;
gy asociados mx temarios temario curso de contabilidad sofomes;;0;;0.00;
h m reit s.a.p.i de c.v sofom e.n.r;;0;;0.00;
hacemos equipo sapi de cv sofom enr;;0;;0.00;
hacer capital corporation sapi de cv sofom enr;;0;;0.00;
hacer capital corporation sofom;;0;;0.00;
hacer descuentos via nomina sofom;;0;;0.00;
hacer una sofom;;0;;0.00;
happy credit s.a de c.v sofom e.n.r;;0;;0.00;
hay apoyos gubernamentales para las sofom;;0;;0.00;
hay iva en sofom;;0;;0.00;
hdm sapi de cv sofom enr;;0;;0.00;
hecen productos y servicios de financiamiento sofom enr;;0;;0.00;
hector cardenas revista sofomes unam;;0;;0.00;
hector cardenas sofom unam;;0;;0.00;
hector villarreal sandoval sofom;;0;;0.00;
hector villarreal sofom;;0;;0.00;
hentai 3d sofom;;0;;0.00;
hidalfin s.a de c.v sofom e.n.r fraudes;;0;;0.00;
hidalfin sa de cv sofom;;0;;0.00;
hidalfin sa de cv sofom enr;;0;;0.00;
hinv s.a de c.v sofom e.n;;0;;0.00;
hinv sa de cv sofom enr guadalajara telefono;;0;;0.00;
hinv sa de cv sofom enr rfc;;0;;0.00;
hinv sa de cv sofom enr telefono;;0;;0.00;
hipitecaria crea s.a de c.v sofom e.n.r;;0;;0.00;
hipotecaria casa mexicana sa de cv sofom enr;;0;;0.00;
hipotecaria crea mas s.a de c.v sofom e.n.r en teziutlan;;0;;0.00;
hipotecaria crea mas sa cv sofom e.n.r;;0;;0.00;
hipotecaria credito para ti sofom;;0;;0.00;
hipotecaria fimex sa de cv sofom enr;;0;;0.00;
hipotecaria hogar s.a de c.v sofom e.n.r cancun;;0;;0.00;
hipotecaria hogar s.a de c.v sofom e.n.r cdmx;;0;;0.00;
hipotecaria hogar s.a de c.v sofom e.n.r en saltillo coahuila;;0;;0.00;
hipotecaria hogar s.a de c.v sofom e.n.r veracruz;;0;;0.00;
hipotecaria hogar sa de cv sofom enr shf;;0;;0.00;
hipotecaria hogar sofom corporativo;;0;;0.00;
hipotecaria hogar sofom enr sucuarsal juarez;;0;;0.00;
hipotecaria hogar sofom enr sucursal juarez;;0;;0.00;
hipotecaria hogar sofom puebla;;0;;0.00;
hipotecaria nacional s.a de c.v sofom e.n.r;;0;;0.00;
hipotecaria nacional s.a de c.v sofom er;;0;;0.00;
hipotecaria nacional sofom e.r;;0;;0.00;
hipotecaria patrimonio sofom;;0;;0.00;
hipotecaria sofom credito para ti;;0;;0.00;
hipotecaria sofom en gdl;;0;;0.00;
hipotecaria su casita s.a de c.v sofom e.n.r domicilio;;0;;0.00;
hipotecaria su casita s.a de c.v sofom e.n.r su casita;;0;;0.00;
hipotecaria su casita s.a de c.v sofom e.n.r telefono;;0;;0.00;
hipotecaria vertice s.a de c.v sofom;;0;;0.00;
hipotecaria vertice s.a de c.v sofom domicilio;;0;;0.00;
hipotecaria vertice s.a de c.v sofom leibnitz;;0;;0.00;
hipotecaria vertice sa de cv sofom enr;;0;;0.00;
hipotecaria vertice sofom santiago de querétaro;;0;;0.00;
hipotecaria vértice sa de cv sofom enr;;0;;0.00;
hipotecas sofom;;0;;0.00;
hir casa sofom;;0;;0.00;
hir pyme sofom enr;;0;;0.00;
hir sofom chihuahua;;0;;0.00;
hir soluciones sa de cv sofom;;0;;0.00;
hir soluciones sofom;;0;;0.00;
hir soluciones sofom chihuahua;;0;;0.00;
hir soluciones sofom guanajuato;;0;;0.00;
hirson sofom;;0;;0.00;
hirv.sa de cv sofom;;0;;0.00;
historia de las sofom;;0;;0.00;
historia de las sofomes;;0;;0.00;
historia de las sofomes en mexico;;0;;0.00;
historia de las sofomes en méxico;;0;;0.00;
historia de sofomes;;0;;0.00;
historia y evolucion de las sofom;;0;;0.00;
hixti sa de cv sofom enr oaxaca pino suarez;;0;;0.00;
hixti sofom;;0;;0.00;
hlpoteca inversa sofom;;0;;0.00;
hogar sofom;;0;;0.00;
hoja para llenar sofom para fovissste;;0;;0.00;
hoy en dia se pueden constituir sofomes;;0;;0.00;
hr ratings sofom;;0;;0.00;
htt sofom.inbursa.com;;0;;0.00;
http distribuidores sofom inbursa com distribuidores asp;;0;;0.00;
http eduweb.conducef.com.mx sofomes wptablero;;0;;0.00;
http privada.sofomes.transparentia.com ct-web;;0;;0.00;
http privada.sofomes.transparentia.com ct-web registro inicio;;0;;0.00;
http privada.sofomes.transparentia.com ct-web solicitud;;0;;0.00;
http webapps.condusef.gob.mx sipres sofom_proy iden-2-6218.pdf;;0;;0.00;
http www.condusef.gob.mx index.php instituciones-financieras bancos 692-sofomes;;0;;0.00;
httpps2 sofom.inbursa.com;;0;;0.00;
https biocap sofom;;0;;0.00;
https eduweb.condusef.gob.mx sofomes wp tablero.aspx;;0;;0.00;
https eduweb.condusef.gob.mx sofoms wptablero.aspx;;0;;0.00;
https gogle.com.mx maps place sensa sofom;;0;;0.00;
https sofom inbursa;;0;;0.00;
https sofom inbursa com default aspx;;0;;0.00;
https sofom.finh.mx;;0;;0.00;
https sofom.inbursa.com consultaperedocta.aspx;;0;;0.00;
https sofom.inbursa.com.mx;;0;;0.00;
https wilend.mx sofom_m;;0;;0.00;
https wilend.mx sofom_m confirmar codigo ea4gny8j6mezgenxvbnkk9f0lacbb4;;0;;0.00;
https www.gob.mx cms uploads attachment file 111134 cuadernosyvideos-sofomes.pdf;;0;;0.00;
https www.gob.mx cms uploads attachment file 96522 sofom-enr-2014.pdf;;0;;0.00;
https www.gob.mx cnbv acciones-y-programas avisos-sofomes-enr-pld-ft;;0;;0.00;
https www.gob.mx cnbv acciones-y-programas disposiciones-legales-sofom-er;;0;;0.00;
https www.sofom.inbursa.com;;0;;0.00;
https2 sofom.inbursa.com;;0;;0.00;
httpss2 sofom.inbursa.com;;0;;0.00;
htts www.sofom.inbursa.com;;0;;0.00;
htttp sofom.inbursa.com;;0;;0.00;
huautla en la alborada s.a sofom e.n.r;;0;;0.00;
hurra sofom;;0;;0.00;
hxti s.a de c.v sofom e.n.r rrhh;;0;;0.00;
hxti s.a de c.v sofom enr atencion al cliente;;0;;0.00;
hxti s.a de c.v sofom enr carta finiquito;;0;;0.00;
hxti s.a de c.v sofom enr huajuapan de leon;;0;;0.00;
hxti s.a de c.v sofom enr sucursal pinotepa;;0;;0.00;
hxti s.a de c.v sofom enr tuxtepec;;0;;0.00;
hxti s.a de c.v sofom ern;;0;;0.00;
hxti sa de cv sofom enr oaxaca;;0;;0.00;
hxti sa de cv sofom enr oaxaca pino suarez;;0;;0.00;
hxti sa de cv sofom enr oaxaca pino suarez direccion;;0;;0.00;
hxti sofom enr;;0;;0.00;
hxti sofom oaxaca;;0;;0.00;
ibecapital sofom;;0;;0.00;
icap sofom;;0;;0.00;
icon sofome;;0;;0.00;
idatu and financiera maestra sofom enr and 2017;;0;;0.00;
idatu sofom enr 2017;;0;;0.00;
ideacom sofom;;0;;0.00;
ideas de logotipos para una sofom;;0;;0.00;
idf capital s.a.p.i de c.v sofom e.n.r;;0;;0.00;
idf capital s.a.p.i sofom e.n.r de c.v rfc;;0;;0.00;
idf capital sa de cv sofom enr;;0;;0.00;
iem 2018 observaciones sofom;;0;;0.00;
ifal intrabienestar s.a de c.v sofom e.n.r;;0;;0.00;
ifalintrabienestar s.a de c.v sofom e.n.r;;0;;0.00;
ignacio farias sofom;;0;;0.00;
ikse sofom fiduciario;;0;;0.00;
imagen de sofom;;0;;0.00;
imagen de sofom blanco y negro;;0;;0.00;
imagenes de apoyo de sofom en mérida;;0;;0.00;
imagenes de sofomes;;0;;0.00;
imagenes sofom;;0;;0.00;
imagenes sofom no reguladas;;0;;0.00;
imagenes sofom reguladas;;0;;0.00;
imagenes sofomes;;0;;0.00;
imagina tu crecimiento sapi de cv sofom enr;;0;;0.00;
imecsi agrodesarrolladora sa de cv sofom;;0;;0.00;
imecsy agro desarrolladora sa de cv sofom;;0;;0.00;
imicam sofom;;0;;0.00;
imor sofom condusef;;0;;0.00;
impedimento por el cual una sofom no pueda arrendamiento puro;;0;;0.00;
implicaciones de una detentacion accionaria para una sofom;;0;;0.00;
importancia de las sofomes;;0;;0.00;
importancia de los sofoles y sofomes;;0;;0.00;
importancia de los sofomes;;0;;0.00;
importancia de sofome;;0;;0.00;
importancia de tener una sofom;;0;;0.00;
importancia y utilidad de las sofomes;;0;;0.00;
impuestos generados por la sofom;;0;;0.00;
impuestos para sofomes;;0;;0.00;
impuestos sofom;;0;;0.00;
impulsante para crecer sa de cv sofom enr impulsarte;;0;;0.00;
impulsarte para crecer sa de cv sofom en;;0;;0.00;
impulsarte para crecer sa de cv sofom en yucatan;;0;;0.00;
impulsarte para crecer sa de cv sofom enr acayucan;;0;;0.00;
impulsarte para crecer sa de cv sofom enr tapachula;;0;;0.00;
impulsarte para crecer sa de cv sofom enr tehuacán;;0;;0.00;
impulsarte para crecer sa de cv sofom enr tizimin;;0;;0.00;
impulsarte sofom;;0;;0.00;
impulsarte sofom orizaba;;0;;0.00;
impulso empresarial sofom chiapas;;0;;0.00;
impulso rio la venta s.a de c.v sofom e.n.r;;0;;0.00;
impulso rio la venta sofom;;0;;0.00;
impulsor sofom;;0;;0.00;
impulsora consorcio hogar s.a de c.v sofom e.n.r;;0;;0.00;
impulsora emergente sa de cv sofom;;0;;0.00;
impulsora emergente sapi de cv sofom enr;;0;;0.00;
impulsora empresarial na savi s.a de c.v sofom;;0;;0.00;
impulsora empresarial na savi sa de cv sofom enr;;0;;0.00;
impulsora inmobiliaria edifica de cuauhtemoc sofom;;0;;0.00;
impulsora mtp sapi de cv sofom;;0;;0.00;
impulsora y fomento alica sapi de cv sofom enr;;0;;0.00;
impulsora y fomento álica sapi de cv sofom enr;;0;;0.00;
imuestos de una sofom;;0;;0.00;
imuestos de una sofom 2019;;0;;0.00;
in verde sofom;;0;;0.00;
inadem progamas para sofom;;0;;0.00;
inancial s.a de c.v sofom e.r grupo financiero inbursa;;0;;0.00;
inanciera por el impulso económico sa de cv sofom enr;;0;;0.00;
incorporating of a sofom in mexico;;0;;0.00;
indepro s.a de c.v sofom e.n.r;;0;;0.00;
indice de capitalizacion formula sofom enr;;0;;0.00;
indice de morosidad sofomes;;0;;0.00;
industrias sofomer;;0;;0.00;
informacion de sofomes de la condusef;;0;;0.00;
informacion financiera de las sofomes;;0;;0.00;
informacion sobre sofomes;;0;;0.00;
información de credi solution s.a de c.v sofom e.n.r;;0;;0.00;
información fovissste para ser sofom;;0;;0.00;
informe de la sofom;;0;;0.00;
informe trimestal sofomes;;0;;0.00;
informe trimestral sofom;;0;;0.00;
informes en lavado de dinero sofom;;0;;0.00;
informes que debe presentar una sofom a la comisión;;0;;0.00;
informes sofom;;0;;0.00;
ingenieria crediticia sa de cv sofom enr;;0;;0.00;
ingeniero mateu sofom;;0;;0.00;
ingresos acumulable en un sofom enr;;0;;0.00;
ingresos de una sofom;;0;;0.00;
ingresos sofom 70;;0;;0.00;
iniciativa empresarial del norte s.a de c.v sofom e.n.r;;0;;0.00;
iniciativa empresarial del norte s.a de c.v sofom e.n.r domicilio;;0;;0.00;
iniciativa empresarial del norte s.a de c.v sofom e.n.r rfc;;0;;0.00;
inicio de las sofomes;;0;;0.00;
inicio de operaciones de la sofom;;0;;0.00;
inicio de operaciones de las sofomes;;0;;0.00;
inifin sofom méxico;;0;;0.00;
inmuebles en remate se puede usar una sofom;;0;;0.00;
inmuebles en remate se puede usar una sofome;;0;;0.00;
innodi centro s.a de c.v sofom e.n.r;;0;;0.00;
innodi sa de cv sofom enr;;0;;0.00;
innodi sureste s.a de c.v sofom e.n.r;;0;;0.00;
innova credit sa de cv sofom;;0;;0.00;
innovacredit sofom;;0;;0.00;
inovaciones smr sa de cv sofom enr;;0;;0.00;
institucion sofom;;0;;0.00;
instituciones de credito sofom y sofoles;;0;;0.00;
instituciones de sofomes;;0;;0.00;
instituciones de sofomes no reguladas;;0;;0.00;
instituciones de sofomes reguladas;;0;;0.00;
instituciones financieras sofom cancun;;0;;0.00;
instituciones financieras sofomes;;0;;0.00;
instrucciones para publicar asamblea anual sofom;;0;;0.00;
intconow sa de cv sofom enr;;0;;0.00;
integra arrenda sa cv sofom;;0;;0.00;
integra arrenda sa de cv de sofom enr;;0;;0.00;
inteligente de méxico s.a.p.i de c.v sofom e.n.r;;0;;0.00;
inter opcion empresarial sa de cv sofom enr;;0;;0.00;
interactiva capital méxico s a de c v sofom;;0;;0.00;
interactiva capital méxico s a de c v sofom e.n.r;;0;;0.00;
interes anual del sofom;;0;;0.00;
interes de sofom en consdusef;;0;;0.00;
interes ideal de una sofom;;0;;0.00;
interes sofom 2019;;0;;0.00;
intereses de las sofomes;;0;;0.00;
intereses de sofom deducciones;;0;;0.00;
intereses en sofom;;0;;0.00;
intereses exentos de iva sofom;;0;;0.00;
intereses iva sofom;;0;;0.00;
intereses pagados por sofomes;;0;;0.00;
intereses sofom;;0;;0.00;
intereses sofom exento o gravado;;0;;0.00;
intereses sofom iva;;0;;0.00;
intereses sofom iva isr;;0;;0.00;
intermediacion financiera de una sofom;;0;;0.00;
intermediación para el desarrollo popular s.a de c.v sofom e.n.r;;0;;0.00;
intermediaria y promotora económica s.a de c.v sofom enr;;0;;0.00;
intermediarios financieros no bancarios sofomes;;0;;0.00;
intermex sofom;;0;;0.00;
intitucion sofom;;0;;0.00;
intrabienestar sa de cv sofom enr;;0;;0.00;
intrabienestar sa de cv sofom enr veracruz;;0;;0.00;
intrall sa de cv sofom enr;;0;;0.00;
introdiccion de sofoles y sofomes;;0;;0.00;
introduccion a las sofom;;0;;0.00;
introducción de sofoles y sofomes;;0;;0.00;
invercorp capital financial sofom;;0;;0.00;
inverde sofom;;0;;0.00;
inverdu de cv sofom enr;;0;;0.00;
inverdu sa de cv sofom enr;;0;;0.00;
inverdu sa de cv sofom enr ubicacion;;0;;0.00;
inverdu sa de cv sofom enr veracruz;;0;;0.00;
inverdu sa de cv sofom enrveracruz;;0;;0.00;
inversioin inicial para una sofom;;0;;0.00;
inversion en sofom;;0;;0.00;
inversion inicial de una sofome;;0;;0.00;
inversion productiva sofom;;0;;0.00;
inversion productiva sofom satelite;;0;;0.00;
inversion productiva sofome;;0;;0.00;
inversiones multiples s.a multinacional de credito s.a de c.v sofome.n.r;;0;;0.00;
inverspot sofom;;0;;0.00;
invertir en sofom no regulada;;0;;0.00;
investigar una sofom;;0;;0.00;
investment s.a de c.v sofom enr;;0;;0.00;
investment s.a de c.v sofom enr leon;;0;;0.00;
invex sofom;;0;;0.00;
invictus sofom;;0;;0.00;
invirtiendo sa de cv sofom;;0;;0.00;
invirtiendo sofom tapachula;;0;;0.00;
inztituciones de sofomes no reguladas;;0;;0.00;
ion financiera s.a.p.i de c.v sofom e.r es confiable;;0;;0.00;
ion financiera s.a.p.i de c.v sofom e.r sucursales;;0;;0.00;
ion financiera s.a.p.i de c.v.sofom e.n.r;;0;;0.00;
ion financiera sa pi de cv sofom er siem;;0;;0.00;
ion financiera sapi de cv sofom;;0;;0.00;
ion financiera sapi de cv sofom er corporativo telefono mexico;;0;;0.00;
ion financiera sapi de cv sofom er telefono;;0;;0.00;
ion financiera sofom bolsa de trabajo;;0;;0.00;
ipaa creacion de una sofom;;0;;0.00;
ipc financiera s.a de c.v sofom e.n.r;;0;;0.00;
ismus crece mexico sa de cv sofom enr;;0;;0.00;
ismus crece méxico sa de cv sofom enr;;0;;0.00;
iso 90001 para sofomes;;0;;0.00;
it capital sofom enr sa de cv;;0;;0.00;
it capital sofom san luis potosi;;0;;0.00;
itaca capital de sapi de c.v sofom enr;;0;;0.00;
itaca capital san de c.v sofom enr;;0;;0.00;
itaca capital sapi de cv sofom en zumpango;;0;;0.00;
itaca capital sapi de cv sofom enr en zumpango;;0;;0.00;
itaca capital sapi de cv sofom enr hace convenios;;0;;0.00;
itaca capital sapi de cv sofom enr tecamac;;0;;0.00;
itf sofom enr;;0;;0.00;
ius intereses sofom;;0;;0.00;
ius sofom;;0;;0.00;
iva en sofom enr;;0;;0.00;
ixe soluciones sofom;;0;;0.00;
ixe tarjetas sa de cv sofom er;;0;;0.00;
j&cxtrafin sa de cv sofom enr;;0;;0.00;
java sofom;;0;;0.00;
jb capital sofom;;0;;0.00;
jendarme sofom;;0;;0.00;
jesus gonzalez sofom;;0;;0.00;
jinx s.a de c.v sofom e.n.r;;0;;0.00;
jm metepec sa de cv sofom enr;;0;;0.00;
jm metepec sa de cv sofom enr rfc;;0;;0.00;
jm metepec sofom;;0;;0.00;
john deere financial mexico sa de cv sofom;;0;;0.00;
john deere financial mexico sofom;;0;;0.00;
john deere financial méxico s.a de c.v sofom e.n.r;;0;;0.00;
join business capital sapi de cv sofom enr;;0;;0.00;
jolly haul sa de cv sofom enr;;0;;0.00;
jose antonio alonso sofom;;0;;0.00;
jose luis yu sofom;;0;;0.00;
jose manuel corral mendoza sofom;;0;;0.00;
jose zamora sofom;;0;;0.00;
josé armando guzmán gonzález metrofinanciera sofom;;0;;0.00;
josé cruz pérez peña sofom;;0;;0.00;
josé francisco gonzález márquez sofom;;0;;0.00;
jova capital sa de cv sofom enr;;0;;0.00;
jova capital sapi de cv sofom;;0;;0.00;
jova capital sapi de cv sofom enr guasave;;0;;0.00;
judit sofom;;0;;0.00;
juicio contra sofom;;0;;0.00;
julio arauz sofom;;0;;0.00;
junior executive management trainee sofomation;;0;;0.00;
juntos financiera sapi de cv sofom enr;;0;;0.00;
jurisprudencia donde estan involucrada una sofom ennr;;0;;0.00;
jurisprudencia donde estan involucrada una sofom enr;;0;;0.00;
kabaros finanzas sofom;;0;;0.00;
kame sofom;;0;;0.00;
kampala capital sapi de cv sofom;;0;;0.00;
kampala capital sofom;;0;;0.00;
kampala sofom;;0;;0.00;
kans sofom;;0;;0.00;
kapital financiera sofom;;0;;0.00;
kapitalmujer s.a de c.v sofom e n r maskapital;;0;;0.00;
kapitalmujer s.a de c.v sofom e n r maskapital minatitlan;;0;;0.00;
kapitalmujer s.a de c.v sofom enr paga liquidacion;;0;;0.00;
kapitalmujer s.a de c.v sofom enr y empleados;;0;;0.00;
kapitalmujer s.a de c.v sofom enr y trabajadores;;0;;0.00;
kapitalmujer s.a de c.v sofom enrg telefono;;0;;0.00;
kapitalmujer sa de cv sofom enr puebla;;0;;0.00;
kapitalmujer sa de cv sofom enr rfc;;0;;0.00;
karla fina sofom chetum;;0;;0.00;
keneditech s.a de c.v sofom e.n.r;;0;;0.00;
kfe sofom;;0;;0.00;
komatsu finance mexico sa de cv sofom enr;;0;;0.00;
komatsu finance méxico sa de cv sofom enr;;0;;0.00;
komatsu sofom;;0;;0.00;
kpi de la sofom;;0;;0.00;
kreditech mexico s.a de c.v sofom e.n.r;;0;;0.00;
kreditech mexico s.a de c.v sofom e.n.r representante legal;;0;;0.00;
kreditech mexico sa de cv sofom enr;;0;;0.00;
kreditech méxico sa de cv sofom enr;;0;;0.00;
kreditech s.a de c.v sofom e.n.r;;0;;0.00;
kronos sofom gerente;;0;;0.00;
kronos sofom telefono;;0;;0.00;
krp financial business s.a de c.v sofom e.n.r;;0;;0.00;
krtc s.a de c.v sofom e.n.r;;0;;0.00;
krtc sa de cv sofom enr sufi;;0;;0.00;
krtc sa de cv sofom enr sufinanciera;;0;;0.00;
krtc sofom;;0;;0.00;
kueski sapi de cv sofom enr unidad de medida;;0;;0.00;
kueski sofom;;0;;0.00;
la cnbv emite la guia de supervion para sofom;;0;;0.00;
la cnbv emite la supervision para sofom;;0;;0.00;
la cnbv vigilara sofomes vinculadas;;0;;0.00;
la complejidad de la sofom;;0;;0.00;
la constitución de una sociedad financiera de objeto múltiple sofom;;0;;0.00;
la diferencia entre un banco y una sofom;;0;;0.00;
la empresa h financieros s.a de c.v sofom e.n.r;;0;;0.00;
la feria grupo de apoyo sa de cv sofom enr;;0;;0.00;
la fuerte sofom;;0;;0.00;
la guarda sofom;;0;;0.00;
la información que las sofomes tiene qeu reportar;;0;;0.00;
la ley de lavado de dinero aplica para la sofom;;0;;0.00;
la mejor sofom en mexico;;0;;0.00;
la salvación sofom;;0;;0.00;
la sociedad de sofome;;0;;0.00;
la sociedad de sofome a quien les a prestado;;0;;0.00;
la sofol y sofom;;0;;0.00;
la sofom de gongora sada;;0;;0.00;
la sofom enr forma parte del sistema financiero;;0;;0.00;
la sofom enr puede cobrar en efectivo;;0;;0.00;
la sofom enr puede manejar efectivo;;0;;0.00;
la sofom es deducible;;0;;0.00;
la sofom pagan iva;;0;;0.00;
la sofom para una flotilla;;0;;0.00;
la sofom puede captar recusros;;0;;0.00;
la sofom puede captar recusros s;;0;;0.00;
la sofom puede manejar efectivo;;0;;0.00;
la sofom puede solicitar nevamente la acreditacion ante la cnbv;;0;;0.00;
la sofom puede utilizar servicio de caja;;0;;0.00;
la sofom puede utilizar servio de caja;;0;;0.00;
la sofom reporta a buro de credito;;0;;0.00;
la sofom unifin;;0;;0.00;
la sofom y el arrendamiento;;0;;0.00;
la sofome da factoarje;;0;;0.00;
lafin sofom;;0;;0.00;
lagatus sa de cv sofom enr;;0;;0.00;
lage landen sa de cv sofom enr;;0;;0.00;
lage landen sa de cv sofom enr chihuahua;;0;;0.00;
lana s.a de c.v sofom e.n.r es seguro;;0;;0.00;
lana sa de cv sofom;;0;;0.00;
las arrendadoras financieras se transformaron en sofomes;;0;;0.00;
las arrendadoras financieras se trasformaron en sofomes;;0;;0.00;
las entidades financieras sofomes;;0;;0.00;
las entidades financieras sofomes en paraiso tabasco;;0;;0.00;
las hipotecarias pueden ser sofomes;;0;;0.00;
las llamadas sofomes;;0;;0.00;
las mejores sofom;;0;;0.00;
las mejores sofom en mexico;;0;;0.00;
las mejores sofomes fovissste;;0;;0.00;
las mejores sofomes fovissste oaxaca;;0;;0.00;
las sociedades financieras de objeto múltiple entidades reguladas sofomes e.r;;0;;0.00;
las sofom ayudan a las inmobiliarias;;0;;0.00;
las sofom checan buro de credito;;0;;0.00;
las sofom enr consultan buro de credito de cliente;;0;;0.00;
las sofom forman parte del ipab;;0;;0.00;
las sofom no forman parte del sistema financiero mexicano;;0;;0.00;
las sofom operan por medio de un comite;;0;;0.00;
las sofom pagan iva;;0;;0.00;
las sofom presentan trasnparencia;;0;;0.00;
las sofom puede captar remesas;;0;;0.00;
las sofom pueden de capital variable;;0;;0.00;
las sofom pueden facturar;;0;;0.00;
las sofom solo pueden prestar dinero;;0;;0.00;
las sofom son entidades del sistema financiero;;0;;0.00;
las sofom son parte del sistema financiero;;0;;0.00;
las sofom tienen cuenta concentradora;;0;;0.00;
las sofom tienen que dar utilidades;;0;;0.00;
las sofomes dan informacion a la cnbv;;0;;0.00;
las sofomes deben firmar contratos de adhesion;;0;;0.00;
las sofomes enr pueden recibir pagos en dolares;;0;;0.00;
las sofomes estan autorizadas para prestar servicios de avaluos inmobiliarios;;0;;0.00;
las sofomes estan autorizadas para respaldar avaluos inmobiliarios;;0;;0.00;
las sofomes no reguladas siguen siendo legales en mexico;;0;;0.00;
las sofomes pueden financiar otro sectores;;0;;0.00;
las sofomes pueden hacer o respaldar avaluos hipotecarios;;0;;0.00;
las sofomes pueden hacer o respaldar avaluos inmobiliarios;;0;;0.00;
las sofomes pueden recibir pagos;;0;;0.00;
las sofomes pueden respaldar avaluos inmobiliarios;;0;;0.00;
las sofomes son organizaciones auxiliares de credito;;0;;0.00;
las sofomes son parafinancieras;;0;;0.00;
las sofomes y las fintech ipade;;0;;0.00;
las sofomo enr pueden recueprar en efectivo;;0;;0.00;
las sofoms necesitan autorizacion para ser fiduciarias;;0;;0.00;
las sofoms ofrecen quebrantos;;0;;0.00;
latín american agribusiness development sofom;;0;;0.00;
latín américa agrobusiness develoment sofom;;0;;0.00;
laudex sofom;;0;;0.00;
lavado de dinero con sofomes;;0;;0.00;
lavoro sofom;;0;;0.00;
layout operaciones relevantes sofomes;;0;;0.00;
lbbw méxico s.a de c.v sofom e.n.r;;0;;0.00;
lbbw sofom;;0;;0.00;
lc liquidez corporativa sa de cv sofom enr;;0;;0.00;
le debo a una sofom;;0;;0.00;
leasy sofom;;0;;0.00;
legislacion de la sofom;;0;;0.00;
legislacion de una sofom;;0;;0.00;
legislacion que regula las sofom;;0;;0.00;
legislación sofom;;0;;0.00;
lepiorpi sofomes;;0;;0.00;
ley de instituciones de credito sofom;;0;;0.00;
ley de la sofom;;0;;0.00;
ley de las sofomes;;0;;0.00;
ley de lavado de dineo sofom;;0;;0.00;
ley de lavado de dinero aplica para las sofom;;0;;0.00;
ley de sofom enr;;0;;0.00;
ley de titulos y operaciones de credito aaprtado sofom;;0;;0.00;
ley de titulos y operaciones de credito sofom;;0;;0.00;
ley de transparencia sofom;;0;;0.00;
ley de transparencia y ordenamiento de los servicios financieros sofom;;0;;0.00;
ley general de sociedades mercantiles sofom;;0;;0.00;
ley lfpiorpi para sofomes;;0;;0.00;
ley para regular las actividades de las sofomes 2019;;0;;0.00;
ley para sofom no regulada;;0;;0.00;
ley que regula a las sofom;;0;;0.00;
ley que regula alas sofom;;0;;0.00;
ley que regula la sofom;;0;;0.00;
ley que regula las sofom;;0;;0.00;
ley que regula las sofom 2017;;0;;0.00;
ley que regula las sofomes;;0;;0.00;
ley que regula las sofomes en mexico;;0;;0.00;
ley que regula sofom;;0;;0.00;
ley que regula sofom enr;;0;;0.00;
ley que regulan las sofom;;0;;0.00;
ley que supervisa y controla al sofom;;0;;0.00;
ley reguladora de sofom;;0;;0.00;
ley sofom capacitacion;;0;;0.00;
ley sofom enr;;0;;0.00;
ley sofom er;;0;;0.00;
ley sofom regulada;;0;;0.00;
leyendas condusef para sofom;;0;;0.00;
leyes aplicables a las sofomes;;0;;0.00;
leyes de la sofom no regulada;;0;;0.00;
leyes que regulan a las sofomes;;0;;0.00;
leyes que regulan las sofom enr;;0;;0.00;
leyes que regulan las sofom enr mexico;;0;;0.00;
leyes que regulan una sofom;;0;;0.00;
leyes relacionadas a las sofom;;0;;0.00;
leyes sofom;;0;;0.00;
león guanajuato inserex s.a de c.v sofom enr;;0;;0.00;
lfa capital sa de cv sofom enr;;0;;0.00;
lfpiorpi sofomes;;0;;0.00;
lgoaac sofom;;0;;0.00;
libro de sofomes y su ambito fiscal y administrativa;;0;;0.00;
libro sofom;;0;;0.00;
libros de sofom;;0;;0.00;
libros sobre la sofom;;0;;0.00;
libros sobre sofomes;;0;;0.00;
libros sofomes;;0;;0.00;
libros sofomes pdf;;0;;0.00;
lic guadalupe martinez sofom;;0;;0.00;
lic lucas ordoñez crece sofom;;0;;0.00;
limite de apalancamiento para sofomes;;0;;0.00;
linea a seguir por los auditores en supervision de sofom;;0;;0.00;
linea de credito para una sofom;;0;;0.00;
lineamientos cnbv sofom;;0;;0.00;
lineamientos disposiciones de caracter general sofom cnbv;;0;;0.00;
lineamientos disposiciones de caracter general sofom cnbv 2017;;0;;0.00;
lineamientos disposiciones sofom cnbv;;0;;0.00;
lineas de credito para sofom;;0;;0.00;
lineas de crédito para sofom;;0;;0.00;
lineas de financiamiento para sofomes;;0;;0.00;
lineas de fondeo internacional para sofomes;;0;;0.00;
lineas de fondeo para sofom;;0;;0.00;
lineas de fondeo para sofomes;;0;;0.00;
lingo leasing sofom;;0;;0.00;
lintaut s.a de c.v sofom;;0;;0.00;
lintaut s.a de c.v sofom mexicali;;0;;0.00;
lintaut sa de cv sofom enr;;0;;0.00;
liquid capital sofom;;0;;0.00;
liquidar deudas sofom;;0;;0.00;
liquidex sa de cv sofom enr;;0;;0.00;
liquidez cooperativas sap de cv sofom ner;;0;;0.00;
liquidez corporativa sofom;;0;;0.00;
liquidez corporativa sofom rfc;;0;;0.00;
lista creditos de la sofom;;0;;0.00;
lista de 487 sofomes no registradas en condusef;;0;;0.00;
lista de compañías del giro financiero sofom;;0;;0.00;
lista de empresas sofom;;0;;0.00;
lista de la sofomes en morelia fovisste;;0;;0.00;
lista de las sofom en méxico;;0;;0.00;
lista de los sorteados de sofom;;0;;0.00;
lista de sofoles y sofomes;;0;;0.00;
lista de sofom acreditadas en conavi;;0;;0.00;
lista de sofom autorizadas por cnbv;;0;;0.00;
lista de sofom en conducef;;0;;0.00;
lista de sofom en michoacan;;0;;0.00;
lista de sofom en morelia;;0;;0.00;
lista de sofom enr;;0;;0.00;
lista de sofom infonavit oaxaca;;0;;0.00;
lista de sofom para fovisste la mejor;;0;;0.00;
lista de sofomes autorizadas garantizadas;;0;;0.00;
lista de sofomes autorizadas por fovissste;;0;;0.00;
lista de sofomes condusef;;0;;0.00;
lista de sofomes en chetumal;;0;;0.00;
lista de sofomes en interlomas;;0;;0.00;
lista de sofomes en mexico 2018;;0;;0.00;
lista de sofomes en mexico 2019;;0;;0.00;
lista de sofomes en méxico 2018;;0;;0.00;
lista de sofomes en méxico 2019;;0;;0.00;
lista de sofomes enr en mexico;;0;;0.00;
lista de sofomes estado de mexico;;0;;0.00;
lista de sofomes factoraje;;0;;0.00;
lista de sofomes no reguladas en mexico;;0;;0.00;
lista de sofomes registradas en mexico;;0;;0.00;
lista de sofomes reguladas en fovissste;;0;;0.00;
lista de sofomes reguladas en mexico 2018;;0;;0.00;
lista de sofomes reguladas en mexico 2019;;0;;0.00;
lista de sofomes reguladas en méxico 2018;;0;;0.00;
lista de sofomes reguladas en méxico 2019;;0;;0.00;
lista de sofomes reguladas por la cnbv;;0;;0.00;
lista de sofoms en monterrey;;0;;0.00;
lista negra sofomes;;0;;0.00;
lista reciente de la sofom;;0;;0.00;
lista sofom fovissste;;0;;0.00;
lista sofom no regulada condusef;;0;;0.00;
lista sofome con mas queja;;0;;0.00;
lista sofomes;;0;;0.00;
lista sofomes mejor calificadas;;0;;0.00;
lista sofomes reguladas;;0;;0.00;
lista sofomes reguladas 2019;;0;;0.00;
listad sofom enr;;0;;0.00;
listad sofom enr condusef;;0;;0.00;
listado de contactos sofom pdf;;0;;0.00;
listado de sofom;;0;;0.00;
listado de sofom enr prestamo nomina;;0;;0.00;
listado de sofom er;;0;;0.00;
listado de sofom mexico;;0;;0.00;
listado de sofom sipres;;0;;0.00;
listado de sofomes en mex;;0;;0.00;
listado de sofomes en mexico gobierno;;0;;0.00;
listado direcciones sofomes en mexico;;0;;0.00;
listado sofom credito personal;;0;;0.00;
listado sofom enr;;0;;0.00;
listado sofom enr conusef;;0;;0.00;
listado sofomes;;0;;0.00;
listado sofomes yucatan;;0;;0.00;
listas de sofom;;0;;0.00;
listas negras sofom enr;;0;;0.00;
listas negras sofom enr cnbv;;0;;0.00;
livepool tiene sofom;;0;;0.00;
llevan sofom en la razon social;;0;;0.00;
llevar contabilidad de las sofom;;0;;0.00;
lo que necesito saber de una sofom;;0;;0.00;
logicsystems sistema para sofom;;0;;0.00;
logo cf credit services-sofom inbursa;;0;;0.00;
logo cf cridit services-sofom inbursa;;0;;0.00;
logo de facicasa sofom;;0;;0.00;
logo de mex factor sa de cv sofom enr;;0;;0.00;
logo de sofom mex;;0;;0.00;
logo de sofomes enr;;0;;0.00;
logo de sofomes enr sfm;;0;;0.00;
logo del sofom;;0;;0.00;
logo del sofom mexico;;0;;0.00;
logo finca mexico sofom;;0;;0.00;
logo monetaria21 sofom;;0;;0.00;
logo sensa sofom;;0;;0.00;
logofinanmadrid mexico sa de cv sofom er;;0;;0.00;
logos de sofomes;;0;;0.00;
logos de sofomes enr;;0;;0.00;
logotipo de mex factor sa de cv sofom enr;;0;;0.00;
logotipo de sufirma sofom;;0;;0.00;
logotipos de sofomes;;0;;0.00;
logra negocios sapi de cv sofom enr;;0;;0.00;
los bancos pueden aperturar cuentas de cheques a las sofomes;;0;;0.00;
los bancos son sofom;;0;;0.00;
los intereses de las sofom se facturan;;0;;0.00;
los intereses de una sofom causan iva;;0;;0.00;
los intereses de una sofom se facturan;;0;;0.00;
los intereses de una sofom son exentos o tasa 0;;0;;0.00;
los intereses pagados a residentes en el extranjero por sofomes;;0;;0.00;
los préstamos de sofom generan iva;;0;;0.00;
los sofom no puede captar recursos;;0;;0.00;
los sofom no puede captar resursos;;0;;0.00;
los tigres del norte carcel de sofom;;0;;0.00;
losgistica de operación de una sofomes;;0;;0.00;
lumma sofom;;0;;0.00;
machotes de contratos de las sofomes;;0;;0.00;
madisa sofom;;0;;0.00;
mae del golfo sapi de cv sofom enr;;0;;0.00;
magil sa de cv sofom;;0;;0.00;
magil sofom en yucatan;;0;;0.00;
magno recursos sofom enr;;0;;0.00;
manejo financiero de una sofom;;0;;0.00;
manual constituir sofom;;0;;0.00;
manual contabilidad sofom;;0;;0.00;
manual control interno sofom;;0;;0.00;
manual de administracion de riesgos sofom;;0;;0.00;
manual de auditoría de sofom;;0;;0.00;
manual de cobranza sofom;;0;;0.00;
manual de contabilidad de sofom;;0;;0.00;
manual de contabilidad de una sofom enr;;0;;0.00;
manual de contabilidad para sofom;;0;;0.00;
manual de contabilidad para sofom 2019;;0;;0.00;
manual de contabilidad para sofom enr;;0;;0.00;
manual de contabilidad para sofomes;;0;;0.00;
manual de contabilidad para sofomes financiera nacional;;0;;0.00;
manual de credito hipotecario sofom;;0;;0.00;
manual de credito hipotecario sofom pdf;;0;;0.00;
manual de credito sofom enr;;0;;0.00;
manual de credito y cobranza sofom;;0;;0.00;
manual de creditos para sofom enr;;0;;0.00;
manual de mejores practicas sofomes roi y roip cnbv;;0;;0.00;
manual de operacion sofom;;0;;0.00;
manual de politicas y procedimientos sofom;;0;;0.00;
manual de politicas y procedimientos sofom 2018;;0;;0.00;
manual de politicas y procedimientos sofom categoria b;;0;;0.00;
manual de pre cobranza de una una sofom;;0;;0.00;
manual de precobranza de una una sofom;;0;;0.00;
manual de prevencion de lavado de dinero sofom enr;;0;;0.00;
manual de prevencion de lavado de dinero sofom enr 2017;;0;;0.00;
manual de procedimientos administrativos para sofom;;0;;0.00;
manual de procedimientos financiera rural sofom;;0;;0.00;
manual de procedimientos financiera rural sofom 2010;;0;;0.00;
manual de procedimientos sofom;;0;;0.00;
manual de procedimientos sofom enr;;0;;0.00;
manual de supervision para sofom;;0;;0.00;
manual ejemplificativo de mejores practicas sofomes roi y roip cnbv;;0;;0.00;
manual pld ft 2018 sofomes;;0;;0.00;
manual pld sofom 2019;;0;;0.00;
manual pld y ft sofomes;;0;;0.00;
manuales para sofom;;0;;0.00;
manuales para sofom propuesta;;0;;0.00;
manuel garcell ezquerra sofom;;0;;0.00;
mapa de sofomes;;0;;0.00;
marco juridico de la sofom;;0;;0.00;
marco juridico sofom;;0;;0.00;
marco legal de la sofom;;0;;0.00;
marco legal de la sofom no regulada;;0;;0.00;
marco legal de las sofom mexico;;0;;0.00;
marco legal de las sofomes;;0;;0.00;
marco legal de una sofom enr;;0;;0.00;
marco legal sofom enr;;0;;0.00;
marco legal sofomes enr;;0;;0.00;
marco normativo de la sofom;;0;;0.00;
marco polo sofom aba capital;;0;;0.00;
marco polo sofom abba capital;;0;;0.00;
marco regulatorio sofomes;;0;;0.00;
margarita monge sofom;;0;;0.00;
margarita monge sofom chihuahua;;0;;0.00;
margarita monje sofom;;0;;0.00;
margen financiero sofom;;0;;0.00;
mario camacho director sofom;;0;;0.00;
mario castillo sofom;;0;;0.00;
marlen juarez sofom;;0;;0.00;
martha berenice sofom;;0;;0.00;
marverde infraestructura s a de c.v sofom enr;;0;;0.00;
mas nomina sofom;;0;;0.00;
maskapital sa de cv sofom enr zacapoaxtla pue;;0;;0.00;
master cash sofom;;0;;0.00;
mastercash s.a de c.v sofom e.n.r;;0;;0.00;
mastercash sa de cv sofom enr;;0;;0.00;
matriz de identificación de requisitos legales sofom;;0;;0.00;
matriz de manual para sofom;;0;;0.00;
matriz de riesgos sofom;;0;;0.00;
matriz de transición cartera sofom;;0;;0.00;
mauricio medina sofom;;0;;0.00;
maxcapital intercontinental s.a.p.i de c.v sofom e.n.r;;0;;0.00;
maxi prenda sofom acta constitutiva;;0;;0.00;
mañarina sapi de cv sofom enr;;0;;0.00;
mbj sofom méxico;;0;;0.00;
mcn credito sofom;;0;;0.00;
mcn sofom;;0;;0.00;
mcrf p sa de cv sofom enr;;0;;0.00;
me factura sofom y le pago a otra empresa;;0;;0.00;
me puede dar un sofom el dinero en efectivo;;0;;0.00;
me puedo cambiar a otra sofom;;0;;0.00;
me puedo cambiar de sofom;;0;;0.00;
me.puede entablar demanda una sofom por 14 mil pesos;;0;;0.00;
mecanismos de riesgo sofom;;0;;0.00;
mega brokers sofom;;0;;0.00;
megabrokers sofom;;0;;0.00;
megabrokers sofom enr;;0;;0.00;
mejoers sofomes 2018;;0;;0.00;
mejor sofom conducef;;0;;0.00;
mejor sofom en tuxtla gutierrez chiapas;;0;;0.00;
mejor sofom fovissste en tlaxcala;;0;;0.00;
mejor sofomes;;0;;0.00;
mejores practicas sofomes 23 octubre 2018;;0;;0.00;
mejores practicas sofomes roi y roip cnbv;;0;;0.00;
mejores sofom en merida yucatan;;0;;0.00;
mejores sofom mexico;;0;;0.00;
mejores sofomes empresariales en mexico;;0;;0.00;
mejores sofomes merida;;0;;0.00;
memorias de una sofom;;0;;0.00;
mencione cuantas sofom hay actualmente en el país;;0;;0.00;
menos pagos s.a de c.v sofom e.n.r;;0;;0.00;
menos pagos sofom;;0;;0.00;
menos pagos sofom opinion;;0;;0.00;
menos pagos sofom perisur;;0;;0.00;
mensajes de seguimiento para el prestamo sofom;;0;;0.00;
mercader financial s.a de c.v sofom e.r;;0;;0.00;
mercader financial s.a sofom e.r;;0;;0.00;
mercader financial s.a sofom e.r bolsa de trabajo;;0;;0.00;
mercader financial s.a sofom e.r nombre comercial;;0;;0.00;
mercader financial s.a sofom e.r vs servicios integrados de navojoa;;0;;0.00;
mercader financial sa de cv sofom er;;0;;0.00;
mercader financial sa sofom;;0;;0.00;
mercader financial sofom;;0;;0.00;
mercader finanzas sofom;;0;;0.00;
mercado de sofomes en mexico;;0;;0.00;
mercado de valores de sofomes;;0;;0.00;
mercado de valores sofomes;;0;;0.00;
mesa de estrategias sofom;;0;;0.00;
meta financiera mexico sa de cv sofom enr;;0;;0.00;
meta financiera méxico s.a de c.v sofom e.n.r;;0;;0.00;
metafinanciera méxico s.a de c.v sofom enr;;0;;0.00;
metafinanciera méxico s.a. de c.v. sofom enr;;0;;0.00;
metafinanciera méxico sa de cv sofom enr;;0;;0.00;
metodologia de evaluacion de riesgos pld sofom;;0;;0.00;
metodos de captacion para sofom;;0;;0.00;
metricas de riesgo de creditos en sofom;;0;;0.00;
metricas de riesgo operacional en financieras sofom;;0;;0.00;
metro financiera sofom er;;0;;0.00;
metrofinanciera s.a.p.i de c.v sofom e.r leon;;0;;0.00;
metrofinanciera sapi de cv sofom er direccion;;0;;0.00;
metrofinanciera sapi de cv sofom er domicilio;;0;;0.00;
metrofinanciera sapi de cv sofom er telefono;;0;;0.00;
metrofinanciera sapi sa de cv sofom;;0;;0.00;
metrofinanciera sapi sa de cv sofom enr;;0;;0.00;
metrofinanciera sapi sofom er;;0;;0.00;
mex factor sa de cv sofom;;0;;0.00;
mexcad sa de cv sofom enr;;0;;0.00;
mexcad sa de cv sofom enr donde queda;;0;;0.00;
mexcredit s.a de c.v sofom e.n.r;;0;;0.00;
mexcredit s.a. de c.v. sofom e.n.r;;0;;0.00;
mexfactor sa de cv sofom;;0;;0.00;
mexfactor sa de cv sofom chat;;0;;0.00;
mexfactor sa de cv sofom como se calcula el interes;;0;;0.00;
mexfactor sa de cv sofom interes;;0;;0.00;
mexicana de fomento innovador s.a de c.v sofom e.n.r;;0;;0.00;
mexicana de fomento innovador sofom;;0;;0.00;
mexicana oaxaca sofom;;0;;0.00;
mexicanas unidas financiera sa de cv sofom enr;;0;;0.00;
mf amiga s.a.p.i de c.v sofom;;0;;0.00;
mf amiga sa de cv sofom enr monterrey;;0;;0.00;
mf amiga sapi de cv sofom;;0;;0.00;
mf amiga sapi sofom;;0;;0.00;
mf amiga sofom;;0;;0.00;
mf amiga sofom enr;;0;;0.00;
mfm capital tech opm sapi de cv sofom enr;;0;;0.00;
mfm opm sapi de c v sofom e n rfc;;0;;0.00;
mfm opm sapi de cv sofom;;0;;0.00;
mfm opm sapi de cv sofom en;;0;;0.00;
mfm opm sapi de cv sofom enr direccion;;0;;0.00;
mfm opm sapi de cv sofom enr lavado de dinero;;0;;0.00;
mfm opm sapi de cv sofom enr monterrey n l;;0;;0.00;
mfm opm sapi de cv sofom enr opiniones;;0;;0.00;
mfm opm sapi de cv sofom monterrey;;0;;0.00;
mfm opm sapi de cv sofom monterrey nl;;0;;0.00;
mfm opm sapi de cv sofom rfc;;0;;0.00;
mfm opm sapi sofom enr;;0;;0.00;
mfm opm sofom;;0;;0.00;
mgl soluciones sa de cv sofom;;0;;0.00;
mi financiera sofom;;0;;0.00;
mi solucion productiva sa de cv sofom enr;;0;;0.00;
microcredito solidario sa de cv sofom enr;;0;;0.00;
microcrédito solidario s.a de c.v sofom e.n.r;;0;;0.00;
microempresa sa de cv sofom enr;;0;;0.00;
microfinanciera cruse sa de cv sofom enr;;0;;0.00;
microfinanciera unidos s.a de c.v sofom enr;;0;;0.00;
microfinancieras sofom;;0;;0.00;
micros lafin s.s de c.v sofom enr;;0;;0.00;
micros lafin sa de cv sofom enr;;0;;0.00;
micros lafin sa de cv sofom merida;;0;;0.00;
mifel sa de cv sofom;;0;;0.00;
mifel sa de cv sofom er rfc;;0;;0.00;
mifel sofom estados financieros;;0;;0.00;
mifel sofom intermediario financuiero;;0;;0.00;
migracion de la sofoles a sofomes en mexico;;0;;0.00;
miguel michel gonzalez sofom;;0;;0.00;
minerva sofom;;0;;0.00;
minimo de socios para sofom;;0;;0.00;
mipymex s.a de c.v sofom;;0;;0.00;
mipymex s.a de c.v sofom e.n.r;;0;;0.00;
mipymex s.a de c.v sofom enr;;0;;0.00;
mirazaga sofom cd obregon;;0;;0.00;
mision sofom;;0;;0.00;
mision y vision de una sofom;;0;;0.00;
mizrafin sapi cv sofom enr;;0;;0.00;
mizrafin sapi de c.v sofom ener;;0;;0.00;
mizrafin sapi de cv sofom enr lerma méx;;0;;0.00;
mizrafin sapi sofom enr;;0;;0.00;
mlnte kamerun sofom;;0;;0.00;
mnj capital sa de cv sofom enr;;0;;0.00;
modelo acta constitutiva sofom enr;;0;;0.00;
modelo acta transformacion a sofom;;0;;0.00;
modelo de administracion sofom;;0;;0.00;
modelo de contrato en cuenta corriente sofom;;0;;0.00;
modelo de estado de cuenta sofom condusef;;0;;0.00;
modelo de negocio sofom;;0;;0.00;
modelo de seguridad de una sofom;;0;;0.00;
modelo estatutos sofom enr condusef;;0;;0.00;
modelos financieros para uan sofom;;0;;0.00;
modelos financieros para una sofom;;0;;0.00;
modelos novedosos sofomes;;0;;0.00;
modificaciones disposiciones cnbv 2017 sofom;;0;;0.00;
monetaria 21 sofom;;0;;0.00;
monetaria 21 sofom comentarios;;0;;0.00;
monetaria 21 sofom condusef;;0;;0.00;
monetaria 21 sofom es confiable;;0;;0.00;
monetaria 21 sofom opiniones;;0;;0.00;
monetaria 21 sofom telefono;;0;;0.00;
monetaria sofom 21 es legal o falso;;0;;0.00;
monetaria21 sofom;;0;;0.00;
monetaria21 sofom comentarios;;0;;0.00;
money holding s.a.p.i de c.v sofom e.n.r ubicacion;;0;;0.00;
money holding sapi de cv sofom enr;;0;;0.00;
moneyveo mexico sa de cv sofom teléfono;;0;;0.00;
moneyveo méxico s.a de c.v sofom;;0;;0.00;
moneyveo méxico s.a. de c.v. sofom e.n.r;;0;;0.00;
moneyveo méxico sa de cv sofom enr;;0;;0.00;
monte mitla sa de cv sofom enr;;0;;0.00;
monte mitla sofom;;0;;0.00;
montecito 38 fina sofom;;0;;0.00;
montecito 38 oficina 20 fina sofom;;0;;0.00;
monterrey alianza sofom;;0;;0.00;
monto facil sa de cv sofom enr corporativo;;0;;0.00;
monto fácil s.a p i sofom e.n.r;;0;;0.00;
monto necesario para constituir una sofom enr;;0;;0.00;
montos para crear una sofom;;0;;0.00;
mora de sofom como se aplicacion;;0;;0.00;
motus invertere sa de cv sofom er;;0;;0.00;
motus invertere sofom;;0;;0.00;
movimientos plus sapi de cv sofom enr;;0;;0.00;
mpulsora sume sapi de cv sofom enr;;0;;0.00;
mr cash s.a de c.v.sofom e.n.r;;0;;0.00;
mr cash sa de cv sofom enr;;0;;0.00;
msm sofom;;0;;0.00;
msn sofom;;0;;0.00;
multi apoyos del capital s.a de c.v sofom e.n.r;;0;;0.00;
multiapoyo de capital s.a de c.v sofom en.r;;0;;0.00;
multiplica mexico sa de cv sofom enr;;0;;0.00;
multiplica méxico sa de cv sofom enr;;0;;0.00;
multiplica tu nomina sofom;;0;;0.00;
mz financial sofom;;0;;0.00;
nafin programa sofomes;;0;;0.00;
nafin sofom;;0;;0.00;
navistar financial sa de cv sofom;;0;;0.00;
navistar financial sa de cv sofom er datos fiscales+;;0;;0.00;
navistar financial sofom;;0;;0.00;
navistar financial sofom enr;;0;;0.00;
navistar sofom;;0;;0.00;
navix de mexico sa de cv sofom;;0;;0.00;
navix de mexico sofom;;0;;0.00;
navix de méxico s.a de c.v sofom enr;;0;;0.00;
nebula financiera sofom;;0;;0.00;
necesito ser sofom para prestar dinero;;0;;0.00;
necesito una autorizacion para formar una sofom;;0;;0.00;
necesito una sofom;;0;;0.00;
negocio en sofomes;;0;;0.00;
negocios y proyectos sofom;;0;;0.00;
new life & zone mexico s.a de c.v sofom e.n.r;;0;;0.00;
new life & zone méxico s.a de c.v sofom e.n.r;;0;;0.00;
new life & zone sofom cdmx;;0;;0.00;
new life sa de cv sofom enr;;0;;0.00;
nexus sofom;;0;;0.00;
nf financie mexico s.a de c.v sofomer;;0;;0.00;
nissan s.a de c v sofom enr;;0;;0.00;
nissan sofom;;0;;0.00;
nivel de cartera sofomes;;0;;0.00;
nivel de cum0limiento de las sofomes;;0;;0.00;
niveles de operacion de sofomes en mexico;;0;;0.00;
niveles de operacion de sofomes en mexico 2017;;0;;0.00;
no puedo pagar mi credito con laadsa sofom en mexico;;0;;0.00;
no se cual es mi sofom;;0;;0.00;
no se cual es mi sofom fovissste;;0;;0.00;
nogaleros del noroeste s.a de c.v sofom e.n.r personal;;0;;0.00;
nogaleros del noroeste sa de cv sofom enr;;0;;0.00;
nohemi rojas virgen sofom;;0;;0.00;
nombramiento de auditor externo sofom enr;;0;;0.00;
nombramiento de auditor interno sofom enr;;0;;0.00;
nombramiento oficial de cumplimiento sofom;;0;;0.00;
nombre de los dos tipos de sofom;;0;;0.00;
nombre de sofomes en mexico;;0;;0.00;
nombres de sofoms;;0;;0.00;
nomina apoyo sa de cv sofom enr;;0;;0.00;
nomina apoyo sapi de cv sofom enr direccion;;0;;0.00;
nomina apoyo sapi sofom;;0;;0.00;
nomina apoyo sapide cv sofom enr;;0;;0.00;
nomina apoyo sofom;;0;;0.00;
nomina apoyo sofom sucursales;;0;;0.00;
nomina de apoyo sa de cv sofom;;0;;0.00;
noray sofom;;0;;0.00;
normas de sofom;;0;;0.00;
normas de una sofom no regulada;;0;;0.00;
normativa sofom;;0;;0.00;
normatividad aplicable sofoms;;0;;0.00;
normatividad sofom enr;;0;;0.00;
normatividad sofom enr cnbv;;0;;0.00;
normatividad sofomes;;0;;0.00;
normatividad sofomes no reguladas;;0;;0.00;
notario sofom;;0;;0.00;
notas a los estados financieros arrendadora financiera sofom;;0;;0.00;
notas a los estados financieros arrendadora financiera sofom 2015;;0;;0.00;
notas a los estados financieros arrendadora financiera sofom 2016;;0;;0.00;
notas revelacion sofom inbursa;;0;;0.00;
noticias financieras economia sofomes;;0;;0.00;
notificar a la condusef cambio de accionista sofom no regulada;;0;;0.00;
novarec s.a de c.v sofom;;0;;0.00;
novarec s.a de c.v sofom e.n.r cuajimalca ciudad de mexico;;0;;0.00;
novarec s.a de c.v sofom e.r;;0;;0.00;
novatec s.a de c.v sofom e.n.r;;0;;0.00;
novatec s.a de c.v sofom e.n.r cuajimalpa ciudad de mexico;;0;;0.00;
novatec sa de cv sofom de enr;;0;;0.00;
novo agro sofom;;0;;0.00;
novoagro sofom;;0;;0.00;
npl konfigura sa de cv sofom enr;;0;;0.00;
npl konfigura sofom;;0;;0.00;
nplkonfigura sa de cv sofom enr;;0;;0.00;
nr finance de mexico sa de cv sofom enr;;0;;0.00;
nr finance mexico s.a de c.v sofom er que es;;0;;0.00;
nr finance mexico sa de cv sofom enr facturacion;;0;;0.00;
nr finance mexico sa de cv sofom enr telefonos;;0;;0.00;
nr finance mexico sa de cv sofom er atencion;;0;;0.00;
nr finance mexico sa de cv sofom er curp;;0;;0.00;
nr finance mexico sa de cv sofom er direccion;;0;;0.00;
nr finance mexico sa de cv sofom er domicilio;;0;;0.00;
nr finance mexico sa de cv sofom er facturacion;;0;;0.00;
nr finance mexico sa de cv sofom er guadalajara;;0;;0.00;
nr finance mexico sa de cv sofom er logo;;0;;0.00;
nr finance mexico sa de cv sofom er pagos;;0;;0.00;
nr finance mexico sa de cv sofom er telefono;;0;;0.00;
nr finance mexico sa de cv sofom rfc;;0;;0.00;
nr finance mexico sa de cv sofom telefono;;0;;0.00;
nr finance mexico sa de cv sofome e n r;;0;;0.00;
nr finance mexico sa de cv sofomer demandas al consumidor;;0;;0.00;
nr finance mexico sa de cv sofomer son estafadores;;0;;0.00;
nr finance mexico saa de cv sofom er;;0;;0.00;
nr finance méxico s.a de c.v sofom e.r domicilio;;0;;0.00;
nr finance méxico s.a de c.v sofom poliza de seguros;;0;;0.00;
nr finance méxico s.a de c.v sofom rfc;;0;;0.00;
nr finance méxico sa de cv sofom;;0;;0.00;
nr finance méxico sa de cv sofom er;;0;;0.00;
nr finance sofom er;;0;;0.00;
nr finnce mexico sade cv sofom er;;0;;0.00;
nra finance mexico sa de cv sofom er;;0;;0.00;
nrfm sofom mexico;;0;;0.00;
nubank sofom;;0;;0.00;
nueva sofom en valle hermoso;;0;;0.00;
nuevas regulaciones a las sofom;;0;;0.00;
nuevas sofomes;;0;;0.00;
nuevas sofomes 2018;;0;;0.00;
nuevo sistema de puntaje fovissste sin la sofom;;0;;0.00;
numero de socios para una sofom;;0;;0.00;
numero de sofom tuxtepec;;0;;0.00;
numero de sofomes en mexico;;0;;0.00;
numero de sofomes en mexicoc;;0;;0.00;
numero de telefon se sofom enr;;0;;0.00;
numero de telefono se sofom enr;;0;;0.00;
numero de telefonoalianza financiera socials.a c.v sofom;;0;;0.00;
numero sofom gamo cuernavaca;;0;;0.00;
numero telefonico de idf capital sofom;;0;;0.00;
numero telefonico empresa hinv sa de cv sofom enr;;0;;0.00;
numero telefónico alphacredit sofom villahermosa;;0;;0.00;
nvx capital sofom;;0;;0.00;
nyp safi sofom enr;;0;;0.00;
nyp safi sofom ent;;0;;0.00;
nómina apoyo sa de cv sofom enr;;0;;0.00;
nómina apoyo sapi de cv sofom e.n.r;;0;;0.00;
nómina apoyo sapi de cv sofom enr condusef;;0;;0.00;
oaxaca mc siempe creciendo sofom;;0;;0.00;
oaxaca mc siempre creciendo sofom;;0;;0.00;
obejtivo de las sofomes;;0;;0.00;
objetivo de la sofomes;;0;;0.00;
objetivo de las sofomes;;0;;0.00;
objetivo de sofomes;;0;;0.00;
objetivo general de una sofom;;0;;0.00;
objetivos de una sofom;;0;;0.00;
objeto de sofom;;0;;0.00;
objeto financiera realidad s.a de c.v sofom enr;;0;;0.00;
objeto social de sofom;;0;;0.00;
objeto social de sofom enr;;0;;0.00;
objeto social de una sociedad sofom;;0;;0.00;
objeto social de una sofom enr;;0;;0.00;
objeto social de una sofom no regulada;;0;;0.00;
objeto social sofom;;0;;0.00;
objeto social sofom enr;;0;;0.00;
obligacion capacitacion pld sofom;;0;;0.00;
obligacion de sofom ante conducef;;0;;0.00;
obligacion pld sofom;;0;;0.00;
obligaciones d ela sofom;;0;;0.00;
obligaciones de condusef con la s sofomes ante;;0;;0.00;
obligaciones de la sofom ante condusef;;0;;0.00;
obligaciones de la sofom enr ante condusef;;0;;0.00;
obligaciones de la sofom enr ante la cnbv;;0;;0.00;
obligaciones de las sofom ante la condusef;;0;;0.00;
obligaciones de las sofom en pld;;0;;0.00;
obligaciones de las sofomes ante la condusef;;0;;0.00;
obligaciones de las sofomes no reguladas;;0;;0.00;
obligaciones de sofom;;0;;0.00;
obligaciones de una sapi y de una sofom;;0;;0.00;
obligaciones de una sofom enr ante condusef;;0;;0.00;
obligaciones del oficial de cumplimiento sofom;;0;;0.00;
obligaciones fiscales de la sofom enr en 2017;;0;;0.00;
obligaciones fiscales de las sofomes;;0;;0.00;
obligaciones fiscales de las sofomes enr;;0;;0.00;
obligaciones fiscales de sofom;;0;;0.00;
obligaciones fiscales de una sofom;;0;;0.00;
obligaciones fiscales e informativas de una sofom;;0;;0.00;
obligaciones minimas sofom;;0;;0.00;
obligaciones por cumplir cuando se cierra una sofom e.n.r;;0;;0.00;
obligaciones que deberan cumplir las sofomes 2017;;0;;0.00;
obligaciones que deberan cumplir las sofomes e.n.r 2017;;0;;0.00;
obligaciones sofom 2019;;0;;0.00;
obligaciones sofom cnbv;;0;;0.00;
obligaciones sofom enr;;0;;0.00;
obligaciones sofom enr 2018;;0;;0.00;
obligaciones sofom enr 2019;;0;;0.00;
obligaciones sofomes condusef;;0;;0.00;
obligaciones sofomes enr;;0;;0.00;
obtencasa sa de cv sofom enr;;0;;0.00;
obtencasa sa de cv sofom enr wix.com;;0;;0.00;
ofertas de empleo sofomes enr;;0;;0.00;
ofertas de trabajo sofom;;0;;0.00;
oficial de cumplimiento en varias sofomes;;0;;0.00;
oficial de cumplimiento sofom enr;;0;;0.00;
oficial de cumplimiento sofom requisitos;;0;;0.00;
oficina de sofom;;0;;0.00;
oficina de sofom tlalpan;;0;;0.00;
oficinas de la sofom;;0;;0.00;
oficinas de sofom en lagos;;0;;0.00;
oficinas de sofom en pachuca;;0;;0.00;
oficinas de sofom gamu en oaxaca;;0;;0.00;
oficinas de sofomation en houston texas;;0;;0.00;
oficinas de sofomes y sofoles;;0;;0.00;
oficinas sofom;;0;;0.00;
oficio de autorización cnbv sofom;;0;;0.00;
oficio ubva nombre sofom;;0;;0.00;
ok servicios financieros s.a de c.v sofom;;0;;0.00;
ok servicios financieros sa de cv sofom enr;;0;;0.00;
ol credito sofom credito solicitar un cr;;0;;0.00;
omiarrenda s.a de c.v sofom enr;;0;;0.00;
omniarrenda sa de cv sofom enr;;0;;0.00;
omniarrenda sa de cv sofom enr edo de mexico;;0;;0.00;
on financiera s.a.p.i de c.v sofom e.r.4.6;;0;;0.00;
one cap sofom;;0;;0.00;
onlix s.a.p.i de c.v sofom e.n.r;;0;;0.00;
opcion financiera sofom;;0;;0.00;
opciones compromiso que da confianza sofom;;0;;0.00;
opciones para crecer sa de cv sofom;;0;;0.00;
opciones sacimex sofom;;0;;0.00;
opcipres compromiso que da confianza sofom;;0;;0.00;
opcipres sa de cv sofom er imss;;0;;0.00;
opcipres sa de cv sofomer;;0;;0.00;
opción reto s.a de c.v sofom e.n.r;;0;;0.00;
opencap holding sapi de cv sofom enr;;0;;0.00;
opencap sofom;;0;;0.00;
operacion sofom enr;;0;;0.00;
operaciones autorizadas sofomes enr;;0;;0.00;
operaciones de credito sofom;;0;;0.00;
operaciones de credito sofomes;;0;;0.00;
operaciones de riesgo de lq sofom;;0;;0.00;
operaciones de sofomes;;0;;0.00;
operaciones de sofomes enr;;0;;0.00;
operaciones de una sofom;;0;;0.00;
operaciones de una sofom registro;;0;;0.00;
operaciones inusuales sofom;;0;;0.00;
operaciones relevantes pld 2018 sofom enr;;0;;0.00;
operaciones relevantes sofom;;0;;0.00;
operación de una sofom;;0;;0.00;
operadora broxel sa de cv sofom enr;;0;;0.00;
operadora de empeños y prestamos sapi de c.v sofom e.n.r;;0;;0.00;
operadora de posibilidades s.a de c.v sofom e.n.r;;0;;0.00;
operadora de posibilidades sofom enr;;0;;0.00;
operadora de servicios mega sofom;;0;;0.00;
operadora de servicios mega sofom er;;0;;0.00;
operadora e impulsora de negocios sa de cv sofom;;0;;0.00;
operadora e impulsora de negocios sa de cv sofom er;;0;;0.00;
operadora e impulsora de negocios sofom;;0;;0.00;
operadora e impulsora de negocios sofom grupo financiero banamex;;0;;0.00;
operadora financiera de méxico s.a de c.v sofom;;0;;0.00;
operadora financiera de méxico sa de cv sofom enr;;0;;0.00;
operadora fondes sa de cv sofom enr;;0;;0.00;
operadora moyo sa de cv sofom enr;;0;;0.00;
operadora myo sa de cv sofom enr;;0;;0.00;
operadora procea del centro sa de cv sofom enr;;0;;0.00;
opinion faci casa sofom;;0;;0.00;
opiniones abc capital sofome;;0;;0.00;
opiniones de la sofom alra del sur;;0;;0.00;
opiniones faci casa sofom;;0;;0.00;
oportunidad microfinanzas sa de cv sofom enr;;0;;0.00;
oportunidad microfinanzas sofom.sa de cv;;0;;0.00;
oportunidades para emprendedores financiera sofom;;0;;0.00;
oportunidades para emprendedores sapi de cv sofom enr opiniones;;0;;0.00;
oportunidades para emprendedores sapi de cv sofom enr queretaro;;0;;0.00;
oportunidades para emprendedores sapi de cv sofom montecito;;0;;0.00;
opticredit sa de cv sofom;;0;;0.00;
orca sofom;;0;;0.00;
ordenamiento de una sofom;;0;;0.00;
orfex sofom;;0;;0.00;
organigrama de credito y cobranza sofom;;0;;0.00;
organigrama de sofom;;0;;0.00;
organigrama de una sofom enr;;0;;0.00;
organigramas de sofom;;0;;0.00;
organización de una sofom;;0;;0.00;
organo de administracion de sofom;;0;;0.00;
organos de gobierno corporativo sofomes;;0;;0.00;
organos de una sociedad mercantil sofom;;0;;0.00;
organozacion de una sofom;;0;;0.00;
origen de las sofomes;;0;;0.00;
otz s.a de c.v sofom enr;;0;;0.00;
ovoagro sofom;;0;;0.00;
owenlanark financial corp sofom;;0;;0.00;
pa pronto sa de cv sofom enr;;0;;0.00;
paccar financial mexico sa de cv sofom enr rfc;;0;;0.00;
padron de sofomes;;0;;0.00;
padron de sofomes fovissste;;0;;0.00;
padron sofom fovissste;;0;;0.00;
pagare en solicitud de credito sofom;;0;;0.00;
pagina de fovissste sofom;;0;;0.00;
pagina fovisste sofom;;0;;0.00;
pagina para verificar datos de una sofom en mexico;;0;;0.00;
pagina web de nave insignia s.ap.i de c.v sofom e.n.r;;0;;0.00;
pagina web de navinsignia s.ap.i de c.v sofom e.n.r;;0;;0.00;
pagina web financiera maestra ver c.v sofom;;0;;0.00;
pagina web globo rural sa de cv sofom enr;;0;;0.00;
pago de sofom contabilidad;;0;;0.00;
pago por renovacion de dictamen tecnico sofom enr;;0;;0.00;
pagos a sofomes;;0;;0.00;
pagos a sofomes enr;;0;;0.00;
pagos chiquitos s.a.p.i de c.v sofom enr;;0;;0.00;
pagos en dolares sofomes;;0;;0.00;
pagos para un sofom;;0;;0.00;
pagos y adeudos de derechos por internet sofom;;0;;0.00;
palabras reservadas sofom;;0;;0.00;
palabras reservadas sofomes;;0;;0.00;
palace sofom;;0;;0.00;
panorama para las sofomes 2019;;0;;0.00;
para crecer sofom;;0;;0.00;
para efecto de pgo de iva atraves de sofom;;0;;0.00;
para que funciona sofom;;0;;0.00;
para que se ocupa una sofom;;0;;0.00;
para que se ocupa una sofom enr;;0;;0.00;
para que se utilizan los recursos de los sofom;;0;;0.00;
para que sirve el sofom;;0;;0.00;
para que sirve la sofom;;0;;0.00;
para que sirve sofom;;0;;0.00;
para que sirven las sofomes;;0;;0.00;
para que son las sofom fovissste;;0;;0.00;
para que son las sofomes;;0;;0.00;
para quien esta dirigido una sofom;;0;;0.00;
para quien esta dirrigido una sofom;;0;;0.00;
para todo sapi de cv sofom enr;;0;;0.00;
para todo sapi de cv sofom enr correo;;0;;0.00;
parafinanciera y sofom;;0;;0.00;
paratodo sofom;;0;;0.00;
paratodo sofom cnbc;;0;;0.00;
paratodo sofom cnbv;;0;;0.00;
paratodo sofom contrato;;0;;0.00;
paratodo sofom pdf;;0;;0.00;
parody sofoma porn;;0;;0.00;
partes que conforman sofomes entidades regulares er;;0;;0.00;
participacion de mercado sofom;;0;;0.00;
participacion de sofomes;;0;;0.00;
participacion sofomes;;0;;0.00;
participación extranjera en sofom;;0;;0.00;
particularidades intereses de sofom;;0;;0.00;
particulatidades intereses de sofom;;0;;0.00;
pasos a seguir para constituir una sofom;;0;;0.00;
pasos para abrir sucursal de sofom;;0;;0.00;
pasos para abrir una sofom;;0;;0.00;
pasos para cancelar registro de una sofom;;0;;0.00;
pasos para constituir una sofom;;0;;0.00;
pasos para constitur una sofom;;0;;0.00;
pasos para crear una sofom;;0;;0.00;
pasos para hacer una sofom;;0;;0.00;
pasos para una sofom enr;;0;;0.00;
patente o tipo de servicios una sofom;;0;;0.00;
patrimonial sapi de cv sofom enr;;0;;0.00;
patrimonio hipotecaria tertius sapi de cv sofom enr;;0;;0.00;
patrimonio hipotecaria tertius sapi de cv sofom enr cancu;;0;;0.00;
patrimonio milenio sa de cv sofom;;0;;0.00;
patrimonio milenio sa de cv sofom direccion;;0;;0.00;
patrimonio plus sapi de cv sofom enr;;0;;0.00;
patrimonio s.a de c.v sofom enr registro federal de contribuyentes;;0;;0.00;
patrimonio sa de cv sofom;;0;;0.00;
patrimonio y beneficio familiar sa de cv sofom enr;;0;;0.00;
patrimonios milenio sa de cv sofom enr;;0;;0.00;
pbf sofom telefono;;0;;0.00;
penalizacion sofom;;0;;0.00;
pendulum international de méxico sa de cv sofom enr;;0;;0.00;
pendulum sofom;;0;;0.00;
percapital sofom;;0;;0.00;
permisos de la sofom;;0;;0.00;
permisos de una sofom;;0;;0.00;
permisos para las sofomes;;0;;0.00;
permisos para montar una sofom;;0;;0.00;
permisos para montar una sofom 2017;;0;;0.00;
permisos para una sofom;;0;;0.00;
persona fisica sofom;;0;;0.00;
personalidad de una sofom;;0;;0.00;
personalidad juridica de sofomes;;0;;0.00;
personas que ejercen el control sofom;;0;;0.00;
personas que ejercen el control sofom explicación;;0;;0.00;
petromex sofom;;0;;0.00;
petrosofom s.a de c.v sofom e.n.r;;0;;0.00;
pidamas s.a.p.i de c.v sofom e.n.r;;0;;0.00;
pidamas sapi de cv sofom enr condusef;;0;;0.00;
pidamás sapi de cv sofom enr;;0;;0.00;
pincipales sofomes en mexico;;0;;0.00;
plan credi s.a de c.v sofom e.n.r telefono;;0;;0.00;
plan credi sa de cv sofom enr;;0;;0.00;
plan crédi sa de cv sofom dirección tampico;;0;;0.00;
planmerk de mexico sa de cv sofom;;0;;0.00;
planmerk de mexico sa de cv sofom enr;;0;;0.00;
planmerk de mexico sa de cv sofom mision;;0;;0.00;
plataforma sofom;;0;;0.00;
platino sofom enr;;0;;0.00;
pld sofom;;0;;0.00;
plus s.a de c.v sofom enr;;0;;0.00;
podemos progresar s.a.p.i de c.v sofom e.n.r;;0;;0.00;
podemos progresar sa de cv sofom enr;;0;;0.00;
podemos progresar sa de cv sofom enr naucalpan;;0;;0.00;
podemos progresar sofom;;0;;0.00;
politica ambiental de sofom;;0;;0.00;
politica de estimacion por irrecuperabilidad sofom;;0;;0.00;
politicas para un sofom;;0;;0.00;
políticas de calidad de sofom;;0;;0.00;
por que fovissste trabajan con sofom;;0;;0.00;
por que lo sbancos no apetrturan cuentade sofoms;;0;;0.00;
por que pagan mas las sofom;;0;;0.00;
por que registrarse como una sofom;;0;;0.00;
poral de registro sofom;;0;;0.00;
porcentage competitvo en el mercado de la sofomes enr;;0;;0.00;
porcentaje de apertura de credito pyme sofom;;0;;0.00;
porcentaje de participacion en sofom;;0;;0.00;
porque las sofoles se cambiaron a sofomes;;0;;0.00;
porque las sofom no cobran los tramites;;0;;0.00;
porque los bancos no aperturan cuenta de sofomes;;0;;0.00;
porque los sofomes son indirectos;;0;;0.00;
porque pagar a sofom;;0;;0.00;
porque pagar a sofom si vendo casa;;0;;0.00;
porque se creo la sofomes;;0;;0.00;
porque se debe escoger una sofom para fovisste;;0;;0.00;
porque una sofom para fovissste;;0;;0.00;
porque una sofom puede ser regulda;;0;;0.00;
portafolio de inversion sofom;;0;;0.00;
portafolio de negocios s.a de c.v sofom e.r sat;;0;;0.00;
portafolio de negocios sa cv sofom er;;0;;0.00;
portafolio de negocios sa de cv sofom enr rfc;;0;;0.00;
portafolio de negocios sa de cv sofom terceria;;0;;0.00;
portal de cumplimiento de sofom enr;;0;;0.00;
portal de distribuidores sofom inbursa;;0;;0.00;
portal de las sofom;;0;;0.00;
portal de las sofom en la conduset;;0;;0.00;
portal de registro sofom;;0;;0.00;
portal de sofom;;0;;0.00;
porvenir sofom;;0;;0.00;
posibilidades verdes s.a de c.v sofom enr;;0;;0.00;
posibilitatea sa de cv sofom er;;0;;0.00;
power mix de mexico sa de cv sofom;;0;;0.00;
power point sofomes en mexico 2016;;0;;0.00;
pr soporte efectivo s.a de c.v sofom e.n.r;;0;;0.00;
pr soporte efectivo s.a de c.v sofom enr;;0;;0.00;
practica capital sofom;;0;;0.00;
praxis la raza sa de cv sofom enr;;0;;0.00;
pre15na s.a de c.v sofom e.n.r servicios financieros;;0;;0.00;
pre15na s.a de c.v sofom e.n.r servicios financieros culiacan;;0;;0.00;
pre15nna s a de c v sofom enr direccion;;0;;0.00;
pre15nna sa de cv sofom enr;;0;;0.00;
preceptos llegales resumidos de un contrato para sofom;;0;;0.00;
preference capital s.a de c.v sofom;;0;;0.00;
prelacion de pagos en creditos de sofomes;;0;;0.00;
premo sofom beneficios;;0;;0.00;
premo sofom credito para capital de trabajo;;0;;0.00;
premo sofom donde opera;;0;;0.00;
premo sofom logo;;0;;0.00;
premo sofom plazo;;0;;0.00;
premo sofom requisitos;;0;;0.00;
premo sofom solicitud;;0;;0.00;
premo sofom sonora;;0;;0.00;
premo sofom sucursales;;0;;0.00;
premo sofom tasa de interes;;0;;0.00;
premo sofom y proyectos verdes;;0;;0.00;
premo sofom y proyects verdes;;0;;0.00;
prequincena sofom enr;;0;;0.00;
prescripcion prestamo sofom;;0;;0.00;
presentacion sobre sofomes;;0;;0.00;
presentaciones de power point de sofom;;0;;0.00;
presentaciones de power point de sofomes;;0;;0.00;
presidente sofom;;0;;0.00;
presta simple sa de cv sofom enr toluca;;0;;0.00;
presta simple sa de cv sofom enr uruapan;;0;;0.00;
presta simple sofom enr;;0;;0.00;
presta soluciones s.a.p.i de c.v sofom e.n.r;;0;;0.00;
presta soluciones s.a.p.i. de c.v. sofom e.n.r;;0;;0.00;
presta-melo s.a.p.i de c.v sofom enr;;0;;0.00;
prestaciones finmovil sa de cv sofom enr;;0;;0.00;
prestaciones hdm sapi de cv sofom enr;;0;;0.00;
prestaciones plus s.a. de c.v. sofom e.n.r;;0;;0.00;
prestaciones plus sa de cv sofom enr;;0;;0.00;
prestaciones plus sa de cv sofom enr merida yucatan;;0;;0.00;
prestaciones puede brindar sofom;;0;;0.00;
prestaciones puede brindar sofom a otra empresa;;0;;0.00;
prestacrece s.a de c.v sofom e.n.r;;0;;0.00;
prestacrece s.a de c.v sofom enr;;0;;0.00;
prestadores sofom;;0;;0.00;
prestam servicios financieros s.a de c.v sofom e.n.e;;0;;0.00;
prestam servicios financieros s.a de c.v sofom e.n.r;;0;;0.00;
prestam servicios financieros s.a de c.v sofom e.n.r.consumidor;;0;;0.00;
prestamelo sapi de cv sofom enr;;0;;0.00;
prestamex soluciones sa de cv sofom enr;;0;;0.00;
prestamo educativo sofom;;0;;0.00;
prestamo empresarial oportuno sa de cv sofom enr;;0;;0.00;
prestamo empresarial oportuno sapi de cv sofom enr;;0;;0.00;
prestamo requerimiento patrimonial s.a.p.i de c.v sofom enr;;0;;0.00;
prestamo sofom;;0;;0.00;
prestamos de 400000 sofom que no pidan dinero por apertura;;0;;0.00;
prestamos de sofom;;0;;0.00;
prestamos de volada sofom;;0;;0.00;
prestamos en sofom;;0;;0.00;
prestamos expeditos sa de cv sofom;;0;;0.00;
prestamos expeditos sofom enr;;0;;0.00;
prestamos expeditos sofom enr credichamba;;0;;0.00;
prestamos express juarez s.a de c.v sofom enr juárez mx;;0;;0.00;
prestamos felices en 15 minutos sa de cv sofom saltillo;;0;;0.00;
prestamos felices sa sofom enr;;0;;0.00;
prestamos fyr sa de cv sofom enr;;0;;0.00;
prestamos fyr sa de cv sofom enr pantitlan;;0;;0.00;
prestamos fyr sa de cv sofom enr puebla;;0;;0.00;
prestamos fyr sa de cv sofom enr queretaro;;0;;0.00;
prestamos inmediatos sofom;;0;;0.00;
prestamos monetaria 21 sofom;;0;;0.00;
prestamos online mexico sofom;;0;;0.00;
prestamos por terrenos en sofom;;0;;0.00;
prestamos pymes sofom;;0;;0.00;
prestamos que otorga mex factor sofom;;0;;0.00;
prestamos seguros sofom e.r;;0;;0.00;
prestamos sofom cancun;;0;;0.00;
prestamos sofom enr;;0;;0.00;
prestamos via nomina a seguro popular jalisco sofom;;0;;0.00;
prestan servicios financieros s.a de c.v sofom e.n.r;;0;;0.00;
prestasimple sofom enr;;0;;0.00;
prestiquick sa de cv sofom enr;;0;;0.00;
presto fin es credipass sa de cv sofom e.n.r;;0;;0.00;
prestomyc s.a. de c.v. sofom e.n.r;;0;;0.00;
prestomyc sa de cv sofom enr;;0;;0.00;
prestorey sofom;;0;;0.00;
prestorey sofom chofer reynosa;;0;;0.00;
presupuesto de una sofom;;0;;0.00;
presyser de mexico sa de cv sofom enr;;0;;0.00;
presyser de méxico sa de cv sofom e;;0;;0.00;
pretmex sa de cv sofom;;0;;0.00;
pretmex sa de cv sofom enr gerente;;0;;0.00;
prevencion de frauds de delitos financieros sofomes;;0;;0.00;
prevencion de lavado de dinero sofomes;;0;;0.00;
prevencion lavado sofom ppt cnbv;;0;;0.00;
prevencion lavado sofom ppt cnbv donatarias;;0;;0.00;
principal diferencia entre una sofom regulaa y no regulada;;0;;0.00;
principales cambios a las dcg para sofomes 2017;;0;;0.00;
principales sanciones sofomes enr;;0;;0.00;
principales sofom en mazatlan;;0;;0.00;
principales sofom en mazatlan mejores calificadas;;0;;0.00;
principales sofomes;;0;;0.00;
principales software sofom;;0;;0.00;
principios de contabilidad sofom er;;0;;0.00;
prinipales sofomes reguladas;;0;;0.00;
privesalliance s.a de c.v sofom e.n.r;;0;;0.00;
pro confianza s.a de c.v sofom e.n.r la piedad;;0;;0.00;
pro confianza sa de cv sofom enr es confiable;;0;;0.00;
pro confianza sa de cv sofom enr guadalajara;;0;;0.00;
pro confianza sofom;;0;;0.00;
pro mujer mexico sofom;;0;;0.00;
problema sofom;;0;;0.00;
problemas legales con laadsa sofom en mexico;;0;;0.00;
problemas mas comunes de la sofom;;0;;0.00;
problemas sofomes mexico;;0;;0.00;
procea del centro sa de cv sofom enr;;0;;0.00;
procedimiento constituir sofom er;;0;;0.00;
procedimiento extinción de sofom;;0;;0.00;
procedimiento para administracion seguimiento y control de gastos sofom;;0;;0.00;
procedimiento para administracion supervision y control de gastos sofom;;0;;0.00;
procedimiento para constituir un sofom ante la conducef;;0;;0.00;
procedimiento para constituir una sofom;;0;;0.00;
procedimiento para constituir una sofom e.n.r;;0;;0.00;
procedimiento para dejar de ser sofom;;0;;0.00;
procedimiento para elaboracion administracion y gestion presupuestos sofom;;0;;0.00;
procesa sofom;;0;;0.00;
proceso de colocacion de credito de una sofom;;0;;0.00;
proceso de credito de nomina sofom enr;;0;;0.00;
proceso de credito sofom;;0;;0.00;
proceso de sofom;;0;;0.00;
proceso para construir un sofom;;0;;0.00;
proceso para coonvertir una sofom en caja de ahorro;;0;;0.00;
processa sofom;;0;;0.00;
procredit sofom;;0;;0.00;
prodecon value arrendadora sa de cv sofom enr;;0;;0.00;
productos de sofom;;0;;0.00;
productos de una sofom;;0;;0.00;
productos financieros s.a de c.v sofom e.n.r licenciada isabel alarcon;;0;;0.00;
productos financieros sa de cv sofom;;0;;0.00;
productos financieros sa de cv sofom enr;;0;;0.00;
productos financieros sa de cv sofom enr le prestamos;;0;;0.00;
productos financieros sofom enr;;0;;0.00;
productos ofrecidos por una sofom sectores;;0;;0.00;
productos que ofrece una sofom;;0;;0.00;
productos que ofrecen las sofom;;0;;0.00;
productos sofom;;0;;0.00;
productos y servicios en sofomes;;0;;0.00;
proexito sa de cv sofom enr;;0;;0.00;
profinomex s.a.de c.v sofom e.n.r;;0;;0.00;
profinomex sapi de c.v sofom enr;;0;;0.00;
profuturo gnp sa de cv sofom enr;;0;;0.00;
profuturo gnp sa de cv sofom enr telefono jalisco;;0;;0.00;
programa de cumplimiento de la sofom;;0;;0.00;
programa de educacion financiera sofom enr;;0;;0.00;
programa sofom;;0;;0.00;
programas de apoyo para sofom en hidalgo;;0;;0.00;
programas para sofom;;0;;0.00;
progre emos s.a de c.v sofom enr;;0;;0.00;
progre emos sa de cv sofom enr;;0;;0.00;
progresemos sa de cv sofom enr quien es el director;;0;;0.00;
progresemos sofom apizaco;;0;;0.00;
prohiben a sofomes tener fincas rusticas;;0;;0.00;
promo sofom;;0;;0.00;
promocion al fortalecimiento economico sa de cv sofom enr;;0;;0.00;
promotora financiera ares pgrt s.a.p.i de c.v sofom e.n.r;;0;;0.00;
promotora financiera avanza sapi de cv sofomo enr;;0;;0.00;
promotora para el cambio s.a de c.v sofom e.n.r;;0;;0.00;
promotora para el cambio sofom;;0;;0.00;
promotora profile s.a.p.i de c.v sofom;;0;;0.00;
promotora rio yaqui sa de cv sofom enr;;0;;0.00;
promotora rio yaqui sa de cv sofom enr verum;;0;;0.00;
promotora s.a de c.v sofom enr;;0;;0.00;
promotora si sapi de cv sofom enr cuatepep;;0;;0.00;
promotora si sapi de cv sofom enr en cordoba veracruz;;0;;0.00;
promotora si sapiu de cv sofom enr;;0;;0.00;
promotora si sapiu de cv sofom enr cuatepep;;0;;0.00;
promotora wv sapi de c v sofom enr direccion;;0;;0.00;
promotoria vvv sapi de c.v sofom enr xalapa;;0;;0.00;
promotoría vvv s.a.p.i de c.v sofom enr;;0;;0.00;
promotoría vvv s.a.p.i de c.v sofom enr atila;;0;;0.00;
promoviendo tu futuro s.a de c.v sofom e.n.r;;0;;0.00;
promoviendo tu futuro sa de cv sofom;;0;;0.00;
promoviendo tu futuro sa de cv sofom enr;;0;;0.00;
promoviendo tu futuro sofom;;0;;0.00;
promoviendo tu futuro sofom puebla;;0;;0.00;
promoviendo tú futuro s.a de c.v sofom e.n.r;;0;;0.00;
promujer de méxico s.a de c.v sofom enr;;0;;0.00;
promujer de méxico s.a de c.v sofom enr puebla;;0;;0.00;
promujer de méxico s.a de c.v sofom enr tecámac méx;;0;;0.00;
promujer de méxico s.a de c.v sofom enr texcoco méx;;0;;0.00;
promujer sofom;;0;;0.00;
pronafim apoyo a sofom;;0;;0.00;
pronafim apoyo a sofom decima sección;;0;;0.00;
proposito de la sofom;;0;;0.00;
propymes sofom;;0;;0.00;
proquatro sofom;;0;;0.00;
pros y contras de las sofomes;;0;;0.00;
prosem soluciones empresariales sa de cv sofom enr;;0;;0.00;
prosem soluciones empresariales sa de cv sofom enr opiniones;;0;;0.00;
proseso de credito y cobranza sofom;;0;;0.00;
prospera servicios integrales sapi de cv sofom enr;;0;;0.00;
prospera sofom;;0;;0.00;
prosperus sofom;;0;;0.00;
prosuma capital sa de cv sofom enr;;0;;0.00;
proteccion de la marca de una sofom;;0;;0.00;
proveedor de listas para sofomes;;0;;0.00;
provicredit sa de cv sofom enr mexico;;0;;0.00;
provision registro contable cartera sofom;;0;;0.00;
proyecto de estatutos sociales sofom;;0;;0.00;
proyecto de estatutos sociales sofom enr;;0;;0.00;
proyectos adamantine sofom;;0;;0.00;
proyectos adamantine sofom er;;0;;0.00;
préstamo amigo servicios financieros s.a de c.v sofom e.n.r;;0;;0.00;
préstamo de dinero sofom;;0;;0.00;
préstamo empresarial oportuno sapi de cv sofom enr;;0;;0.00;
préstamos de volada s.a de c.v sofom e.n.r;;0;;0.00;
préstamos especializados del valle sa de cv sofom enr;;0;;0.00;
préstamos expeditos s.a de c.v sofom e.n.r;;0;;0.00;
préstamos expeditos sa de cv sofom;;0;;0.00;
préstamos felices en 15 minutos s.a de c.v sofom e.n.r;;0;;0.00;
préstamos gp s.a de c.v sofom e.n.r;;0;;0.00;
préstamos sofom;;0;;0.00;
publicidad de la tasa de interes de la sofom;;0;;0.00;
publicidad de sofom;;0;;0.00;
publicidad de sofom ante la tasas de interes;;0;;0.00;
publicidad de sofom enr;;0;;0.00;
publicidad para sofomes;;0;;0.00;
publicidad sofom;;0;;0.00;
publicsapi de cv de sofom;;0;;0.00;
publiseg s.a.p.i de c.v sofom e.n.r condusef;;0;;0.00;
publiseg sa de cv sofom enr estado de cuenta;;0;;0.00;
publiseg sa de cv sofom enr rfc;;0;;0.00;
publiseg sapi de c v sofom enr que significa;;0;;0.00;
publiseg sapi de cv sofom enr rfc;;0;;0.00;
publiseg sapi sofom enr;;0;;0.00;
puede darse de alta una sofom como persona fisica;;0;;0.00;
puede haber un administrador unico en una sofom;;0;;0.00;
puede una sociedad comercial convertirse en una sofom;;0;;0.00;
puede una sociedad de responsabilidad limitada ser sofom;;0;;0.00;
puede una sofom celebrar contratos laborales;;0;;0.00;
puede una sofom invertir en una empresa extrajera;;0;;0.00;
pueden retirar dinero de tu tarjeta las sofom;;0;;0.00;
puedo transferir a una sofom;;0;;0.00;
puesta en marcha de una sofom;;0;;0.00;
punto economico sa de cv sofom enr;;0;;0.00;
pyme sa de cv sofom;;0;;0.00;
qc soluciones financieras s.a.p.i de c.v sofom e.n.r;;0;;0.00;
qc soluciones financieras sa de cv sofom enr;;0;;0.00;
qc soluciones sapi de cv sofom enr;;0;;0.00;
qie significa sofom enr;;0;;0.00;
qien emite las sofomes;;0;;0.00;
qu es sofom;;0;;0.00;
qu es sofomes;;0;;0.00;
qu es una sofom;;0;;0.00;
quant capital s.a de c.v sofom e.n.r;;0;;0.00;
quant capital sofom;;0;;0.00;
quant capital sofom enr;;0;;0.00;
que actividad realiza una sofom;;0;;0.00;
que actividades pueden realizar las sofom enr;;0;;0.00;
que actividades realiza una sofom enr;;0;;0.00;
que autoridad laboral es competente para conocer de una sofom;;0;;0.00;
que autoridad vigila antilavado de sofomes;;0;;0.00;
que avisos de cobranza sofom son indicados para clientes;;0;;0.00;
que bancos financian sofomes;;0;;0.00;
que busca sofom;;0;;0.00;
que creditos otorgan las sofom;;0;;0.00;
que debe hacer una sofom para otorgar tarjeta de crédito;;0;;0.00;
que dias trabaja una sofom;;0;;0.00;
que diferencia hay entre nuna sofom y una sofol;;0;;0.00;
que diferencia hay entre una sofol y una sofom;;0;;0.00;
que diferencia hay entre una sofom y un banco;;0;;0.00;
que documentos requiero para ir a una sofom;;0;;0.00;
que e suna sofom;;0;;0.00;
que eempresa maneja el requerimiento patrimonial sapi decv.sofom enr;;0;;0.00;
que empresa es directodo mexico sapi de cv sofom enr;;0;;0.00;
que es alianza financiera socials.a c.v sofom;;0;;0.00;
que es alm sofom;;0;;0.00;
que es banamex sofom;;0;;0.00;
que es banamex sofom tc;;0;;0.00;
que es baracaf sa de cv sofom enr;;0;;0.00;
que es baracaf sa de cv sofom enr en chiapas;;0;;0.00;
que es capital mexico s.a.p.i de c.v sofom e.n.r;;0;;0.00;
que es cck sofom;;0;;0.00;
que es cetelem s.a de c.v sofom e.r;;0;;0.00;
que es credi solution s.a de c.v sofom enr;;0;;0.00;
que es credito hipotecario sofom;;0;;0.00;
que es el capital mexico sapi de cv sofom enr;;0;;0.00;
que es el dictamen tecnico para las sofomes;;0;;0.00;
que es el fcapital mexico sapi de cv sofom enr;;0;;0.00;
que es el sintena de transferencias sofom;;0;;0.00;
que es el sofome;;0;;0.00;
que es el sofomes;;0;;0.00;
que es fondeo de sofom;;0;;0.00;
que es idf capital sapi de cv sofom enr;;0;;0.00;
que es la metrofinanciera sofom er;;0;;0.00;
que es la multiplicidad en las sofomes;;0;;0.00;
que es mejor sofom o sofipo;;0;;0.00;
que es mejor una sofom o una sofol;;0;;0.00;
que es metro financiera sofom er;;0;;0.00;
que es metrofinanciera sofom er;;0;;0.00;
que es mexico factor sofom enr;;0;;0.00;
que es na sofom;;0;;0.00;
que es necesiario para abrir una sofom y un sapi;;0;;0.00;
que es nomina apoyo sapi de cv sofom enr;;0;;0.00;
que es nr finance mexico sa de cv sofom er;;0;;0.00;
que es premo sofom;;0;;0.00;
que es publiseg s.a de c.v sofom enr;;0;;0.00;
que es reco sofom;;0;;0.00;
que es requerimiento patrimonial sapi de cv sofom enr;;0;;0.00;
que es s.a.p.i de c.v sofom e.n.r;;0;;0.00;
que es santander sofom;;0;;0.00;
que es sapi de cv sofom enr;;0;;0.00;
que es sensa sofom;;0;;0.00;
que es sistema de transferencias y pagos sofom;;0;;0.00;
que es sofom banamex;;0;;0.00;
que es sofom enr significado;;0;;0.00;
que es sofom enr significan;;0;;0.00;
que es sofom regulada y no regulada;;0;;0.00;
que es sofom y ejemplo;;0;;0.00;
que es sofome e.n.r;;0;;0.00;
que es sofome sofoles;;0;;0.00;
que es sofomer;;0;;0.00;
que es sofomes e.n.r;;0;;0.00;
que es sofomes er;;0;;0.00;
que es sofomes o sofom;;0;;0.00;
que es sofomes o sofom pueden dar inversiones al publico;;0;;0.00;
que es uma sofom;;0;;0.00;
que es un a sofom;;0;;0.00;
que es un prestamo sofom;;0;;0.00;
que es un sofom enr;;0;;0.00;
que es un sofome;;0;;0.00;
que es una cuenta única citi sofomes;;0;;0.00;
que es una financiera sofom;;0;;0.00;
que es una sociadas sofom;;0;;0.00;
que es una sociedad sofom;;0;;0.00;
que es una sofipo vs sofom;;0;;0.00;
que es una sofol y una sofom;;0;;0.00;
que es una sofom cfm;;0;;0.00;
que es una sofom condusef;;0;;0.00;
que es una sofom mexico;;0;;0.00;
que es una sofom pdf;;0;;0.00;
que es una sofom regulada y no regulada;;0;;0.00;
que es una sofom y ejemplos;;0;;0.00;
que es una sofom y para que srive;;0;;0.00;
que es una sofom y porque surgio en mexico;;0;;0.00;
que es una sofome youtube;;0;;0.00;
que es una sofomer;;0;;0.00;
que es una sofomer ejemplos;;0;;0.00;
que es ungte credit sapi de cv sofom enr;;0;;0.00;
que es ventas de sofom;;0;;0.00;
que es vivalia sa de cv sofom;;0;;0.00;
que estudiar para abrir una sofom;;0;;0.00;
que estudiar sobre sofom;;0;;0.00;
que esun sofom;;0;;0.00;
que esuna sofom;;0;;0.00;
que financieras sofom en mexico son confiables segun condusef;;0;;0.00;
que funcion financiera otorga el sofome;;0;;0.00;
que funcion tiene sofom;;0;;0.00;
que funcion tiene una sofom;;0;;0.00;
que gana una sofom en un credito fovissste;;0;;0.00;
que ganan las sofom;;0;;0.00;
que gastos incurren para crear una sofom;;0;;0.00;
que hace una sofome;;0;;0.00;
que hacen las sofom;;0;;0.00;
que hacen las sofomes;;0;;0.00;
que hacen las sofomes enr;;0;;0.00;
que impuestos paga una sofom enr;;0;;0.00;
que instrumentos ofrece el sofom;;0;;0.00;
que ley regula a las sofom enr;;0;;0.00;
que ley regula a las sofomes;;0;;0.00;
que ley regula a las sofomes en mexico 2018;;0;;0.00;
que ley regula la sofom;;0;;0.00;
que leyes o codigos regulan la sofom;;0;;0.00;
que leyes regulan una sofom;;0;;0.00;
que necesidad cubre una sofom;;0;;0.00;
que necesito para hacer un sofomes;;0;;0.00;
que no puede hacer una sofom;;0;;0.00;
que oblicione stiene una sofom;;0;;0.00;
que ofrece una sofom;;0;;0.00;
que ofresen sofom;;0;;0.00;
que pasa si se deja de pagar a una sofom;;0;;0.00;
que permisos se requieren para una sofom;;0;;0.00;
que porcentaje de tasa de interes manejan las sofomes;;0;;0.00;
que pueden hacer un sofom;;0;;0.00;
que quiere decir sab de cv sofom;;0;;0.00;
que quiere decir sofom enr;;0;;0.00;
que requisitos debe cumplir una sofom para adquirir cartera vencida;;0;;0.00;
que rupo kf s.a de c.v sofom enr;;0;;0.00;
que scck sofom;;0;;0.00;
que se debe revisar en una sofom;;0;;0.00;
que se necesita para cerrar operaciones en una sofom enr;;0;;0.00;
que se necesita para constituir una sofom;;0;;0.00;
que se necesita para crear una sofom;;0;;0.00;
que se necesita para ser una sofom;;0;;0.00;
que sectores atienden las sofomes;;0;;0.00;
que servicios ofrece una sofom;;0;;0.00;
que servicios ofrece una sofom power point;;0;;0.00;
que servicios ofrece una sofom presentación;;0;;0.00;
que servicios ofrece una sofom regulada;;0;;0.00;
que servicios ofrecen las sofomes;;0;;0.00;
que sidnifica sofom;;0;;0.00;
que sifnifica sofom;;0;;0.00;
que significa e.n.r despues de sofom;;0;;0.00;
que significa las es de la sofom;;0;;0.00;
que significa las siglas s.a de c.v sofom enr;;0;;0.00;
que significa nomina apoyo s.a.p.i de c.v sofom e.n.r;;0;;0.00;
que significa publiseg sapi de c v sofom;;0;;0.00;
que significa requerimiento patrimonial sofom enr;;0;;0.00;
que significa sa de cv sofom er;;0;;0.00;
que significa sab de cv sofom enr;;0;;0.00;
que significa sofom inbursa;;0;;0.00;
que significa sofom ver;;0;;0.00;
que significa sofom y s.a.p.i sofom;;0;;0.00;
que significa sofome;;0;;0.00;
que significa sofomes segun autores;;0;;0.00;
que significa una sofom;;0;;0.00;
que significan e.n.r despues de sofom;;0;;0.00;
que sofom;;0;;0.00;
que sofom da mejor rendimiento en mexico;;0;;0.00;
que sofom es mejor;;0;;0.00;
que sofom me recomiendan;;0;;0.00;
que sofom otorga cuentas como si fuera un banco;;0;;0.00;
que sofomes recomiendan en merida;;0;;0.00;
que sofomes reguladas por la cnbv me recomiendan;;0;;0.00;
que son creditos sofom;;0;;0.00;
que son la sofom;;0;;0.00;
que son la sofom fovissste;;0;;0.00;
que son las obligaciones sofomes;;0;;0.00;
que son las sofoles o llamadas sofomes;;0;;0.00;
que son las sofom en mexico;;0;;0.00;
que son las sofom issste;;0;;0.00;
que son las sofomes enr;;0;;0.00;
que son las sofomes y autofinanciamiento en mexico;;0;;0.00;
que son las sofomes y ejemplos de empresas;;0;;0.00;
que son las sofomes y otro tipo de intermediarios financieros;;0;;0.00;
que son las sofomes y sofoles;;0;;0.00;
que son las sofomes y sofoles cd victoria;;0;;0.00;
que son las sofomes y tipos;;0;;0.00;
que son los prestamos sofom;;0;;0.00;
que son los sofom;;0;;0.00;
que son los sofom ejemplos;;0;;0.00;
que son los sofom en fovissste;;0;;0.00;
que son los sofomes en mexico;;0;;0.00;
que son los sofomes regulados;;0;;0.00;
que son reca sofom;;0;;0.00;
que son sofom;;0;;0.00;
que son sofome;;0;;0.00;
que son sofomes y sofoles;;0;;0.00;
que sonlos sofomes;;0;;0.00;
que tan bieno es pedir prestado a sofom;;0;;0.00;
que tan viable es usar una sofom;;0;;0.00;
que tasas de intereses manejan las sofomes;;0;;0.00;
que tipo de financiera es sofom o;;0;;0.00;
que tipos de credito da una sofom;;0;;0.00;
que tpo de servicios brinda una sofom;;0;;0.00;
que ventaja representa la sofom frente al banco;;0;;0.00;
que ws una sofom;;0;;0.00;
quees una sofom;;0;;0.00;
queja contra sofom;;0;;0.00;
quejas contra sofom;;0;;0.00;
quejas de productos financieros s.a de c sofom e.n.r;;0;;0.00;
quejas hacia consupago sa de c.v sofom enr;;0;;0.00;
quejas hacia consupagos.a de c.v sofom enr;;0;;0.00;
quejas sofom ing;;0;;0.00;
quiebra sofom si crea;;0;;0.00;
quien autoriza las sofomes;;0;;0.00;
quien capitalizar una sofom enr;;0;;0.00;
quien ejerce el control de una sofom;;0;;0.00;
quien emite las sofomes;;0;;0.00;
quien fondea a las sofom;;0;;0.00;
quien hace una sofom;;0;;0.00;
quien le paga a la.sofom;;0;;0.00;
quien le paga a la.sofom en un crwdito foviate;;0;;0.00;
quien me puede asesorar sobre una sofom;;0;;0.00;
quien puede conformar una sofom;;0;;0.00;
quien regula a la sofom;;0;;0.00;
quien regula a las sofom;;0;;0.00;
quien regula a las sofom er;;0;;0.00;
quien regula las sofomes;;0;;0.00;
quien regula legalmente las sofoms en la cnbv;;0;;0.00;
quien regula sofom;;0;;0.00;
quien regula una sofom;;0;;0.00;
quien supervisa a las sofomes;;0;;0.00;
quien supervisa las sofom;;0;;0.00;
quienes pueden fundar una sofom;;0;;0.00;
quienes son sofom;;0;;0.00;
quiero comprar una sofom;;0;;0.00;
quiero confianza sapi de cv sofom;;0;;0.00;
quiero confianza sapi de cv sofom er;;0;;0.00;
quiero hace runa sofom;;0;;0.00;
quincena express sa de cv sofom enr;;0;;0.00;
quitan registro a sofom er;;0;;0.00;
quw es un sofom;;0;;0.00;
qué créditos da una sofom;;0;;0.00;
qué diferencia existe entre las sofoles y las sofomes;;0;;0.00;
qué es el sofom;;0;;0.00;
qué es el sofom inbursa;;0;;0.00;
qué es sapi de cv sofom enr;;0;;0.00;
qué es una sofom en méxico;;0;;0.00;
qué es una sofom enr y como funciona;;0;;0.00;
qué es una sofom inbursa;;0;;0.00;
qué función financiera otorga el sofom;;0;;0.00;
qué hace la sofom;;0;;0.00;
qué hacen las sofoles y las sofomes;;0;;0.00;
qué hay acerca de las sofom 2019;;0;;0.00;
qué sectores atienden las sofomes;;0;;0.00;
qué significa sofom en banamex;;0;;0.00;
qué significan las siglas sapi de cv sofom enr;;0;;0.00;
qué son las sofoles y sofomes;;0;;0.00;
qué son las sofomes y sofoles;;0;;0.00;
qué tipos de arrendamiento existen en sofom;;0;;0.00;
r capitalis group s.a de c.v sofom e.n.r estafa;;0;;0.00;
r capitalis group sa de cv sofom;;0;;0.00;
r capitalis group sa de cv sofom enr es confiable;;0;;0.00;
r.a momentos s.a de c.v sofom e.n.r;;0;;0.00;
r.f.c idf capital s.a.p.i de c.v sofom e.n.r;;0;;0.00;
ra financiera s.a. de c.v. sofom e.n.r;;0;;0.00;
ra momentos sa de cv sofom enr;;0;;0.00;
rafael marquez sofom;;0;;0.00;
ramiro casares sofom;;0;;0.00;
ramiro cazares sofom;;0;;0.00;
ramiro cazares sofom oscar velasco;;0;;0.00;
rangos del costo anual total del credito 2014 de sofom;;0;;0.00;
rangos del costo anual total del credito 2015 de sofom;;0;;0.00;
ranking de sofomes;;0;;0.00;
ranking de sofomes en mexico para credito fovissste;;0;;0.00;
ranking de sofomes en méxico;;0;;0.00;
ranking de sofomes mexico gobierno;;0;;0.00;
ranking de sofomes mexico gobierno solugob;;0;;0.00;
ranking de sofomes mexico gobuiern;;0;;0.00;
ranquing de sofomes;;0;;0.00;
rap en la sofom;;0;;0.00;
rassca sa de cv sofom enr 46472;;0;;0.00;
razon de apalancamiento sofomes;;0;;0.00;
razon social de baracaf s.a de c.v sofom enr;;0;;0.00;
razones financieras de una sofom;;0;;0.00;
razones financieras para una sofom;;0;;0.00;
rc financial services sa de cv sofom enr;;0;;0.00;
rcapitals group s.a de c.v sofom está en la condusef;;0;;0.00;
rcredijal s.a de c.v sofom e.n.r;;0;;0.00;
rcs sofom;;0;;0.00;
reach home sapi de cv sofom enr referencia bancaria;;0;;0.00;
reale sofom;;0;;0.00;
reale soluciones de emprendedores s.a de c.v sofom e.n.r;;0;;0.00;
realiza soluciones efectivas s.a de c.v sofom e.n.r;;0;;0.00;
reca sofom;;0;;0.00;
recca sofom;;0;;0.00;
recepcion de efectivo para la sofom;;0;;0.00;
recepcion de pagos sofom;;0;;0.00;
recibo apoyo económico familiar sofom;;0;;0.00;
recibo de pago apoyo económico familiar sofom;;0;;0.00;
recibos de una sofom;;0;;0.00;
reco sofom;;0;;0.00;
recomendaciones al informe de auditoria de una sofom;;0;;0.00;
recomendación de sofom para credito hipotecario;;0;;0.00;
recomiendan adquirir un inmueble mediante una sofom;;0;;0.00;
recomiendenme una sofom en mexico 2019;;0;;0.00;
recordatorio de pago de sofom;;0;;0.00;
recuperacion total sa de cv sofom enr;;0;;0.00;
recursos fiscales para capacitación y equipamiento sofom enr;;0;;0.00;
recursos para capacitación y equipamiento sofom enr;;0;;0.00;
recursos para una sofom;;0;;0.00;
red amigo dal sapi de cv sofom enr condusef;;0;;0.00;
red amigo dalpi de cv sofom enr;;0;;0.00;
red amigo del sapi de sofom;;0;;0.00;
red de servicios financieros sa de cv sofom;;0;;0.00;
red de servicios financieros sofom;;0;;0.00;
red de servicios financieros sofom enr;;0;;0.00;
red fosin es una sofom;;0;;0.00;
red fosin sa de cv sofom enr;;0;;0.00;
red impulsora al desarrollo s.a.p.i de c.v sofom e.n.r;;0;;0.00;
red impulsora al desarrollo sapi de c.v sofom enr;;0;;0.00;
redeco sofom;;0;;0.00;
redfosin es una sofom;;0;;0.00;
refacil servicios integrales s.a de c.v sofom en;;0;;0.00;
refacil servicios integrales s.a de c.v sofom rfc sat;;0;;0.00;
refacil servicios integrales sa de cv sofom;;0;;0.00;
refacil serviscios integrales s.a de c.v.sofome.n.r;;0;;0.00;
refacil sofom enr;;0;;0.00;
referencia de la sofom abc capital;;0;;0.00;
referencias de confia en equipo sapi sa de cv sofom;;0;;0.00;
referencias de sofom el mejor prestamo;;0;;0.00;
refinanciamientos en prestaciones finmart sapi de c.v sofom e.n.r;;0;;0.00;
refinanciamientos prestaciones finmart sapi de c.v sofom e.n.r;;0;;0.00;
reforma 09 de marzo de 2017 sofom enr;;0;;0.00;
reforma a las sofomes;;0;;0.00;
reforma a sofomes;;0;;0.00;
reforma disposiciones de 21 de marzo sofom enr;;0;;0.00;
reforma financiera 2014 sofom;;0;;0.00;
reforma sofom;;0;;0.00;
refácil s.a de c.v sofom e.n.r;;0;;0.00;
refácil servicios integrales s.a de c.v sofom e.n.r;;0;;0.00;
regimen fiscal 2017 de la sofom;;0;;0.00;
regimen fiscal de la sofom;;0;;0.00;
regimen fiscal de una sofom;;0;;0.00;
regio cash sa de cv sofom enr;;0;;0.00;
regiofinanciera monterrey sofom;;0;;0.00;
regiofinanciera s.a de c.v sofom enr monterrey mx;;0;;0.00;
registral sofom;;0;;0.00;
registro de auditor externo sofom enr;;0;;0.00;
registro de sofom;;0;;0.00;
registro de sofom ante cnbv;;0;;0.00;
registro de sofom ante condusef;;0;;0.00;
registro de sofom en condusef;;0;;0.00;
registro de sofom enr;;0;;0.00;
registro de sofoms condusef;;0;;0.00;
registro de una sofom en el registro federal de contribuyentes;;0;;0.00;
registro del nombramiento de auditor externo sofom enr;;0;;0.00;
registro federa de contribuyentes sofom;;0;;0.00;
registro federal de contribuyentes sofom;;0;;0.00;
registro federal sociedad financiera equípate s.a de c.v sofom e.n.r;;0;;0.00;
registro para sofom enr;;0;;0.00;
registro sofom;;0;;0.00;
registro sofom amfe;;0;;0.00;
registro sofom ante condusef;;0;;0.00;
registro sofomes;;0;;0.00;
registro vigente de sofoms condusef;;0;;0.00;
registros cnbv conduco s.a de c.v sofom e.n.r;;0;;0.00;
registros cnbv confía en equipo s.a.p.i de c.v sofom e.n.r;;0;;0.00;
registrso contables sofom;;0;;0.00;
reglamento interno de una sofom;;0;;0.00;
reglamento sofom;;0;;0.00;
reglas de carácter general aplicables a las sofom;;0;;0.00;
reglas de las sofomes;;0;;0.00;
reglas generales schp sofom;;0;;0.00;
reglas para sofom con extranjeos;;0;;0.00;
reglas para sofom con extranjeros;;0;;0.00;
regulacion de la sofom;;0;;0.00;
regulacion de las sofomes;;0;;0.00;
regulacion de prevencion de las sofomes;;0;;0.00;
regulacion de sofom;;0;;0.00;
regulacion legal de la sofom;;0;;0.00;
regulacion ley de lavado de dinero en sofoms;;0;;0.00;
regulacion prevencion de lavado de dinero en sofoms reglas generales;;0;;0.00;
regulacion sofom enr;;0;;0.00;
regulacion sofom mexico;;0;;0.00;
regulaciones de una sofom;;0;;0.00;
regulaciones para sofom;;0;;0.00;
regulación de la sofom;;0;;0.00;
regulación de sofom;;0;;0.00;
regulación financiera sofom fintech;;0;;0.00;
regulación para sofomes;;0;;0.00;
regulación sofomes;;0;;0.00;
relacion de empresas sofom activas;;0;;0.00;
relacion de sofomes cnvb;;0;;0.00;
relacion de sofomes condusef;;0;;0.00;
relacion de sofomes en la condusef;;0;;0.00;
relacion de sofomes en mexico;;0;;0.00;
relación de compañías del giro financiero sofom;;0;;0.00;
renaciendo juntos s.a de c.v sofom e.n.r;;0;;0.00;
rendicion de cuentas sofom;;0;;0.00;
rendimientos de sofom en mexico;;0;;0.00;
rendimientos sofom;;0;;0.00;
renovacion de registro condusef sofom enr;;0;;0.00;
renovacion de registro sofomes condusef;;0;;0.00;
renta en sofom;;0;;0.00;
rentabilidad de sofom;;0;;0.00;
rentamigo sa de cv sofom chalco méx;;0;;0.00;
rentamigo sa de cv sofom coacalco;;0;;0.00;
reorganization sofom enr;;0;;0.00;
reporte carte vigente sofomes cnbv;;0;;0.00;
reporte de cartera vigente sofomes;;0;;0.00;
reporte de cartera vigente sofomes no reguladas;;0;;0.00;
reporte de comunicacion y control sofom;;0;;0.00;
reporte de incidencias sofom;;0;;0.00;
reporte de operaciones relevantes de las sofomes reguladas;;0;;0.00;
reporte sofom cnbv;;0;;0.00;
reporte trimestral sofomes;;0;;0.00;
reporte trimresteal sofomes;;0;;0.00;
reportes condusef sofom;;0;;0.00;
reportes de las sofom enr;;0;;0.00;
reportes regulatorios cnbv sofom;;0;;0.00;
reportes regulatorios sofom;;0;;0.00;
reportes relevantes de las sofom enr;;0;;0.00;
reportes siti cnbv sofom enr;;0;;0.00;
reputacion de sofom crece con nosotros sa de cv;;0;;0.00;
requerimiento para el otorgamiento del credito hi potecario sofomes;;0;;0.00;
requerimiento patrimonial sapi de cv sofom;;0;;0.00;
requerimiento patrimonial sapi de cv sofom enr que es;;0;;0.00;
requerimiento patrimonial sapi de cv sofom enr que significa;;0;;0.00;
requerimientos fondeo sofom fnd;;0;;0.00;
requerimientos para fondeo sofom financiera rural;;0;;0.00;
requerimientos para formar una sofom;;0;;0.00;
requerimientos patrimoniales sapi de c.v.sofom enr;;0;;0.00;
requicitos para constituir una sofom no regulada;;0;;0.00;
requiere autorizacion de la shcp una sofom enr;;0;;0.00;
requisito para prestamo a sofomes;;0;;0.00;
requisito para sofomes;;0;;0.00;
requisitos acta constitutiva sofom;;0;;0.00;
requisitos acta constitutiva sofom enr;;0;;0.00;
requisitos buro de credito sofom;;0;;0.00;
requisitos cambio de sa a sofom;;0;;0.00;
requisitos condusef para sofom;;0;;0.00;
requisitos constuir sofom enr;;0;;0.00;
requisitos credito sofome;;0;;0.00;
requisitos de credito para una sofom;;0;;0.00;
requisitos de funcionamiento de una sofom;;0;;0.00;
requisitos de la sofom;;0;;0.00;
requisitos de la sofom mex;;0;;0.00;
requisitos de la sofome;;0;;0.00;
requisitos de una sofom;;0;;0.00;
requisitos legales para constituir una sofom;;0;;0.00;
requisitos para abrir sofom;;0;;0.00;
requisitos para adquirir un credito sofom;;0;;0.00;
requisitos para cambio de domicilio de una sofom;;0;;0.00;
requisitos para cerrar una sofom enr;;0;;0.00;
requisitos para certificacion de sofom;;0;;0.00;
requisitos para constituir en mexico de sofom;;0;;0.00;
requisitos para constituir sofom;;0;;0.00;
requisitos para constituir una sofom 2018;;0;;0.00;
requisitos para constituir una sofom 2019;;0;;0.00;
requisitos para constituir una sofom cnbv;;0;;0.00;
requisitos para constituir una sofom en mexico;;0;;0.00;
requisitos para constituir una sofom enr;;0;;0.00;
requisitos para constituir una sofom er;;0;;0.00;
requisitos para crear una sofom en mexico;;0;;0.00;
requisitos para dar de altala una sofom;;0;;0.00;
requisitos para dar de baja una sofom;;0;;0.00;
requisitos para dar de baja una sofom enr;;0;;0.00;
requisitos para el cambio de denominacion de sofom a sapi;;0;;0.00;
requisitos para el cambio de dominacion de sofom a sapi;;0;;0.00;
requisitos para formar una sofom;;0;;0.00;
requisitos para hacer una sofom;;0;;0.00;
requisitos para la constitucion de una sofom;;0;;0.00;
requisitos para la constitucion de una sofome;;0;;0.00;
requisitos para la solicitud del credito hipotecario sofomes;;0;;0.00;
requisitos para obtener credito en una sofom;;0;;0.00;
requisitos para obtener credito sofom;;0;;0.00;
requisitos para obtener un financiamiento en sofomes;;0;;0.00;
requisitos para obtener un financiamiento en sofomes de emprendedores;;0;;0.00;
requisitos para obtener una tarjeta de crdito en una sofome;;0;;0.00;
requisitos para operar una sofom;;0;;0.00;
requisitos para poner una sofom;;0;;0.00;
requisitos para prestamo en sofom;;0;;0.00;
requisitos para proteger credito fovissste en una sofom;;0;;0.00;
requisitos para proteger credito fovissste sofomes;;0;;0.00;
requisitos para que una empresa se vuelva sofom;;0;;0.00;
requisitos para registrar una sofom;;0;;0.00;
requisitos para registrar una sofom cnbv;;0;;0.00;
requisitos para registrar una sofom enr;;0;;0.00;
requisitos para ser sofom;;0;;0.00;
requisitos para sofom enr;;0;;0.00;
requisitos para sofom regulada;;0;;0.00;
requisitos para solicitar un credito sofom;;0;;0.00;
requisitos para solicitar una sofom;;0;;0.00;
requisitos para tramitar una sofom;;0;;0.00;
requisitos para un credito sofom;;0;;0.00;
requisitos para una sapi sofom;;0;;0.00;
requisitos para una sofom no regulada;;0;;0.00;
requisitos para una venta de acciones de sofom;;0;;0.00;
requisitos para una venta de una sofom;;0;;0.00;
requisitos que solicita una sofom;;0;;0.00;
requisitos que tendria que cubrir como sofom er;;0;;0.00;
requisitos sofom condusef;;0;;0.00;
requisitos sofom enr pdf;;0;;0.00;
requisitos sofom enr pdf site cnbv.gob.mx;;0;;0.00;
requisitos sofom enr pdf site shcp.gob.mx;;0;;0.00;
requisitos sofom er;;0;;0.00;
requisitos sofom para otorgar tarjeta de crédito;;0;;0.00;
requisitospara dar de alta una sofom;;0;;0.00;
requistos de contratacion sofom inbursa;;0;;0.00;
requistos para obtener un financiamiento en sofomes;;0;;0.00;
res amigo dal sapi de cv sofom enr;;0;;0.00;
rescata sofom integra domicilio;;0;;0.00;
reserva capital sofom;;0;;0.00;
reserva de cartera sofom;;0;;0.00;
reserva legal de las sofomes;;0;;0.00;
reserva preventiva sofom;;0;;0.00;
reservas capital shcp sofomes;;0;;0.00;
reservas sofom no regulada;;0;;0.00;
resgistrar sofom;;0;;0.00;
resolucion disposiciones de caracter general sofom;;0;;0.00;
resolusion pld sofomes 2016;;0;;0.00;
respaldo económico s.a de c.v sofom e.n.r;;0;;0.00;
responsabilidades de una sofom;;0;;0.00;
resumen publicaciones dof para sofomes;;0;;0.00;
retail moda mexico sapi de cv sofom enr;;0;;0.00;
reuisitos para una sofom;;0;;0.00;
reunión dirección sofom varios temas;;0;;0.00;
revisar lista de sofomes en mexico 2018;;0;;0.00;
revisar sofomes;;0;;0.00;
rfc acceso directo jlm sa de cv sofom enr;;0;;0.00;
rfc acceso directo jlm sapi de cv sofom enr;;0;;0.00;
rfc agrolagos s.a de c.v sofom enr;;0;;0.00;
rfc arrendadora y factor banorte sofom er g.f banorte;;0;;0.00;
rfc arrendadora y factor banorte sofom er gf banorte;;0;;0.00;
rfc bba940707ie1 financiera sofom bajio;;0;;0.00;
rfc clear leasing sa de cv sofom enr;;0;;0.00;
rfc consultora integral de agronegocios s.a de c.v sofom enr;;0;;0.00;
rfc corporacion financiera atlas sa de cv sofom er;;0;;0.00;
rfc credio jal s.a de c.v sofom e.n.r;;0;;0.00;
rfc credix gs sa de cv sofom;;0;;0.00;
rfc de argefin sapi de cv sofom enr;;0;;0.00;
rfc de cetelem sa de cv sofom er;;0;;0.00;
rfc de crédito real s.a.b de c.v sofom e.n.r;;0;;0.00;
rfc de engencap fin s.a de c.v sofom e;;0;;0.00;
rfc de fc financial sa de cv sofom er;;0;;0.00;
rfc de financiera bepensa sa de cv sofom enr;;0;;0.00;
rfc de financiera independencia s.a.b de c.v sofom e.n.r;;0;;0.00;
rfc de impulsarte para crecer sa de cv sofom enr;;0;;0.00;
rfc de jinx sa de cv sofom enr;;0;;0.00;
rfc de lage landen sa de cv sofom enr;;0;;0.00;
rfc de nr finance mexico sa de cv sofom;;0;;0.00;
rfc de nr finance mexico sa de cv sofom er;;0;;0.00;
rfc de pr soporte efectivo s.a de c.v sofom enr;;0;;0.00;
rfc de santander vivienda sa de cv sofom er;;0;;0.00;
rfc de sofom;;0;;0.00;
rfc de sofom inbursa;;0;;0.00;
rfc de sofom inbursa s.a de c.v;;0;;0.00;
rfc de tarjetas banamex sa de cv sofom er;;0;;0.00;
rfc e factor diez sa de cv sofom enr;;0;;0.00;
rfc fc financial sa de cv sofom er;;0;;0.00;
rfc financiera agricola camargo sa de cv sofom;;0;;0.00;
rfc financiera bajio sa de cv sofom;;0;;0.00;
rfc financiera bajio sa de cv sofom er;;0;;0.00;
rfc financiera bepensa sa de cv sofom enr;;0;;0.00;
rfc financiera bepensa sa de cv sofom er;;0;;0.00;
rfc financiera braxel sa de cv sofom enr;;0;;0.00;
rfc ford credit de mexico sa de cv sofom;;0;;0.00;
rfc ford credit de méxico sa de cv sofom er;;0;;0.00;
rfc gemini capital s.a de c.v sofom e.n.r;;0;;0.00;
rfc gm financial de mexico sa de cv sofom enr;;0;;0.00;
rfc gm financial de méxico s.a de c.v sofom e.r;;0;;0.00;
rfc gm financial de méxico s.a. de c.v. sofom e.r;;0;;0.00;
rfc ictineo plataforma sofom;;0;;0.00;
rfc ictineo sofom;;0;;0.00;
rfc kapitalmujer s.a de c.v sofom enr;;0;;0.00;
rfc navistar financial sa de cv sofom er;;0;;0.00;
rfc nr finance mexico sa de cv sofom er;;0;;0.00;
rfc paccar financial mexico sa de cv sofom enr;;0;;0.00;
rfc publiseg sapi de cv sofom enr;;0;;0.00;
rfc santander hipotecario sa de cv sofom er;;0;;0.00;
rfc sociedad financiera inbursa s.a de c.v sofom e r;;0;;0.00;
rfc sofom;;0;;0.00;
rfc sofom inbursa;;0;;0.00;
rfc sofom inbursa s.a de c.v;;0;;0.00;
rfc sofom stp;;0;;0.00;
rfc stp s.a de c.v.sofom enr;;0;;0.00;
rfc unifin credit s.a de c.v sofom enr;;0;;0.00;
rfc unifin financiera sab de cv sofom enr;;0;;0.00;
rfc usacredit sa de cv sofom enr;;0;;0.00;
riegos de una sofom en lavado de dinero;;0;;0.00;
riesgo de credit sofom;;0;;0.00;
riesgo de credito sofom;;0;;0.00;
riesgos de la sofom;;0;;0.00;
riesgos de una sofom;;0;;0.00;
rio grande capital sofom;;0;;0.00;
rio yaqui sofom;;0;;0.00;
rodrigo rosales sofom;;0;;0.00;
rolando murillo obregon sofom;;0;;0.00;
romer mexico sofom;;0;;0.00;
romotoría vvv s.a.p.i de c.v sofom enr;;0;;0.00;
rosob y asociados s.a de cv sofom enr;;0;;0.00;
ruben martinez sofom;;0;;0.00;
rupo kf sa de cv sofom enr;;0;;0.00;
río grande capital s.a.p.i de cv sofom enr;;0;;0.00;
s de rl de cv sofom;;0;;0.00;
s epuede domicilair un crédito sofom;;0;;0.00;
s.a de c.v sofom e.n.r condusef;;0;;0.00;
s.a.b de c.v sofom e.n.r;;0;;0.00;
s.a.b de c.v sofom e.n.r deficion;;0;;0.00;
s.a.b de c.v sofom e.n.r que significa;;0;;0.00;
s.a.p.i cv sofom;;0;;0.00;
s.a.p.i de c.v sofom e.n.r que significan estas siglas;;0;;0.00;
s.f.p sofom;;0;;0.00;
sa de cv sofom enr zapopan;;0;;0.00;
sa de cv sofom er que significa;;0;;0.00;
sab capital sa de cv sofom er;;0;;0.00;
sab capital sa de cv sofom er departamento de finanzas;;0;;0.00;
sab de cv sofom enr;;0;;0.00;
sabadell sofom;;0;;0.00;
sabadell sofom méxico;;0;;0.00;
sabc apital sofomo;;0;;0.00;
sabcapital s.a de c.v sofom enr;;0;;0.00;
sac sofom;;0;;0.00;
sad sofom;;0;;0.00;
sades sofom;;0;;0.00;
safi sofom;;0;;0.00;
sag sofom;;0;;0.00;
saldo cartera sofomes;;0;;0.00;
saldo de nomina apoyo sapi de cv sofom enr;;0;;0.00;
sana tus finanzas s.a de c.v sofom enr;;0;;0.00;
sana tus finanzas s.a de c.v sofom enr banca financiera;;0;;0.00;
sana tus finanzas sapi de cv sofom enr;;0;;0.00;
sanciones a sofomes;;0;;0.00;
sanciones condusef sofom enr;;0;;0.00;
sanciones para las sofom no reguladas;;0;;0.00;
santander consumo s.a de c.v sofom e.r merida;;0;;0.00;
santander consumo s.a de c.v sofom e.r mérida;;0;;0.00;
santander consumo sa de cv sofom;;0;;0.00;
santander consumo sofom ubicación;;0;;0.00;
santander hipotecaria s.a de c.v sofom e.r;;0;;0.00;
santander hipotecario sofom;;0;;0.00;
santander inclusion financiera sa de cv sofom enr;;0;;0.00;
santander inclusión financiera s.a de c.v sofom e.r;;0;;0.00;
santander sofom e.r cancelar tarjeta;;0;;0.00;
santander sofom e.r cancelar tarjeta black;;0;;0.00;
santander sofom mexico;;0;;0.00;
santander sofom ubicación;;0;;0.00;
santander sofomer;;0;;0.00;
santander vivienda sa de cv sofom er rfc;;0;;0.00;
santander vivienda sofom;;0;;0.00;
sapi de cv de sofom enr;;0;;0.00;
sapi de cv sofom e.n.r queretaro;;0;;0.00;
sapi de sa de cv sofom ener;;0;;0.00;
sapi es sofom;;0;;0.00;
sapi o sofom;;0;;0.00;
sapi sofom definicion;;0;;0.00;
sapi sofom o sa de cv;;0;;0.00;
sapi sofom patzcuaro;;0;;0.00;
sapi sofom que da tarjeta de credito con aprobacion garantisada;;0;;0.00;
sapi sofom que da tarjeta de credito con aprobacion garantizada;;0;;0.00;
sapi vs sofom;;0;;0.00;
sapi y sofom;;0;;0.00;
sat consultora integral de agronegocios s.a de c.v sofom enr;;0;;0.00;
sat obligaciones fiscales de las sofom;;0;;0.00;
sat obligaciones fiscales de una sofom;;0;;0.00;
sat rfc sofom;;0;;0.00;
sat sofom 24 septiembre;;0;;0.00;
sat sofom enr;;0;;0.00;
save sofom;;0;;0.00;
sayco sofom;;0;;0.00;
sbm-rural s.a de c.v sofom e.n.r;;0;;0.00;
sbs sofom;;0;;0.00;
sbyc s a de c v sofom enr;;0;;0.00;
scarchelli economía social s.a de c.v sofom e.n.r;;0;;0.00;
scaruucheli economía social s.a de c.v sofom e.n.r;;0;;0.00;
scjn declara inconstitucional cobro a sofomes por inspección;;0;;0.00;
sda sofom;;0;;0.00;
sdiferencia entre la sofomes y la sofoles;;0;;0.00;
se dueño s.a de c.v sofom e.n.r;;0;;0.00;
se dueño s.a de c.v sofom e.n.r morelia;;0;;0.00;
se dueño s.a de c.v sofom enr;;0;;0.00;
se dueño s.a de c.v sofom enr ciudad de méxico;;0;;0.00;
se dueño s.a de c.v sofom enr suc veracruz;;0;;0.00;
se dueño sofom chihuahua;;0;;0.00;
se dueño sofom torreon;;0;;0.00;
se puede cambiar de sofom en el avaluo;;0;;0.00;
se puede dar credito hipotecario en una sofom;;0;;0.00;
se puede emigrar de sofom en un credito fovissste;;0;;0.00;
se puede pagar antes de tiempo en sofom;;0;;0.00;
se puede pagar mensualidad de sofom con tarjeta de credito;;0;;0.00;
se pueden consolidar deudas en s.a.p.i de c.v sofom;;0;;0.00;
se vende sofom;;0;;0.00;
seal nissi financiera sa de cv sofom enr;;0;;0.00;
secaman sofom;;0;;0.00;
secorse es una sofom;;0;;0.00;
sector que atiende una sofom;;0;;0.00;
seervicios de la sofome;;0;;0.00;
sefi estrategicos sa de cv sofom enr;;0;;0.00;
sefi estrategicos sapi de cv sofom enr;;0;;0.00;
sefi estrategicos sapi de sofom enr;;0;;0.00;
sefi estrategicos sapi sa de cv sofom enr;;0;;0.00;
sefi estratégicos s.a de c.v sofom enr;;0;;0.00;
sefi estratégicos s.a de c.v sofom enr direccion;;0;;0.00;
sefia sa de cv sofom enr;;0;;0.00;
sefia sofom enr;;0;;0.00;
sefia sofom tapachula;;0;;0.00;
segob creditos fovissste sofom;;0;;0.00;
seguro de desempleo sofom imbursa;;0;;0.00;
seguro de desempleo sofom inbursa;;0;;0.00;
seguros otorgados por las sofom;;0;;0.00;
seleccionar sofom para credito fovissste;;0;;0.00;
semaforo sofomes;;0;;0.00;
sembrador circulo de servicios populares s.a.p.i de c.v sofom;;0;;0.00;
semsa sofom cordoba;;0;;0.00;
semsa sofom tlaxcala;;0;;0.00;
sensa sofom barranca del muerto;;0;;0.00;
sensa sofom chapultepec;;0;;0.00;
sensa sofom chihuahua;;0;;0.00;
sensa sofom comentarios;;0;;0.00;
sensa sofom coyoacan;;0;;0.00;
sensa sofom cuauhtemoc;;0;;0.00;
sensa sofom director;;0;;0.00;
sensa sofom directorio;;0;;0.00;
sensa sofom directorio organigrama;;0;;0.00;
sensa sofom dr carmona;;0;;0.00;
sensa sofom fovissste;;0;;0.00;
sensa sofom guadalajara;;0;;0.00;
sensa sofom hermosillo;;0;;0.00;
sensa sofom iztacalco;;0;;0.00;
sensa sofom iztapalapa;;0;;0.00;
sensa sofom mexico;;0;;0.00;
sensa sofom oaxaca;;0;;0.00;
sensa sofom pachuca;;0;;0.00;
sensa sofom puebla;;0;;0.00;
sensa sofom saltillo;;0;;0.00;
sensa sofom solicitud de avaluo fovissste;;0;;0.00;
sensa sofom sucursal barranca del muerto;;0;;0.00;
sensa sofom sucursales;;0;;0.00;
sensa sofom tabacalera;;0;;0.00;
sensa sofom telefonos;;0;;0.00;
sensa sofom tlaxcala;;0;;0.00;
sensa sofom zacatecas;;0;;0.00;
sensa sofom zacatecas 98608 guadalupe zac;;0;;0.00;
sensa sonora sofom;;0;;0.00;
serfimex capital sapi de cv sofom enr pdf;;0;;0.00;
serfimex capital sofom;;0;;0.00;
serfimex sofom enr;;0;;0.00;
serfitex capital sofom;;0;;0.00;
serfitex sofom;;0;;0.00;
server-sofom-pc siprelad 2018 login;;0;;0.00;
server-sofom-pc siprelad_2018 login;;0;;0.00;
servicio cf credit services sa de cv sofom er;;0;;0.00;
servicio del sofom;;0;;0.00;
servicio financiero dinámico integral s.a de c.v sofom e.n.r;;0;;0.00;
servicio pacto s.a de c.v sofom e.n.r;;0;;0.00;
servicio y atención inmediata sofom enr;;0;;0.00;
servicios administrativos azu sa de cv sofom enr;;0;;0.00;
servicios crediticios de sofom;;0;;0.00;
servicios crediticios que ofrece la sofom;;0;;0.00;
servicios crediticios sofom;;0;;0.00;
servicios de auditoria pld ft sofom enr;;0;;0.00;
servicios de auditoria pld ft sofom enr 2017;;0;;0.00;
servicios de factoraje sofomes;;0;;0.00;
servicios de las sofomes;;0;;0.00;
servicios de microsol s.a de c.v sofom enr;;0;;0.00;
servicios de sofomes;;0;;0.00;
servicios de una sofom;;0;;0.00;
servicios fgka s.a de c.v sofom e.n.r;;0;;0.00;
servicios financieros creafi s a de c v sofom e.n.r;;0;;0.00;
servicios financieros essential business park sa de cv sofom enr;;0;;0.00;
servicios financieros kronox sa de cv sofom enr;;0;;0.00;
servicios financieros s.a de c.v sofom;;0;;0.00;
servicios financieros sa de cv sofom enr;;0;;0.00;
servicios financieros soriana s.a.p.i de c.v sofom;;0;;0.00;
servicios financieros soriana s.a.p.i de c.v sofom e.r navojoa son;;0;;0.00;
servicios globales consolidados s.a de c.v sofom;;0;;0.00;
servicios globales consolidados sa de cv sofom enr;;0;;0.00;
servicios globales cosolidadoss.a de c.v sofom enr;;0;;0.00;
servicios integrales de apoyo mutuo s.a sofom e.n.r;;0;;0.00;
servicios monetarios control s.a de c.v sofom enr;;0;;0.00;
servicios nalet s.a de c.v sofom e.n.r;;0;;0.00;
servicios pacto sa de cv sofom;;0;;0.00;
servicios para la autogestion empresarial s.a de c.v sofom e.n.r;;0;;0.00;
servicios patrimoniales y de fomento s.a de c.v sofom e.n.r;;0;;0.00;
servicios que ofrecen las sofom;;0;;0.00;
servicios que ofrecen las sofomes;;0;;0.00;
servicios que presta una sofom;;0;;0.00;
servicios sofom;;0;;0.00;
servicios y financiamiento agrícola s.a de c.v sofom;;0;;0.00;
servicioss de autoria pld ft sofom enr;;0;;0.00;
servosios puede brindar sofom a otra empresa;;0;;0.00;
setrac sa de cv sofom enr;;0;;0.00;
sfi sofom sofom telefono;;0;;0.00;
sfi sofom telefono;;0;;0.00;
sfi sofom telefonos;;0;;0.00;
sfi sofom valle hermoso;;0;;0.00;
sfinantial business méxico s.a de c.v sofom e.n.r;;0;;0.00;
sfs sofom telefono;;0;;0.00;
shadow banking sofom;;0;;0.00;
shcp normativa para sofomes;;0;;0.00;
shistoria de sofom;;0;;0.00;
si agro sa de cv sofom enr;;0;;0.00;
si soy una sofom cobro iva de mis prestamos;;0;;0.00;
si una sofom no te factura que se puede hacer;;0;;0.00;
siac sofomes;;0;;0.00;
sicrea nissan sofom;;0;;0.00;
sidec sofom;;0;;0.00;
sidert sa de cv sofom enr;;0;;0.00;
siem sofom;;0;;0.00;
siembra sofom;;0;;0.00;
siempre creciendo s.a de c.v sofom e.n.r acayucan;;0;;0.00;
siempre creciendo s.a de c.v sofom e.n.r boca del rio;;0;;0.00;
siempre creciendo s.a de c.v sofom e.n.r celaya gto;;0;;0.00;
siempre creciendo s.a de c.v sofom e.n.r corporativo;;0;;0.00;
siempre creciendo s.a de c.v sofom e.n.r en altamira;;0;;0.00;
siempre creciendo s.a de c.v sofom e.n.r monclova;;0;;0.00;
siempre creciendo s.a de c.v sofom e.n.r oaxaca;;0;;0.00;
siempre creciendo s.a de c.v sofom e.n.r oaxaca horario;;0;;0.00;
siempre creciendo s.a de c.v sofom e.n.r pachuca;;0;;0.00;
siempre creciendo s.a de c.v sofom e.n.r poza rica;;0;;0.00;
siempre creciendo s.a de c.v sofom e.n.r.visto 20 sep 2017;;0;;0.00;
siempre creciendo s.a de c.v sofom enr gomez palacio;;0;;0.00;
siempre creciendo s.a de c.v sofom enr minatitlán ver;;0;;0.00;
siempre creciendo s.a de c.v sofom gomez;;0;;0.00;
siempre creciendo s.a de c.v sofom gomez palacio;;0;;0.00;
siempre creciendo s.a de c.v sofom gomez palacio direccion;;0;;0.00;
siempre creciendo sa de cv sofom enr suc manzanillo;;0;;0.00;
siempre creciendo sa de cv sofom enr tepeaca;;0;;0.00;
siempre creciendo sa de cv sofom enr vacantes tepeaca;;0;;0.00;
siempre creciendo sofom calificacion;;0;;0.00;
siempre creciendo sofom enr oaxaca;;0;;0.00;
siempre creciendo sofom oaxaca;;0;;0.00;
siempre creciendo sofom socios fundadores;;0;;0.00;
siempre crecimiento sa de cv sofom enr;;0;;0.00;
siempre efectivo sa de cv sofom;;0;;0.00;
siemprecreciendo sofom;;0;;0.00;
sifia sofom;;0;;0.00;
siglas de las sofom en ingles;;0;;0.00;
siglas de sofom;;0;;0.00;
siglas de una sofom;;0;;0.00;
siglas sofom que significa;;0;;0.00;
significaco de sofom;;0;;0.00;
significada de sa de sofom er;;0;;0.00;
significado de las siglas rap en la sofom enr;;0;;0.00;
significado de las siglas sofom e.n.r;;0;;0.00;
significado de sa de cv de sofom er;;0;;0.00;
significado de sapi de cv sofom enr;;0;;0.00;
significado de siglas sofomes;;0;;0.00;
significado de sofom segun la real academia española;;0;;0.00;
significado de sofomes;;0;;0.00;
significado siglas sofom enr;;0;;0.00;
simetrias y asimetrias sofom y sapi;;0;;0.00;
simulador cfcredit sofom inbursa;;0;;0.00;
simulador de credito hipotecario sofom;;0;;0.00;
simulador de credito sofom;;0;;0.00;
simulador hipotecario sofom;;0;;0.00;
simuladores sofom;;0;;0.00;
sinaloa positivo sofom enr mazatlan;;0;;0.00;
sinaloa positivo sofom enr mazatlan ejercito mexicano;;0;;0.00;
sinaloa positivo sofom enr mazatlán;;0;;0.00;
sinaloa positivo sofom enr pdf;;0;;0.00;
sinaloa positivo sofom enr telefono;;0;;0.00;
sindicato de trabajadores industrial sofom;;0;;0.00;
sinergia ch s.a de c.v sofom e.n.r;;0;;0.00;
sinergia desarrollo economico cardenista sa de cv sofom enr;;0;;0.00;
sinergia financiera de méxico s.a de c.v sofom e.n.r;;0;;0.00;
sio sofom;;0;;0.00;
sip capital s.a de c.v sofom e.n.r;;0;;0.00;
sipernipe s.a de c.v sofom e.n.r;;0;;0.00;
sipre alta sofom enr;;0;;0.00;
sipres alta sofom enr;;0;;0.00;
sipres contrato de sofom;;0;;0.00;
sipres para que sirven en sofom;;0;;0.00;
sipres recuperacion total sa de cv sofom enr;;0;;0.00;
sipresto sa de cv sofom enr;;0;;0.00;
sipyme financial s.a de c.v sofom;;0;;0.00;
sipyme financial s.a de c.v sofom e.n.r;;0;;0.00;
sirmpre creciendo sofom oaxaca;;0;;0.00;
sistema captacion y colocacion guadalajara sofom;;0;;0.00;
sistema cib sofom inicio;;0;;0.00;
sistema de administracion de cartera para sofom;;0;;0.00;
sistema de captacion y colocacion guadalajara sofom;;0;;0.00;
sistema de cartera de clientes sofom;;0;;0.00;
sistema de cartera sofom;;0;;0.00;
sistema de financiamiento sofomes;;0;;0.00;
sistema de pld para sofom;;0;;0.00;
sistema de tranferencia de pagos stp sofom;;0;;0.00;
sistema de transferencia de pago sofom;;0;;0.00;
sistema de transferencias de pago sofom;;0;;0.00;
sistema de transferencias y pagos sofom bitso;;0;;0.00;
sistema de transferencias y pagos sofom liverpool;;0;;0.00;
sistema de transferencias y pagos stp s.a de c.v.sofom enr;;0;;0.00;
sistema de transferencias y pagos stp sa de cv sofom;;0;;0.00;
sistema financiero mexicano sofomes;;0;;0.00;
sistema financiero sofomes;;0;;0.00;
sistema gestión sofom;;0;;0.00;
sistema informacion gerencial sofom;;0;;0.00;
sistema para sofome;;0;;0.00;
sistema para sofomes quantum;;0;;0.00;
sistema para sofomes quantum qfs;;0;;0.00;
sistema pld sofom;;0;;0.00;
sistema sofom renta;;0;;0.00;
sistema sofom siad;;0;;0.00;
sistemas de administracion de cartera para sofom;;0;;0.00;
sistemas de administracion de cartera para sofom chihuahua;;0;;0.00;
sistemas de administración de cartera para sofom;;0;;0.00;
sistemas financieros sofom;;0;;0.00;
siti para sofom;;0;;0.00;
siti sofom;;0;;0.00;
sky cash sofom;;0;;0.00;
slc soluciones sa de cv sofom enr;;0;;0.00;
slima express sofom;;0;;0.00;
slogan dispersora menonita sofom;;0;;0.00;
slogans de una sofom;;0;;0.00;
smart lending spv sapi de cv sofom enr;;0;;0.00;
smartnet s.a de c.v sofom enr;;0;;0.00;
smartnet sofom sa de cv;;0;;0.00;
smb-rural s.a de c.v sofom domicilios;;0;;0.00;
smb-rural s.a de c.v sofom e.n.r;;0;;0.00;
smbc s.a.p.i de c.v sofom e.n.r;;0;;0.00;
smbc sofom;;0;;0.00;
snnm sofom;;0;;0.00;
snombres de sofom;;0;;0.00;
soagro s.a de c.v sofom e.n.r;;0;;0.00;
soagro sofom;;0;;0.00;
socaps sofipos y sofomes;;0;;0.00;
socaps y sofom;;0;;0.00;
socaps y sofom es lo mismo;;0;;0.00;
socassp y sofom;;0;;0.00;
sociedad anonima promotora de inversion de cv sofom enr;;0;;0.00;
sociedad anonimapromotora de inversion de cv sofom enr;;0;;0.00;
sociedad de fomento local tepeyac sa de cv sofom enr;;0;;0.00;
sociedad de inversion sofom;;0;;0.00;
sociedad fin util s.a dec.v sofom;;0;;0.00;
sociedad finaciera equipate s.a de c.v sofom enr;;0;;0.00;
sociedad financiera agropecuaria sa de cv sofom er;;0;;0.00;
sociedad financiera agropecuaria sa de cv sofom occ;;0;;0.00;
sociedad financiera alpura s.a.p.i de c.v sofom e.n.r;;0;;0.00;
sociedad financiera alpura sapi de cv sofom enr;;0;;0.00;
sociedad financiera de objeto múltiple sofom marco juridico;;0;;0.00;
sociedad financiera de objeto múltiple sofom objeto social;;0;;0.00;
sociedad financiera de objeto múltiple sofom que es;;0;;0.00;
sociedad financiera equipate s.a de c.v sofom e;;0;;0.00;
sociedad financiera equipate sa de cv sofom;;0;;0.00;
sociedad financiera equípate s.a de c.v sofom e.n.r;;0;;0.00;
sociedad financiera hinv s.a de c.v sofom enr;;0;;0.00;
sociedad financiera inbursa sofom;;0;;0.00;
sociedad financiera internacional sa de cv sofom;;0;;0.00;
sociedad financiera s.a.dec.v.sofom e.r.grupo financiero inbursa;;0;;0.00;
sociedad financieras de objeto múltiple sofomes;;0;;0.00;
sociedad integral emprendedora siembra s.a.p.i de c.v sofom e.n.r;;0;;0.00;
sociedad integral emprendedora siembra s.a.p.i de c.v sofom e.n.r izcalli;;0;;0.00;
sociedad integral emprendedora siembra sapi de cv sofom enr;;0;;0.00;
sociedad integral emprendedora siembra sapi de cv sofom enr texcoco;;0;;0.00;
sociedad sofome que es;;0;;0.00;
sociedades de sofom;;0;;0.00;
sociedades financieras de objeto multiple sofomes;;0;;0.00;
sociedades financieras de objeto múltiple sofomes ejemplos;;0;;0.00;
sociedades financieras de objeto múltiple sofomes ley;;0;;0.00;
sociedades financieras de objeto múltiples sofomes;;0;;0.00;
sociedades financieras de objetos multiples sofomes;;0;;0.00;
sociedades financieras que estan afiliadas con fovissste sofom;;0;;0.00;
socio s.a.p.l.de cv sofom e.n.r;;0;;0.00;
socios fundadores siempre creciendo sofom;;0;;0.00;
socios minimos para constituir una sofom;;0;;0.00;
socpas y sofom;;0;;0.00;
sofagro sofom;;0;;0.00;
sofi s.a de cv sofom;;0;;0.00;
sofia financiera sofom;;0;;0.00;
sofia sofom;;0;;0.00;
soficam sofom;;0;;0.00;
sofihaa financiera s a de c v sofom en mexico;;0;;0.00;
sofihaa financiera sa de cv sofom;;0;;0.00;
sofihaa financiera sa de cv sofom enr el naranjo;;0;;0.00;
sofino s.a de c.v sofom e.n.r;;0;;0.00;
sofipa corporation sapi de cv sofom enr rfc;;0;;0.00;
sofipaz sa de cv sofom enr;;0;;0.00;
sofipo sofome socap;;0;;0.00;
sofipos o sofom;;0;;0.00;
sofipos sofomes;;0;;0.00;
sofipos sofomes y sofoles;;0;;0.00;
sofipos sofomes y sofoles diferencia;;0;;0.00;
sofipos sofomes y sofoles socaps;;0;;0.00;
sofipos vs sofom;;0;;0.00;
sofipos y sofomes;;0;;0.00;
sofir regiomontana s.a de c.v sofom e.n.r;;0;;0.00;
sofiregio s.a de c.v sofom e.n.r;;0;;0.00;
sofiregio s.a de c.v sofom e.n.r telefonos;;0;;0.00;
sofol sofom diferencia;;0;;0.00;
sofoles sofomes arrendadoras tipos de crédito;;0;;0.00;
sofoles sofomes fovissste;;0;;0.00;
sofoles sofomes sofipos;;0;;0.00;
sofoles sofomes union de credito;;0;;0.00;
sofoles sofomes y sofipos ejemplos;;0;;0.00;
sofoles sofomes y sofipos porque elegir;;0;;0.00;
sofoles y sofom intelisis;;0;;0.00;
sofoles y sofomes autorizadas por fovissste;;0;;0.00;
sofoles y sofomes banco de mexico;;0;;0.00;
sofoles y sofomes banco de mexico pdf;;0;;0.00;
sofoles y sofomes banxico;;0;;0.00;
sofoles y sofomes banxico educa;;0;;0.00;
sofoles y sofomes banxico pdf;;0;;0.00;
sofoles y sofomes banxico pedf;;0;;0.00;
sofoles y sofomes caracteristicas;;0;;0.00;
sofoles y sofomes cnbv;;0;;0.00;
sofoles y sofomes definicion;;0;;0.00;
sofoles y sofomes en queretaro;;0;;0.00;
sofoles y sofomes en san luis potosi;;0;;0.00;
sofoles y sofomes ficha;;0;;0.00;
sofoles y sofomes ficha pdf;;0;;0.00;
sofoles y sofomes fovissste tabasco;;0;;0.00;
sofoles y sofomes funcion mexico;;0;;0.00;
sofoles y sofomes pdf;;0;;0.00;
sofoles y sofomes revisadas por la condusef;;0;;0.00;
sofoles y sofomes sin regulaciòn de la cnb;;0;;0.00;
sofom 2017;;0;;0.00;
sofom 2018;;0;;0.00;
sofom 2019;;0;;0.00;
sofom 2020;;0;;0.00;
sofom 24.09;;0;;0.00;
sofom 40 illones de pesos;;0;;0.00;
sofom 40 millones de pesos;;0;;0.00;
sofom a partir de 10 000;;0;;0.00;
sofom a quien se dirige;;0;;0.00;
sofom a quien va dirigido;;0;;0.00;
sofom abancom xalapa ver;;0;;0.00;
sofom abc;;0;;0.00;
sofom abc capital y banco amigo;;0;;0.00;
sofom abc que es;;0;;0.00;
sofom accede;;0;;0.00;
sofom acercate culiacan;;0;;0.00;
sofom acrónimo;;0;;0.00;
sofom acta constitutiva;;0;;0.00;
sofom actividad vulnerable;;0;;0.00;
sofom adamantine;;0;;0.00;
sofom afiliadas a fovissste;;0;;0.00;
sofom afimex;;0;;0.00;
sofom afirme;;0;;0.00;
sofom afirmx;;0;;0.00;
sofom agro;;0;;0.00;
sofom agroasemex gomez palacio telefono;;0;;0.00;
sofom agropecuaria;;0;;0.00;
sofom agrosemes gomez palacio telefono;;0;;0.00;
sofom agrovizion;;0;;0.00;
sofom ahora 123;;0;;0.00;
sofom akishino tapachula;;0;;0.00;
sofom alfin;;0;;0.00;
sofom alianza;;0;;0.00;
sofom alianza familiar cuernavaca morelos;;0;;0.00;
sofom alianza familiar fraude;;0;;0.00;
sofom alianza familiar marlen juarez;;0;;0.00;
sofom alra;;0;;0.00;
sofom alra del sur opiniones;;0;;0.00;
sofom alra del sur tuxtla;;0;;0.00;
sofom alta calidad;;0;;0.00;
sofom alta calidad verum;;0;;0.00;
sofom alta ofical de cumplimiento;;0;;0.00;
sofom alta oficial de cumplimiento;;0;;0.00;
sofom altas tasas de interés;;0;;0.00;
sofom anahuac;;0;;0.00;
sofom anahuac merida;;0;;0.00;
sofom anec préstamos;;0;;0.00;
sofom anec servicios financieros;;0;;0.00;
sofom annm;;0;;0.00;
sofom apalancamiento shf;;0;;0.00;
sofom apalancsmiento shf;;0;;0.00;
sofom apartir de 10 000;;0;;0.00;
sofom apoya proyectos agropecuarios industriales;;0;;0.00;
sofom apoyo a tu economia;;0;;0.00;
sofom apoyo economico familiar;;0;;0.00;
sofom arcos nosques;;0;;0.00;
sofom arrendamiento;;0;;0.00;
sofom arrendamiento puro;;0;;0.00;
sofom asiganda;;0;;0.00;
sofom asocao;;0;;0.00;
sofom aspectos fiscales;;0;;0.00;
sofom atlas;;0;;0.00;
sofom atractiva figura para inversionistas;;0;;0.00;
sofom atras;;0;;0.00;
sofom autodad;;0;;0.00;
sofom automotriz;;0;;0.00;
sofom autorizada para construccion en terreno propio fovissste;;0;;0.00;
sofom autorizada por fovissste 2019;;0;;0.00;
sofom autorizada por fovissste cd valles s.l.p;;0;;0.00;
sofom autorizadas;;0;;0.00;
sofom autorizadas de fovissste en orizaba ver;;0;;0.00;
sofom autorizadas en mexico;;0;;0.00;
sofom autorizadas por condusef;;0;;0.00;
sofom autorizadas por el fira en jalisco;;0;;0.00;
sofom auxiliar del credito;;0;;0.00;
sofom avaladas por fovissste;;0;;0.00;
sofom aviso cambios composición accionaria;;0;;0.00;
sofom bafar;;0;;0.00;
sofom bajio;;0;;0.00;
sofom banamex requisitos;;0;;0.00;
sofom banamex s.a de c.v objetivo;;0;;0.00;
sofom banco;;0;;0.00;
sofom banco dek bajio fovissste;;0;;0.00;
sofom banco inmobiliario;;0;;0.00;
sofom banco inmobiliario mexicano;;0;;0.00;
sofom banorte enr;;0;;0.00;
sofom banregio;;0;;0.00;
sofom bansefi;;0;;0.00;
sofom bbva;;0;;0.00;
sofom beneficios;;0;;0.00;
sofom beneficios fiscales;;0;;0.00;
sofom bepensa;;0;;0.00;
sofom bfs;;0;;0.00;
sofom bienestar financiero;;0;;0.00;
sofom brada;;0;;0.00;
sofom brada hipotecaria;;0;;0.00;
sofom buro de credito;;0;;0.00;
sofom buro de credito mal;;0;;0.00;
sofom c;;0;;0.00;
sofom cadefi;;0;;0.00;
sofom calle barranca 1 04530;;0;;0.00;
sofom calle barranca del muerto;;0;;0.00;
sofom cambiar sueldo;;0;;0.00;
sofom came;;0;;0.00;
sofom capital bolsa de trabajo;;0;;0.00;
sofom capital minimo;;0;;0.00;
sofom capital productivo;;0;;0.00;
sofom capitla;;0;;0.00;
sofom captacion de recursos;;0;;0.00;
sofom captación;;0;;0.00;
sofom captación de recursos;;0;;0.00;
sofom carso;;0;;0.00;
sofom carta factura;;0;;0.00;
sofom cartera vencida mexico;;0;;0.00;
sofom carteras vencidas;;0;;0.00;
sofom cartoon;;0;;0.00;
sofom cd valles;;0;;0.00;
sofom cd victoria fovissste;;0;;0.00;
sofom celaya;;0;;0.00;
sofom celebrar contratos laborales;;0;;0.00;
sofom cerca de sinaloa mexico;;0;;0.00;
sofom chedraui;;0;;0.00;
sofom chihuahua global;;0;;0.00;
sofom city home;;0;;0.00;
sofom ciudad juarez;;0;;0.00;
sofom ciudad juarez chihuahua;;0;;0.00;
sofom ciudad juárez;;0;;0.00;
sofom cliente riesgo bajo pld;;0;;0.00;
sofom cnbv capital;;0;;0.00;
sofom cobra iva;;0;;0.00;
sofom coincidir;;0;;0.00;
sofom colima;;0;;0.00;
sofom colonia roma;;0;;0.00;
sofom comite;;0;;0.00;
sofom como arrendadora financiera;;0;;0.00;
sofom como bancos pequeños;;0;;0.00;
sofom como crear;;0;;0.00;
sofom como fiduciaria;;0;;0.00;
sofom como obtener;;0;;0.00;
sofom como se abrevia;;0;;0.00;
sofom complejo monarca ubicacion;;0;;0.00;
sofom con atencion al campo;;0;;0.00;
sofom con oficinas en cuernavaca morelos;;0;;0.00;
sofom con opcion a arrendamiento;;0;;0.00;
sofom con opcion a arrendamiento para autobuses de transporte;;0;;0.00;
sofom con opcion a arrendamiento para camiones de carga;;0;;0.00;
sofom con opcion a arrendamiento para camiones de transporte;;0;;0.00;
sofom con opcion a arrendamiento para lineas camioneras;;0;;0.00;
sofom con presencia en el extranjero;;0;;0.00;
sofom con recurso federal;;0;;0.00;
sofom con seguro;;0;;0.00;
sofom con sucursal en villahermosa;;0;;0.00;
sofom concentro ciudad granja;;0;;0.00;
sofom concepto;;0;;0.00;
sofom condonacion;;0;;0.00;
sofom condonacion de adeudo;;0;;0.00;
sofom conducef;;0;;0.00;
sofom confia como esta calificada;;0;;0.00;
sofom confia opciones y acciones;;0;;0.00;
sofom confiable;;0;;0.00;
sofom confio;;0;;0.00;
sofom consar;;0;;0.00;
sofom consorcio megafin;;0;;0.00;
sofom constitucion;;0;;0.00;
sofom constituir;;0;;0.00;
sofom construccion;;0;;0.00;
sofom construcción;;0;;0.00;
sofom contabilidad electronica;;0;;0.00;
sofom contigo;;0;;0.00;
sofom control de acciones;;0;;0.00;
sofom cordoba veracruz;;0;;0.00;
sofom corp;;0;;0.00;
sofom corporativo;;0;;0.00;
sofom crea;;0;;0.00;
sofom crea mas en monterrey;;0;;0.00;
sofom crea mas xalapa;;0;;0.00;
sofom creamas;;0;;0.00;
sofom crece;;0;;0.00;
sofom crece con nosotros;;0;;0.00;
sofom crece en chihuahua;;0;;0.00;
sofom crece y alcanza mas;;0;;0.00;
sofom crecimiento;;0;;0.00;
sofom credac;;0;;0.00;
sofom crediacces;;0;;0.00;
sofom crediliquidez;;0;;0.00;
sofom credito domiciliado;;0;;0.00;
sofom credito educativo;;0;;0.00;
sofom credito escolar;;0;;0.00;
sofom credito familiar;;0;;0.00;
sofom credito firme;;0;;0.00;
sofom credito hipotecario para ti;;0;;0.00;
sofom credito hipotecario satelite;;0;;0.00;
sofom credito hipotecario tasas;;0;;0.00;
sofom credito hiptecario requisitos;;0;;0.00;
sofom credito para departamento;;0;;0.00;
sofom credito para pyme;;0;;0.00;
sofom credito para ti chihuahua;;0;;0.00;
sofom credito para ti en tabasco;;0;;0.00;
sofom credito para ti merida yucatan;;0;;0.00;
sofom credito para ti puebla;;0;;0.00;
sofom credito para ti valle de chalco;;0;;0.00;
sofom credito para todos;;0;;0.00;
sofom credito pyme;;0;;0.00;
sofom credito y casa;;0;;0.00;
sofom creditos;;0;;0.00;
sofom creditos de gobierno;;0;;0.00;
sofom creditos inmediatos;;0;;0.00;
sofom creditos para pensionados;;0;;0.00;
sofom creditos pymes;;0;;0.00;
sofom creditos xalapa;;0;;0.00;
sofom credix;;0;;0.00;
sofom creze;;0;;0.00;
sofom cronos;;0;;0.00;
sofom crédito;;0;;0.00;
sofom crédito apoya proyectos agropecuarios agroindustriales;;0;;0.00;
sofom crédito apoya proyectos agropecuarios industriales;;0;;0.00;
sofom crédito apoya proyectos para el campo;;0;;0.00;
sofom crédito educativo;;0;;0.00;
sofom crédito nómina;;0;;0.00;
sofom crédito para el campo;;0;;0.00;
sofom créditopara el campo;;0;;0.00;
sofom cte;;0;;0.00;
sofom cte denuncias;;0;;0.00;
sofom cte registro;;0;;0.00;
sofom cualidades fiscales;;0;;0.00;
sofom cuantas existen en mexico;;0;;0.00;
sofom cuanto presta;;0;;0.00;
sofom cuautitlan izcalli;;0;;0.00;
sofom cuautla;;0;;0.00;
sofom cuernavaca morelos;;0;;0.00;
sofom cuiacan;;0;;0.00;
sofom culiacan conocidas;;0;;0.00;
sofom culiacan fovissste;;0;;0.00;
sofom culiacan sinaloa;;0;;0.00;
sofom culiacán;;0;;0.00;
sofom cuáles son las ventajas de una sofom no regulada;;0;;0.00;
sofom dada de baja;;0;;0.00;
sofom dag;;0;;0.00;
sofom dasa de baja;;0;;0.00;
sofom de aoass;;0;;0.00;
sofom de arrendamiento;;0;;0.00;
sofom de banamex;;0;;0.00;
sofom de cdmx;;0;;0.00;
sofom de chetumal;;0;;0.00;
sofom de concredito;;0;;0.00;
sofom de cv;;0;;0.00;
sofom de enr;;0;;0.00;
sofom de fincamex;;0;;0.00;
sofom de fovissste en tabasco;;0;;0.00;
sofom de fovissste tepic;;0;;0.00;
sofom de fypa;;0;;0.00;
sofom de monterrey;;0;;0.00;
sofom de oscar flores peres;;0;;0.00;
sofom de oscar flores perez;;0;;0.00;
sofom de queretaro;;0;;0.00;
sofom de razon social financiera no regulada;;0;;0.00;
sofom de tepic nayarit;;0;;0.00;
sofom de toluca;;0;;0.00;
sofom deben registrarse;;0;;0.00;
sofom debito;;0;;0.00;
sofom debitos;;0;;0.00;
sofom del issste;;0;;0.00;
sofom del sur;;0;;0.00;
sofom delegacion coyoacan;;0;;0.00;
sofom delegacion coyoacan mexico;;0;;0.00;
sofom deposito;;0;;0.00;
sofom derecha fovissste;;0;;0.00;
sofom derecho corporativo;;0;;0.00;
sofom descontar via nomina;;0;;0.00;
sofom descontar via nomina fundamento legal;;0;;0.00;
sofom descontar via nomina o pensionado;;0;;0.00;
sofom desventajas usuarios;;0;;0.00;
sofom detalles;;0;;0.00;
sofom deuda ius;;0;;0.00;
sofom deudora;;0;;0.00;
sofom df;;0;;0.00;
sofom dictamen anual de pld;;0;;0.00;
sofom direcciones;;0;;0.00;
sofom disposición condusef;;0;;0.00;
sofom disposición condusef escision;;0;;0.00;
sofom distribuidores inbursa;;0;;0.00;
sofom dividendos;;0;;0.00;
sofom don apoyo;;0;;0.00;
sofom donde que no piden dinero;;0;;0.00;
sofom e nr;;0;;0.00;
sofom e.com;;0;;0.00;
sofom e.n.r en cd de mexico;;0;;0.00;
sofom e.n.r.l;;0;;0.00;
sofom e.r grupo bnp paribas;;0;;0.00;
sofom e.r lista;;0;;0.00;
sofom econ;;0;;0.00;
sofom economia confiable;;0;;0.00;
sofom efectos fiscales;;0;;0.00;
sofom ejercer el control de acciones porcentaje;;0;;0.00;
sofom el de fiar;;0;;0.00;
sofom emision de deuda;;0;;0.00;
sofom empresas;;0;;0.00;
sofom emsm;;0;;0.00;
sofom en acapulco;;0;;0.00;
sofom en arquimedes;;0;;0.00;
sofom en barranca del muerto;;0;;0.00;
sofom en bosque de esmeralda;;0;;0.00;
sofom en campeche;;0;;0.00;
sofom en cancun;;0;;0.00;
sofom en cancún;;0;;0.00;
sofom en cd mexico;;0;;0.00;
sofom en cd victoria tamaulipas;;0;;0.00;
sofom en cdmx;;0;;0.00;
sofom en celaya;;0;;0.00;
sofom en chilpancingo;;0;;0.00;
sofom en ciudad de mexico;;0;;0.00;
sofom en ciudad juarez;;0;;0.00;
sofom en ciudad obregon;;0;;0.00;
sofom en ciudad victoria tamaulipas;;0;;0.00;
sofom en colima;;0;;0.00;
sofom en cordoba;;0;;0.00;
sofom en cordoba veracruz;;0;;0.00;
sofom en cuauhtemoc chihuahua;;0;;0.00;
sofom en cuernavaca morelos;;0;;0.00;
sofom en durango;;0;;0.00;
sofom en el df;;0;;0.00;
sofom en el estado de oaxaca;;0;;0.00;
sofom en el extranjero;;0;;0.00;
sofom en el medio rural;;0;;0.00;
sofom en ensenada;;0;;0.00;
sofom en ensenada bc;;0;;0.00;
sofom en gomez palacio;;0;;0.00;
sofom en guadalajara jalisco certificadas por fovissste;;0;;0.00;
sofom en interlomas;;0;;0.00;
sofom en iztapalapa;;0;;0.00;
sofom en la 1a norte entre 8 y 9 poniente;;0;;0.00;
sofom en la colonia reforma;;0;;0.00;
sofom en la colonia reforma oaxaca;;0;;0.00;
sofom en leon gto;;0;;0.00;
sofom en leon guanajuato;;0;;0.00;
sofom en lerdo dgo;;0;;0.00;
sofom en matamoros;;0;;0.00;
sofom en mazatla;;0;;0.00;
sofom en merida yucatan por parte del fovissste;;0;;0.00;
sofom en mexicali;;0;;0.00;
sofom en mexico con prestamos personales;;0;;0.00;
sofom en mexico df;;0;;0.00;
sofom en mexico ejemplos;;0;;0.00;
sofom en mexico introduccion;;0;;0.00;
sofom en mexico para prestamo para casa habitacion;;0;;0.00;
sofom en michoacan;;0;;0.00;
sofom en minatitlan veracruz;;0;;0.00;
sofom en orizaba ver;;0;;0.00;
sofom en pachuca hidalgo;;0;;0.00;
sofom en palenque;;0;;0.00;
sofom en patzcuaro;;0;;0.00;
sofom en proceso;;0;;0.00;
sofom en salamanca gto;;0;;0.00;
sofom en salamanca guanajuato;;0;;0.00;
sofom en saltillo;;0;;0.00;
sofom en sinaloa sofomes en sinaloa;;0;;0.00;
sofom en sinaloaofomes en sinaloa;;0;;0.00;
sofom en tamaulipas;;0;;0.00;
sofom en tapachula;;0;;0.00;
sofom en tapachula chiapas;;0;;0.00;
sofom en tepic;;0;;0.00;
sofom en tepic nayarit;;0;;0.00;
sofom en tepic nayarit domicilio;;0;;0.00;
sofom en tizimin;;0;;0.00;
sofom en tlaxcala;;0;;0.00;
sofom en tuxtepec;;0;;0.00;
sofom en tuxtla gutiérrez chiapas;;0;;0.00;
sofom en vasconcelos san pedro;;0;;0.00;
sofom en veracru;;0;;0.00;
sofom en xalapa veracruz;;0;;0.00;
sofom en y enr diferencias;;0;;0.00;
sofom en yucatan;;0;;0.00;
sofom en zinacantepec;;0;;0.00;
sofom en.huejutla.hidalgo;;0;;0.00;
sofom enr 2018;;0;;0.00;
sofom enr 2019;;0;;0.00;
sofom enr 453228;;0;;0.00;
sofom enr administrador unico;;0;;0.00;
sofom enr avisos ante condusef;;0;;0.00;
sofom enr busqueda por numero;;0;;0.00;
sofom enr busqueda por numerp;;0;;0.00;
sofom enr cdmx;;0;;0.00;
sofom enr como hacerle;;0;;0.00;
sofom enr como hacerle para crearla;;0;;0.00;
sofom enr concentro;;0;;0.00;
sofom enr constituir;;0;;0.00;
sofom enr crediaprecia;;0;;0.00;
sofom enr cuentas incobrables;;0;;0.00;
sofom enr desaparecidos;;0;;0.00;
sofom enr durango;;0;;0.00;
sofom enr en estado de mejores practicas;;0;;0.00;
sofom enr en monterrey;;0;;0.00;
sofom enr en venta;;0;;0.00;
sofom enr er;;0;;0.00;
sofom enr funcionamiento;;0;;0.00;
sofom enr guanajuato;;0;;0.00;
sofom enr hermosillo;;0;;0.00;
sofom enr ingresos acumulables;;0;;0.00;
sofom enr libro;;0;;0.00;
sofom enr negocios a tu alcance;;0;;0.00;
sofom enr negocios a tu alcance sipres;;0;;0.00;
sofom enr no deducible por incobrables;;0;;0.00;
sofom enr obligaciones;;0;;0.00;
sofom enr pagan utilidades;;0;;0.00;
sofom enr paso a paso;;0;;0.00;
sofom enr pre15nna;;0;;0.00;
sofom enr pre15nna xalapa;;0;;0.00;
sofom enr puebla;;0;;0.00;
sofom enr regulacion;;0;;0.00;
sofom enr reparto utilidades;;0;;0.00;
sofom enr responsabilidades;;0;;0.00;
sofom enr restricciones en prestamos;;0;;0.00;
sofom enr restricciones en prestamos a socios;;0;;0.00;
sofom enr restricciones prestamos;;0;;0.00;
sofom enr san juan del rio;;0;;0.00;
sofom enr se presta a lavado de dinero;;0;;0.00;
sofom enr slp;;0;;0.00;
sofom enr tarjeta de credito;;0;;0.00;
sofom enr tarjeta de crédito;;0;;0.00;
sofom enr tasa de interes;;0;;0.00;
sofom enr titular de la marc a credifiel;;0;;0.00;
sofom enr tratamiento fiscal;;0;;0.00;
sofom enr vs er;;0;;0.00;
sofom enr vs sofom normal;;0;;0.00;
sofom enrn paso a paso;;0;;0.00;
sofom ent;;0;;0.00;
sofom entidades no reguladas;;0;;0.00;
sofom entidades no reguladas a que oblicaciones esta obligado;;0;;0.00;
sofom entidades no reguladas a que obligaciones esta obligado;;0;;0.00;
sofom entra a la declaracion anual;;0;;0.00;
sofom entre tasa de interes;;0;;0.00;
sofom equipat;;0;;0.00;
sofom equipate en chetumal;;0;;0.00;
sofom equipate pachuca;;0;;0.00;
sofom equipate s.a de c.v;;0;;0.00;
sofom er banamex;;0;;0.00;
sofom er factoraje;;0;;0.00;
sofom er grupo financiero santander;;0;;0.00;
sofom er grupo financiero santander mexico;;0;;0.00;
sofom er mexi;;0;;0.00;
sofom er paricipacion en mercado;;0;;0.00;
sofom er participacion;;0;;0.00;
sofom er participación en mercado;;0;;0.00;
sofom er sin efectos;;0;;0.00;
sofom er y enr mas importantes;;0;;0.00;
sofom es;;0;;0.00;
sofom es aseguradora de credito infonavit;;0;;0.00;
sofom españa;;0;;0.00;
sofom estado de mexico;;0;;0.00;
sofom estado de méxico;;0;;0.00;
sofom estatutos sociales;;0;;0.00;
sofom europea en interlomas;;0;;0.00;
sofom evaluacion cnbv;;0;;0.00;
sofom exitus capital;;0;;0.00;
sofom exitus credit;;0;;0.00;
sofom expedientes del ofical de cumplimiento;;0;;0.00;
sofom express tultepec;;0;;0.00;
sofom extranjeros;;0;;0.00;
sofom factor dinamico inmobiliario;;0;;0.00;
sofom factor gfc global;;0;;0.00;
sofom factoraje;;0;;0.00;
sofom factoraje financiero;;0;;0.00;
sofom famo;;0;;0.00;
sofom fasicasa;;0;;0.00;
sofom fasicasa insurgenytes;;0;;0.00;
sofom fca;;0;;0.00;
sofom fiables para creditos personales;;0;;0.00;
sofom ficasa;;0;;0.00;
sofom ficrea;;0;;0.00;
sofom fiduciaria;;0;;0.00;
sofom fiduciarias;;0;;0.00;
sofom fifomi;;0;;0.00;
sofom fina sa de cv;;0;;0.00;
sofom finactiv;;0;;0.00;
sofom financia municipio;;0;;0.00;
sofom financiamiento;;0;;0.00;
sofom financiera banregio;;0;;0.00;
sofom financiera credito hipotecario tapachula chiapas;;0;;0.00;
sofom financiera experta en prestamos de dinero;;0;;0.00;
sofom financiería mexi;;0;;0.00;
sofom findec chiapas;;0;;0.00;
sofom fintegra;;0;;0.00;
sofom fira;;0;;0.00;
sofom fircampo;;0;;0.00;
sofom fiscal cadefi;;0;;0.00;
sofom fiscal cofide;;0;;0.00;
sofom fiscal pdf;;0;;0.00;
sofom fiscal pdf cofide;;0;;0.00;
sofom fnd;;0;;0.00;
sofom foissste;;0;;0.00;
sofom folio n b4995179;;0;;0.00;
sofom folio no b4995179;;0;;0.00;
sofom fonacot;;0;;0.00;
sofom fonacot requisitos;;0;;0.00;
sofom forjadores;;0;;0.00;
sofom fovissste 2017;;0;;0.00;
sofom fovissste 2018;;0;;0.00;
sofom fovissste 2019;;0;;0.00;
sofom fovissste alianza familiar;;0;;0.00;
sofom fovissste cd delicias chihuahua;;0;;0.00;
sofom fovissste celaya;;0;;0.00;
sofom fovissste en chihuahua;;0;;0.00;
sofom fovissste en cuernavaca y cuautla;;0;;0.00;
sofom fovissste en pachuca;;0;;0.00;
sofom fovissste en veracruz;;0;;0.00;
sofom fovissste en xalapa;;0;;0.00;
sofom fovissste estado de mexico;;0;;0.00;
sofom fovissste guadalajara;;0;;0.00;
sofom fovissste guanajuato 2019;;0;;0.00;
sofom fovissste irapuato;;0;;0.00;
sofom fovissste jalisco;;0;;0.00;
sofom fovissste mejor evaluada;;0;;0.00;
sofom fovissste merida;;0;;0.00;
sofom fovissste monterrey;;0;;0.00;
sofom fovissste pago pasivos;;0;;0.00;
sofom fovissste poza rica;;0;;0.00;
sofom fovissste que es;;0;;0.00;
sofom fovissste reynosa;;0;;0.00;
sofom fovissste tampico;;0;;0.00;
sofom fovissste telefono;;0;;0.00;
sofom fovissste torreon;;0;;0.00;
sofom fovissste tuxtla;;0;;0.00;
sofom fovissste veracruz;;0;;0.00;
sofom fovissste veracryz;;0;;0.00;
sofom fovisste cuautla;;0;;0.00;
sofom fovisste merida yucatan;;0;;0.00;
sofom fovisste monclova;;0;;0.00;
sofom fovisste quintana roo;;0;;0.00;
sofom fovisste torreon;;0;;0.00;
sofom fraude;;0;;0.00;
sofom fraude xalapa;;0;;0.00;
sofom fraudulentas en mexico;;0;;0.00;
sofom fresnillo;;0;;0.00;
sofom funciones;;0;;0.00;
sofom funciones generales;;0;;0.00;
sofom fundamento legal;;0;;0.00;
sofom gamo;;0;;0.00;
sofom gamu consultores;;0;;0.00;
sofom gamu consultores pachuca;;0;;0.00;
sofom gamu consultores tlaxcala;;0;;0.00;
sofom gamu en oaxaca;;0;;0.00;
sofom gdm3;;0;;0.00;
sofom genera xml;;0;;0.00;
sofom global;;0;;0.00;
sofom gmc;;0;;0.00;
sofom gob;;0;;0.00;
sofom gold man;;0;;0.00;
sofom gptw 2019;;0;;0.00;
sofom grupo anisal culiacan;;0;;0.00;
sofom guadalajara arrendamiento;;0;;0.00;
sofom guadalajara jalisco;;0;;0.00;
sofom hasta 20 millones;;0;;0.00;
sofom hipolito narcia;;0;;0.00;
sofom hipotecaria crece mas;;0;;0.00;
sofom hipotecaria hogar s.a de c.v sucursal tlalnepantla;;0;;0.00;
sofom hipotecaria hogar sa de cv;;0;;0.00;
sofom hipotecario crea mas;;0;;0.00;
sofom hir;;0;;0.00;
sofom hir soluciones;;0;;0.00;
sofom hir soluciones puebla;;0;;0.00;
sofom hogar;;0;;0.00;
sofom hogar tuxtla;;0;;0.00;
sofom hsbc;;0;;0.00;
sofom hxti;;0;;0.00;
sofom icap minimo;;0;;0.00;
sofom icas & ecash;;0;;0.00;
sofom idc;;0;;0.00;
sofom imbursa es deducible;;0;;0.00;
sofom imbursa llamada;;0;;0.00;
sofom impulso financiero;;0;;0.00;
sofom impulso y promoción empresarial s.a de c.v;;0;;0.00;
sofom imss requisitos;;0;;0.00;
sofom imss tasa de interes;;0;;0.00;
sofom in;;0;;0.00;
sofom in english;;0;;0.00;
sofom inadem;;0;;0.00;
sofom inbu;;0;;0.00;
sofom inbur;;0;;0.00;
sofom inbura;;0;;0.00;
sofom inbursa buro de credito;;0;;0.00;
sofom inbursa buró de crédito;;0;;0.00;
sofom inbursa cargo por anualidad;;0;;0.00;
sofom inbursa cf credit;;0;;0.00;
sofom inbursa cf credit cobranza;;0;;0.00;
sofom inbursa cf credit credito y cobranza;;0;;0.00;
sofom inbursa condusef;;0;;0.00;
sofom inbursa cotizador;;0;;0.00;
sofom inbursa cr;;0;;0.00;
sofom inbursa distribuidores;;0;;0.00;
sofom inbursa domicilio;;0;;0.00;
sofom inbursa estado de cuenta;;0;;0.00;
sofom inbursa estados financieros;;0;;0.00;
sofom inbursa falso;;0;;0.00;
sofom inbursa faslso;;0;;0.00;
sofom inbursa grupo financiero inbursa sin tipo de sociedad direccion;;0;;0.00;
sofom inbursa mx;;0;;0.00;
sofom inbursa porque paga intereses;;0;;0.00;
sofom inbursa que tal es;;0;;0.00;
sofom inbursa quejas;;0;;0.00;
sofom inbursa rc;;0;;0.00;
sofom inbursa rfc;;0;;0.00;
sofom inbursa s.a de c.v;;0;;0.00;
sofom inbursa s.a de c.v sofom;;0;;0.00;
sofom inbursa s.a de c.v sofom e.r gfi;;0;;0.00;
sofom inbursa s.a de c.v sofom e.r grupo financiero inbursa;;0;;0.00;
sofom inbursa sa;;0;;0.00;
sofom inbursa sa de cv rfc;;0;;0.00;
sofom inbursa sa de cv sofom er;;0;;0.00;
sofom inbursa sa de cv sofom er grupo financiero inbursa;;0;;0.00;
sofom inbursa seguro de desempleo;;0;;0.00;
sofom inbursa serivicios;;0;;0.00;
sofom inbursa servicios;;0;;0.00;
sofom inbursa tarjeta de credito falsa;;0;;0.00;
sofom inbursa tasa;;0;;0.00;
sofom inbursa teléfono;;0;;0.00;
sofom inbursa utilidades;;0;;0.00;
sofom inbursaque es;;0;;0.00;
sofom informacion a presentar;;0;;0.00;
sofom informes a presentar;;0;;0.00;
sofom infraestructura;;0;;0.00;
sofom ing fiancial;;0;;0.00;
sofom institucion auxiliar de credito;;0;;0.00;
sofom institucion de credito;;0;;0.00;
sofom instituciones;;0;;0.00;
sofom intelisis;;0;;0.00;
sofom interes moratorio penalizacion;;0;;0.00;
sofom interes moratorio penalizacion por atraso;;0;;0.00;
sofom intermediario financiero;;0;;0.00;
sofom intermediarios entre;;0;;0.00;
sofom inursa;;0;;0.00;
sofom invercorp;;0;;0.00;
sofom inversion de capital;;0;;0.00;
sofom inversion extranjera;;0;;0.00;
sofom inversiones;;0;;0.00;
sofom ion financiera;;0;;0.00;
sofom issste cancun;;0;;0.00;
sofom issste en oaxaca;;0;;0.00;
sofom issste rocio;;0;;0.00;
sofom issste tasa de interes;;0;;0.00;
sofom isste cancun;;0;;0.00;
sofom iva acreditable;;0;;0.00;
sofom iva intereses arrendamiento financiero;;0;;0.00;
sofom iva intereses reales;;0;;0.00;
sofom ixtlan;;0;;0.00;
sofom jm;;0;;0.00;
sofom jm en diario amanecder;;0;;0.00;
sofom juárez chihuhua;;0;;0.00;
sofom konfio;;0;;0.00;
sofom la paz bcs;;0;;0.00;
sofom la paz puebla;;0;;0.00;
sofom lava dineor;;0;;0.00;
sofom lava dinero;;0;;0.00;
sofom lavo dinero;;0;;0.00;
sofom legal juridico;;0;;0.00;
sofom legales;;0;;0.00;
sofom legislacion;;0;;0.00;
sofom leon;;0;;0.00;
sofom ley general de sociedades mercantiles;;0;;0.00;
sofom ley que la regula;;0;;0.00;
sofom ley que las regula;;0;;0.00;
sofom lic susana cano;;0;;0.00;
sofom liquidez;;0;;0.00;
sofom listado;;0;;0.00;
sofom listado condusef;;0;;0.00;
sofom listado jalisco;;0;;0.00;
sofom listado jalisco calificaciones;;0;;0.00;
sofom listas proveedores;;0;;0.00;
sofom llave en mano;;0;;0.00;
sofom llave en mano ipaa;;0;;0.00;
sofom logotipo;;0;;0.00;
sofom los mochis;;0;;0.00;
sofom lum;;0;;0.00;
sofom manual de organizacion;;0;;0.00;
sofom manuales;;0;;0.00;
sofom marco legal;;0;;0.00;
sofom marco teorico;;0;;0.00;
sofom mas confiables de mexico;;0;;0.00;
sofom mas reconocidas;;0;;0.00;
sofom masarik;;0;;0.00;
sofom matriz;;0;;0.00;
sofom me quiere embargar;;0;;0.00;
sofom mega;;0;;0.00;
sofom mercader;;0;;0.00;
sofom mercado objetivos;;0;;0.00;
sofom merida evento;;0;;0.00;
sofom merida h;;0;;0.00;
sofom merida yucatan;;0;;0.00;
sofom mexico condusef;;0;;0.00;
sofom mexico definicion;;0;;0.00;
sofom mexico directorio;;0;;0.00;
sofom mexico empresas 5 millones de dolares;;0;;0.00;
sofom mexico objetivo;;0;;0.00;
sofom mexico regulación;;0;;0.00;
sofom mexico tasas de interes;;0;;0.00;
sofom michoacan;;0;;0.00;
sofom mifel polanco;;0;;0.00;
sofom militar;;0;;0.00;
sofom mineria;;0;;0.00;
sofom mld;;0;;0.00;
sofom modelos de riesgo;;0;;0.00;
sofom monclova;;0;;0.00;
sofom money;;0;;0.00;
sofom monterrey calificacion;;0;;0.00;
sofom morelos;;0;;0.00;
sofom morelos torreon;;0;;0.00;
sofom moroleon;;0;;0.00;
sofom multiple purpose financial;;0;;0.00;
sofom multiplicatu nomina;;0;;0.00;
sofom museo;;0;;0.00;
sofom más nómina;;0;;0.00;
sofom nacional;;0;;0.00;
sofom napoles;;0;;0.00;
sofom napoles 24.09;;0;;0.00;
sofom negocios a tu alcance;;0;;0.00;
sofom neron;;0;;0.00;
sofom netxus;;0;;0.00;
sofom no cuentan con autorización para captar recurso del público;;0;;0.00;
sofom no localizada;;0;;0.00;
sofom no regulada emision de deuda;;0;;0.00;
sofom no regulada o regulada;;0;;0.00;
sofom no regulada pld;;0;;0.00;
sofom no regulada puede captar;;0;;0.00;
sofom no regulada registros;;0;;0.00;
sofom no regulada requisitos;;0;;0.00;
sofom no regulada se dictamina;;0;;0.00;
sofom no reguladas;;0;;0.00;
sofom no reguladas sistema financiero;;0;;0.00;
sofom nomicin;;0;;0.00;
sofom nomina;;0;;0.00;
sofom nomina apoyo ubicacion;;0;;0.00;
sofom nomisin;;0;;0.00;
sofom noray;;0;;0.00;
sofom notario o corredor;;0;;0.00;
sofom nr;;0;;0.00;
sofom nrn;;0;;0.00;
sofom numeros telefonicos;;0;;0.00;
sofom o asofol;;0;;0.00;
sofom o asofom;;0;;0.00;
sofom o bancos;;0;;0.00;
sofom o sa;;0;;0.00;
sofom o sapi;;0;;0.00;
sofom oak;;0;;0.00;
sofom oaxaa;;0;;0.00;
sofom oaxaca auxiliar de recursos humanos;;0;;0.00;
sofom oaxaca direccion;;0;;0.00;
sofom oaxaca en la colonia reforma;;0;;0.00;
sofom oaxaca libres;;0;;0.00;
sofom objeto social;;0;;0.00;
sofom objeto socialsofol;;0;;0.00;
sofom obligaciones de los socios;;0;;0.00;
sofom obligaciones fiscales;;0;;0.00;
sofom obligadas a presentar aviso;;0;;0.00;
sofom obligadas a presentar aviso a la conducef;;0;;0.00;
sofom occ;;0;;0.00;
sofom oficial de cumplimiento;;0;;0.00;
sofom oficial de cumplimiento certificado empleo;;0;;0.00;
sofom oficinas;;0;;0.00;
sofom onix financiera;;0;;0.00;
sofom or sofomes;;0;;0.00;
sofom organizacion auxiliar de credito;;0;;0.00;
sofom orizaba;;0;;0.00;
sofom pacada;;0;;0.00;
sofom pachuca entidades financieras;;0;;0.00;
sofom pago de esudios de posgrado;;0;;0.00;
sofom pago por inspeccion y vigilancia;;0;;0.00;
sofom paguitos;;0;;0.00;
sofom para casas en oaxaca;;0;;0.00;
sofom para credito fovissste oaxca;;0;;0.00;
sofom para credito para credito fovissste merida yucatan;;0;;0.00;
sofom para credito para credito fovisste merida yucatan;;0;;0.00;
sofom para credito para infinavit merida yucatan;;0;;0.00;
sofom para credito para infonavit merida yucatan;;0;;0.00;
sofom para creditos fovissste;;0;;0.00;
sofom para creditos fovissste en oaxaca de juarez;;0;;0.00;
sofom para creditos personales;;0;;0.00;
sofom para ecologicos;;0;;0.00;
sofom para ejercer mi credito fovissste;;0;;0.00;
sofom para emprendedores;;0;;0.00;
sofom para inmobiliaria;;0;;0.00;
sofom para levantar fondos;;0;;0.00;
sofom para pymes;;0;;0.00;
sofom para pymes en durango;;0;;0.00;
sofom para que sirve;;0;;0.00;
sofom para ti;;0;;0.00;
sofom para tramite de fovissste en matamoros tamaulipas;;0;;0.00;
sofom para tramites de viviendas;;0;;0.00;
sofom para unificar deudas sin anticipos;;0;;0.00;
sofom participacion cnbv;;0;;0.00;
sofom partir de cuando se agrego ek rrendamiento;;0;;0.00;
sofom partir de cuando se agrego el arrendamiento financiero;;0;;0.00;
sofom patrimonio cacun;;0;;0.00;
sofom patrimonio tamaulipas;;0;;0.00;
sofom patromonio;;0;;0.00;
sofom peben;;0;;0.00;
sofom pemex;;0;;0.00;
sofom penalidad penalizacion por atraso;;0;;0.00;
sofom piso 40 world trade center;;0;;0.00;
sofom piso 40 wtc;;0;;0.00;
sofom platafomra de fondeo;;0;;0.00;
sofom plaza museo xalapa;;0;;0.00;
sofom pld;;0;;0.00;
sofom plus;;0;;0.00;
sofom png;;0;;0.00;
sofom porn;;0;;0.00;
sofom portafolio de negocios;;0;;0.00;
sofom powerpoint;;0;;0.00;
sofom poza rica;;0;;0.00;
sofom prado norte;;0;;0.00;
sofom pre 15 nqa;;0;;0.00;
sofom pre15nqa;;0;;0.00;
sofom presburger;;0;;0.00;
sofom presentaciones;;0;;0.00;
sofom presta dinero al tiie 5.5;;0;;0.00;
sofom prestamo;;0;;0.00;
sofom prestamo automotriz en mexico;;0;;0.00;
sofom prestamos es fraude;;0;;0.00;
sofom prestamos insurgentes sur 686;;0;;0.00;
sofom prestamos personales df;;0;;0.00;
sofom prestamos personales sin buro;;0;;0.00;
sofom prestamos telefono;;0;;0.00;
sofom proagro;;0;;0.00;
sofom probenso;;0;;0.00;
sofom productos;;0;;0.00;
sofom profeco;;0;;0.00;
sofom programas financieros;;0;;0.00;
sofom prohogar sucursal tlaxcala;;0;;0.00;
sofom promofin;;0;;0.00;
sofom promofin pf;;0;;0.00;
sofom promofin sp;;0;;0.00;
sofom proveedores;;0;;0.00;
sofom proveedores listas;;0;;0.00;
sofom publicidad;;0;;0.00;
sofom puebla av juarez;;0;;0.00;
sofom puede abrir cuentas de debito;;0;;0.00;
sofom puede captar;;0;;0.00;
sofom puede captar ahorro;;0;;0.00;
sofom puede captar dinero del publico para dar inversiones;;0;;0.00;
sofom puede manejar inversion;;0;;0.00;
sofom puede recibir prestamos;;0;;0.00;
sofom pueden aperturar cuentas de usuarios;;0;;0.00;
sofom pueden ser deudores;;0;;0.00;
sofom punto central;;0;;0.00;
sofom pyme;;0;;0.00;
sofom pymes;;0;;0.00;
sofom qually;;0;;0.00;
sofom que aparecen sipres;;0;;0.00;
sofom que apoya al credito atomotris;;0;;0.00;
sofom que apoya al credito automotriz;;0;;0.00;
sofom que cobran menos;;0;;0.00;
sofom que de credito a otra sofom;;0;;0.00;
sofom que de creditos a gobierno;;0;;0.00;
sofom que de creditos para luminarias en méxico;;0;;0.00;
sofom que debe contener la oficina;;0;;0.00;
sofom que es quien la regula;;0;;0.00;
sofom que es quien la reguladas;;0;;0.00;
sofom que financia adquisicion de inmuebles;;0;;0.00;
sofom que financia y arrenda;;0;;0.00;
sofom que hace;;0;;0.00;
sofom que hacen;;0;;0.00;
sofom que no defrauden;;0;;0.00;
sofom que ofrecen factoraje;;0;;0.00;
sofom que otorga;;0;;0.00;
sofom que pertenece primero dinero;;0;;0.00;
sofom que presta para proyectos;;0;;0.00;
sofom que presta por propiedades en mexico;;0;;0.00;
sofom que prestan a municipios;;0;;0.00;
sofom que prestan a municipios para luminarias;;0;;0.00;
sofom que presten sobre terrenos;;0;;0.00;
sofom que servicios ofrece;;0;;0.00;
sofom que servicios ofrece powerpoint;;0;;0.00;
sofom que son;;0;;0.00;
sofom que tipos de contratos puede celbrar;;0;;0.00;
sofom quien la regula;;0;;0.00;
sofom quien las regula;;0;;0.00;
sofom quiero confianza;;0;;0.00;
sofom quintana roo;;0;;0.00;
sofom qué es;;0;;0.00;
sofom rankia;;0;;0.00;
sofom raul rangel;;0;;0.00;
sofom reconocidas xalapa;;0;;0.00;
sofom recursos;;0;;0.00;
sofom reforma financiera;;0;;0.00;
sofom registrada ante el fovissste;;0;;0.00;
sofom registro;;0;;0.00;
sofom registro codusef;;0;;0.00;
sofom registro condusef;;0;;0.00;
sofom registro conduusef;;0;;0.00;
sofom reglamento;;0;;0.00;
sofom regulaciones;;0;;0.00;
sofom regulada en mexico;;0;;0.00;
sofom regulada requisitos;;0;;0.00;
sofom reguladas entidades no reguladas;;0;;0.00;
sofom reguladas por la cnbv;;0;;0.00;
sofom reguladas y no reguladas;;0;;0.00;
sofom reguladas y no reguladas diferencia;;0;;0.00;
sofom reguladores y no reguladoras;;0;;0.00;
sofom relaciom com la volsa de valores;;0;;0.00;
sofom relaciom com la volsa de valores estadistica;;0;;0.00;
sofom relación con la bolsa de valores estadistica;;0;;0.00;
sofom reporte cnbv;;0;;0.00;
sofom requisitos para una;;0;;0.00;
sofom rescata credito issste;;0;;0.00;
sofom respaldada con fovisste cuautla;;0;;0.00;
sofom ricardo russo;;0;;0.00;
sofom riesgo baho;;0;;0.00;
sofom riesgo bajo pld;;0;;0.00;
sofom riesgos;;0;;0.00;
sofom rivera;;0;;0.00;
sofom rte;;0;;0.00;
sofom s.a de c.v tlalnepantla méx;;0;;0.00;
sofom sa de cv definicion;;0;;0.00;
sofom sabcapital;;0;;0.00;
sofom san expedito;;0;;0.00;
sofom san gabriel no 7 tlaxcala;;0;;0.00;
sofom san gabriel tlaxcala;;0;;0.00;
sofom san jose insurgentes;;0;;0.00;
sofom san juan del rio;;0;;0.00;
sofom san luis potosi;;0;;0.00;
sofom sanjose insurgentes;;0;;0.00;
sofom santa fe;;0;;0.00;
sofom santander direccion;;0;;0.00;
sofom santander que es;;0;;0.00;
sofom sat;;0;;0.00;
sofom saucilla;;0;;0.00;
sofom saucillo;;0;;0.00;
sofom se dueño tuxtla gutierrez;;0;;0.00;
sofom seguros;;0;;0.00;
sofom semda cordoba veracruz;;0;;0.00;
sofom semsa cordoba veracruz;;0;;0.00;
sofom sensa df;;0;;0.00;
sofom sensa enb;;0;;0.00;
sofom sensa enr;;0;;0.00;
sofom sensa mexico;;0;;0.00;
sofom sensa puebla;;0;;0.00;
sofom sensa saltillo;;0;;0.00;
sofom sensa sonora;;0;;0.00;
sofom sensa sonora 2019;;0;;0.00;
sofom sensa tula;;0;;0.00;
sofom sep;;0;;0.00;
sofom servicios;;0;;0.00;
sofom servicios powerpoint;;0;;0.00;
sofom si crea;;0;;0.00;
sofom sicrea;;0;;0.00;
sofom sicrea quiebra;;0;;0.00;
sofom sinaloa agricola;;0;;0.00;
sofom sinegia;;0;;0.00;
sofom sistemas;;0;;0.00;
sofom sivago;;0;;0.00;
sofom snr;;0;;0.00;
sofom sociedad financiera;;0;;0.00;
sofom sociedad financiera de objeto multiple;;0;;0.00;
sofom sofhia;;0;;0.00;
sofom sofime;;0;;0.00;
sofom sofipo banco tabla comparativa;;0;;0.00;
sofom sofol sofipo;;0;;0.00;
sofom software open source;;0;;0.00;
sofom software opensource;;0;;0.00;
sofom solida;;0;;0.00;
sofom solo fideicomisos de garantia;;0;;0.00;
sofom soluciones emprendedoras del norte;;0;;0.00;
sofom soluciones emprendoras del norte;;0;;0.00;
sofom soluciones financieras inmobiliarias;;0;;0.00;
sofom solunio;;0;;0.00;
sofom son reguladas;;0;;0.00;
sofom sonora;;0;;0.00;
sofom sonora agricola;;0;;0.00;
sofom steel;;0;;0.00;
sofom su casita;;0;;0.00;
sofom sucursal xola;;0;;0.00;
sofom suma en durango;;0;;0.00;
sofom suma express tuxtla;;0;;0.00;
sofom suma express villahermosa;;0;;0.00;
sofom suspension;;0;;0.00;
sofom taak in;;0;;0.00;
sofom tabasco;;0;;0.00;
sofom tampico;;0;;0.00;
sofom tapachula;;0;;0.00;
sofom tarjeta de credito;;0;;0.00;
sofom tasaa de interes;;0;;0.00;
sofom tc;;0;;0.00;
sofom te;;0;;0.00;
sofom te apoyamos quejas;;0;;0.00;
sofom tehuacan;;0;;0.00;
sofom ten as;;0;;0.00;
sofom ten mas tuxtla gutierrez;;0;;0.00;
sofom ten mas tuxtla gutierrez pagina;;0;;0.00;
sofom tenma;;0;;0.00;
sofom tenmas tuxtla gutierrez;;0;;0.00;
sofom tenmas ubicacion;;0;;0.00;
sofom ternium;;0;;0.00;
sofom texcoco;;0;;0.00;
sofom tijuana bc;;0;;0.00;
sofom torre comercial america;;0;;0.00;
sofom transformada no financiera;;0;;0.00;
sofom transporte;;0;;0.00;
sofom tratamiento fiscal;;0;;0.00;
sofom tu credito salvador;;0;;0.00;
sofom tu finanza;;0;;0.00;
sofom tuxtla gutierrez numeros telefonicos;;0;;0.00;
sofom tuxtla gutiérrez chiapas;;0;;0.00;
sofom uadalajara;;0;;0.00;
sofom ubicada en la liberta cd victoria;;0;;0.00;
sofom ubicadas en cuernavaca telefonos;;0;;0.00;
sofom unagra;;0;;0.00;
sofom unagra ameca jalisco;;0;;0.00;
sofom unicasa;;0;;0.00;
sofom unifin;;0;;0.00;
sofom va dirigidos;;0;;0.00;
sofom valiadades por conducef;;0;;0.00;
sofom validadas mexico;;0;;0.00;
sofom valle de chalco;;0;;0.00;
sofom valle de chalco luis ruelas prodigy.net.mx;;0;;0.00;
sofom valle de chalco luisruelas prodigy.net.mx;;0;;0.00;
sofom valor que suma;;0;;0.00;
sofom ventajas;;0;;0.00;
sofom ventajas y desventajas;;0;;0.00;
sofom ventajas y desventajas usuarios;;0;;0.00;
sofom venyajas y desventajas usuarios;;0;;0.00;
sofom vepinsa;;0;;0.00;
sofom veracruz fovissste;;0;;0.00;
sofom vertice;;0;;0.00;
sofom villegas fovissste;;0;;0.00;
sofom villegasfovissste;;0;;0.00;
sofom vivienda;;0;;0.00;
sofom vivus condusef;;0;;0.00;
sofom vs banca multiple;;0;;0.00;
sofom vs fondo de inversión;;0;;0.00;
sofom vs no sofom;;0;;0.00;
sofom vs sfom;;0;;0.00;
sofom vs sofol;;0;;0.00;
sofom wiki;;0;;0.00;
sofom y arrendamiento camiones;;0;;0.00;
sofom y asofom;;0;;0.00;
sofom y estrategias;;0;;0.00;
sofom y lavado de dinero;;0;;0.00;
sofom y sapi;;0;;0.00;
sofom y sofol auxiliares de crédito;;0;;0.00;
sofom y sofoles;;0;;0.00;
sofom y sofom no regulada;;0;;0.00;
sofom y sofomes;;0;;0.00;
sofom ya no se puede crear;;0;;0.00;
sofom zacatecas agrocapital zacatecano;;0;;0.00;
sofom.inbursa.comn;;0;;0.00;
sofoma y gomorra museo del prado;;0;;0.00;
sofomation com;;0;;0.00;
sofomation energy consultants pvt ltd;;0;;0.00;
sofomation mexico;;0;;0.00;
sofomation scams;;0;;0.00;
sofomdiferencia estre sofol y sofom;;0;;0.00;
sofome aternam;;0;;0.00;
sofome bancomer fovissste;;0;;0.00;
sofome bmw;;0;;0.00;
sofome coincidir;;0;;0.00;
sofome con oficial de cumplimiento sin certificarse;;0;;0.00;
sofome con oficial de cumplimiento sin certificarse 2018;;0;;0.00;
sofome credit;;0;;0.00;
sofome credito;;0;;0.00;
sofome definicion;;0;;0.00;
sofome en dolores hidalgo;;0;;0.00;
sofome en mexico;;0;;0.00;
sofome en playa del carmen;;0;;0.00;
sofome en rioverde slp;;0;;0.00;
sofome en salamanca gto;;0;;0.00;
sofome es centralizada;;0;;0.00;
sofome financiera banregio;;0;;0.00;
sofome ford;;0;;0.00;
sofome fovissste;;0;;0.00;
sofome funciones;;0;;0.00;
sofome hipotecaria crese mas;;0;;0.00;
sofome llave en mano ipaaa;;0;;0.00;
sofome llave en mano ipaab;;0;;0.00;
sofome marcas autos;;0;;0.00;
sofome mazatlan;;0;;0.00;
sofome no regulada;;0;;0.00;
sofome participacion;;0;;0.00;
sofome patrimonio;;0;;0.00;
sofome pecus soluciones;;0;;0.00;
sofome pecus soluciones demanda;;0;;0.00;
sofome que es;;0;;0.00;
sofome queretaro;;0;;0.00;
sofome rancho tetenco;;0;;0.00;
sofome registrada en profeco en rioverde slp;;0;;0.00;
sofome requisitos;;0;;0.00;
sofome rioverde slp;;0;;0.00;
sofome sin oficial de cumplimiento;;0;;0.00;
sofome socap;;0;;0.00;
sofome tasas;;0;;0.00;
sofome y sofoles;;0;;0.00;
sofomeen mexico;;0;;0.00;
sofomega sa de cv sofom enr;;0;;0.00;
sofomer cetelem sa de cv;;0;;0.00;
sofomer inbursa;;0;;0.00;
sofomer pj financial;;0;;0.00;
sofomer que son;;0;;0.00;
sofomer reguladas;;0;;0.00;
sofomes 2016;;0;;0.00;
sofomes 2019;;0;;0.00;
sofomes a;;0;;0.00;
sofomes a fintech;;0;;0.00;
sofomes accecibles para pyme;;0;;0.00;
sofomes activas;;0;;0.00;
sofomes afiliadas al issste;;0;;0.00;
sofomes agentes regulatorios;;0;;0.00;
sofomes antecedentes;;0;;0.00;
sofomes arrendamiento;;0;;0.00;
sofomes art 87;;0;;0.00;
sofomes asociaciones gremiales;;0;;0.00;
sofomes así como del arrendamiento financiero;;0;;0.00;
sofomes autorizadas bmv;;0;;0.00;
sofomes autorizadas en mexico por la bmv;;0;;0.00;
sofomes autorizadas por cnbv;;0;;0.00;
sofomes autorizadas por fovissste en zamora;;0;;0.00;
sofomes baja california sur;;0;;0.00;
sofomes balance 2015;;0;;0.00;
sofomes balance total del 2015;;0;;0.00;
sofomes balance total del 2015 cnvb;;0;;0.00;
sofomes banamex;;0;;0.00;
sofomes banxivo;;0;;0.00;
sofomes bmv;;0;;0.00;
sofomes buscan emigrar a fintech;;0;;0.00;
sofomes buscan migrar a fintech;;0;;0.00;
sofomes calificacion;;0;;0.00;
sofomes calificacion y ranking 2016;;0;;0.00;
sofomes cancun;;0;;0.00;
sofomes cancun evento;;0;;0.00;
sofomes cdmx;;0;;0.00;
sofomes chiapanecas;;0;;0.00;
sofomes chihuhua;;0;;0.00;
sofomes colima;;0;;0.00;
sofomes como fiduciaria;;0;;0.00;
sofomes como funcionan;;0;;0.00;
sofomes comofuncionan;;0;;0.00;
sofomes con apoyo a la construcción inmobiliaria en mexico;;0;;0.00;
sofomes con convenio snte 42;;0;;0.00;
sofomes con el reto de subsistir en la 4t;;0;;0.00;
sofomes con mas prestigio en mexico;;0;;0.00;
sofomes con mayor captaciones acrediados fovissste;;0;;0.00;
sofomes con mayor captaciones acreditados fovissste;;0;;0.00;
sofomes con oficial de cumplimiento certificado;;0;;0.00;
sofomes con servicios en linea;;0;;0.00;
sofomes concepto;;0;;0.00;
sofomes confiables;;0;;0.00;
sofomes confiales;;0;;0.00;
sofomes credito fovissste;;0;;0.00;
sofomes credito puente;;0;;0.00;
sofomes creditos hipotecarios;;0;;0.00;
sofomes creditos hipotecarios mas baratod;;0;;0.00;
sofomes creditos para estudiar en el extranjero;;0;;0.00;
sofomes creditos personales mexico;;0;;0.00;
sofomes crédito de nómina;;0;;0.00;
sofomes crédito refaccionario;;0;;0.00;
sofomes crédito revolvente;;0;;0.00;
sofomes crédito simple;;0;;0.00;
sofomes cuernavaca;;0;;0.00;
sofomes dadas de alta en fovissste;;0;;0.00;
sofomes de fovissste;;0;;0.00;
sofomes de fovissste en aguascalientes;;0;;0.00;
sofomes de fovissste en nueno leon;;0;;0.00;
sofomes de sociedad hipotecaria federal;;0;;0.00;
sofomes deloitte;;0;;0.00;
sofomes descuidan renovación y les cancelan el registro el economista;;0;;0.00;
sofomes disposiciones pld;;0;;0.00;
sofomes disposiciones pld 2016;;0;;0.00;
sofomes e.n.r participacion;;0;;0.00;
sofomes e.r participacion;;0;;0.00;
sofomes ejemplo;;0;;0.00;
sofomes el mexico;;0;;0.00;
sofomes emisiones publicas de deuda;;0;;0.00;
sofomes emprendimiento;;0;;0.00;
sofomes en 2016;;0;;0.00;
sofomes en azcapotzalco;;0;;0.00;
sofomes en bahia de banderas;;0;;0.00;
sofomes en cancun;;0;;0.00;
sofomes en cd valles;;0;;0.00;
sofomes en cdmx;;0;;0.00;
sofomes en cdmx confiables que hagan préstamos;;0;;0.00;
sofomes en cdmx que prestan dinero;;0;;0.00;
sofomes en celaya;;0;;0.00;
sofomes en ciudad de mexico;;0;;0.00;
sofomes en coahuila;;0;;0.00;
sofomes en cordoba;;0;;0.00;
sofomes en credito infonavit;;0;;0.00;
sofomes en el sector del transporte;;0;;0.00;
sofomes en el sistema financiero mexicano;;0;;0.00;
sofomes en gto;;0;;0.00;
sofomes en guanajuato;;0;;0.00;
sofomes en infonavit;;0;;0.00;
sofomes en insurgentes;;0;;0.00;
sofomes en insurgentes sur;;0;;0.00;
sofomes en la cdmx;;0;;0.00;
sofomes en la ciudad de mexico;;0;;0.00;
sofomes en la ciudad de mexico para credito hipotecario;;0;;0.00;
sofomes en la ciudad de mexico para credito hipotecario fovissste;;0;;0.00;
sofomes en la paz baja california sur;;0;;0.00;
sofomes en la secretaria de hacienda y credito publico;;0;;0.00;
sofomes en leon con servicios fiduciarios;;0;;0.00;
sofomes en leon guanajuato;;0;;0.00;
sofomes en merida yucatan;;0;;0.00;
sofomes en mexicali;;0;;0.00;
sofomes en mexico 2016;;0;;0.00;
sofomes en mexico 2016 estadisticas;;0;;0.00;
sofomes en mexico 2016 graficas;;0;;0.00;
sofomes en mexico 2016 informacion;;0;;0.00;
sofomes en mexico 2017;;0;;0.00;
sofomes en mexico 2018 obligaciones;;0;;0.00;
sofomes en mexico 2019 fovissste;;0;;0.00;
sofomes en mexico 2019 gamu;;0;;0.00;
sofomes en mexico 2020;;0;;0.00;
sofomes en mexico con creditos de todo tipo;;0;;0.00;
sofomes en mexico estadisticas;;0;;0.00;
sofomes en mexico fovissste;;0;;0.00;
sofomes en mexico graficas;;0;;0.00;
sofomes en mexico negocio;;0;;0.00;
sofomes en mexico para mis clientes;;0;;0.00;
sofomes en monterrey creditos domicilados;;0;;0.00;
sofomes en monterrey creditos domiciliados;;0;;0.00;
sofomes en morelia;;0;;0.00;
sofomes en morelia mich;;0;;0.00;
sofomes en méxico 2018;;0;;0.00;
sofomes en méxico 2019;;0;;0.00;
sofomes en navojoa;;0;;0.00;
sofomes en pachuca;;0;;0.00;
sofomes en poza rica;;0;;0.00;
sofomes en poza rica regulada;;0;;0.00;
sofomes en proceso de registro condusef;;0;;0.00;
sofomes en puerto vallarta;;0;;0.00;
sofomes en quintana roo;;0;;0.00;
sofomes en salamanca gto;;0;;0.00;
sofomes en san luis potosi;;0;;0.00;
sofomes en san luispotosi;;0;;0.00;
sofomes en santa fe;;0;;0.00;
sofomes en sinaloa mexico;;0;;0.00;
sofomes en tabasco;;0;;0.00;
sofomes en tampico tamaulipas;;0;;0.00;
sofomes en toluca;;0;;0.00;
sofomes en tuxtla gutierrez;;0;;0.00;
sofomes en villahermosa;;0;;0.00;
sofomes en zamora;;0;;0.00;
sofomes english wikipedia;;0;;0.00;
sofomes enr 2019;;0;;0.00;
sofomes enr cnbv;;0;;0.00;
sofomes enr condusef;;0;;0.00;
sofomes enr credito a cooperativas sector rural;;0;;0.00;
sofomes enr empresas fantasma;;0;;0.00;
sofomes enr en mexico;;0;;0.00;
sofomes enr en méxico;;0;;0.00;
sofomes enr er;;0;;0.00;
sofomes enr factoraje;;0;;0.00;
sofomes enr fideicomiso garantia;;0;;0.00;
sofomes enr la puerta a la revolucion financiera en mexico;;0;;0.00;
sofomes enr la puerta a la revolución financiera en méxic;;0;;0.00;
sofomes enr prestamos a cooperativas;;0;;0.00;
sofomes enr prestamos a cooperativas sector rural;;0;;0.00;
sofomes enr que es;;0;;0.00;
sofomes enr sfm;;0;;0.00;
sofomes enr sfm logo;;0;;0.00;
sofomes enr sfm logo dibujado;;0;;0.00;
sofomes enr y cooperativas;;0;;0.00;
sofomes enr y er;;0;;0.00;
sofomes entes regulatorios;;0;;0.00;
sofomes entidades reguladas;;0;;0.00;
sofomes entidades regulares er;;0;;0.00;
sofomes estado de veracruz;;0;;0.00;
sofomes factoraje;;0;;0.00;
sofomes fiduciarias;;0;;0.00;
sofomes financiamiento;;0;;0.00;
sofomes financiamiento pyme;;0;;0.00;
sofomes financiamiento pyme y emprendedor;;0;;0.00;
sofomes fira;;0;;0.00;
sofomes fovissste autorizadas;;0;;0.00;
sofomes fovissste en sonora;;0;;0.00;
sofomes fovissste morelos;;0;;0.00;
sofomes fovisste;;0;;0.00;
sofomes fresnillo zacatecas;;0;;0.00;
sofomes funciones;;0;;0.00;
sofomes fundamento legal;;0;;0.00;
sofomes guadalajara;;0;;0.00;
sofomes guanajuato;;0;;0.00;
sofomes hipoteca;;0;;0.00;
sofomes hipotecaria inversa;;0;;0.00;
sofomes hipotecarias credito puente;;0;;0.00;
sofomes hipotecarias en mexico;;0;;0.00;
sofomes imagenes;;0;;0.00;
sofomes importancia;;0;;0.00;
sofomes indirectas;;0;;0.00;
sofomes infografia;;0;;0.00;
sofomes inmobiliarias;;0;;0.00;
sofomes inside capital;;0;;0.00;
sofomes introduccion;;0;;0.00;
sofomes inversion;;0;;0.00;
sofomes issste;;0;;0.00;
sofomes issste 2019;;0;;0.00;
sofomes izcalli;;0;;0.00;
sofomes julio de 2015;;0;;0.00;
sofomes laude;;0;;0.00;
sofomes leon guanajuato;;0;;0.00;
sofomes ley que la regula;;0;;0.00;
sofomes logo;;0;;0.00;
sofomes logos;;0;;0.00;
sofomes marco legal;;0;;0.00;
sofomes mas confianles;;0;;0.00;
sofomes mas importantes en mexico;;0;;0.00;
sofomes mas importantes que no checan buro en mexico;;0;;0.00;
sofomes merida;;0;;0.00;
sofomes mexicanas ajustan su panorama;;0;;0.00;
sofomes mexico 2018;;0;;0.00;
sofomes mexico 2019;;0;;0.00;
sofomes mexico definicion;;0;;0.00;
sofomes microcrédito individual y grupal;;0;;0.00;
sofomes monto;;0;;0.00;
sofomes morelia;;0;;0.00;
sofomes moroleon;;0;;0.00;
sofomes más comunes en méxico;;0;;0.00;
sofomes más grandes de mexico;;0;;0.00;
sofomes más grandes de méxico;;0;;0.00;
sofomes más innovadoras;;0;;0.00;
sofomes no reguladas banxico;;0;;0.00;
sofomes no reguladas en méxico;;0;;0.00;
sofomes no reguladas esta protegida mi inversion;;0;;0.00;
sofomes no reguladas lista;;0;;0.00;
sofomes no reguladas tendrán que dar más información;;0;;0.00;
sofomes nr en mexico;;0;;0.00;
sofomes objetivo;;0;;0.00;
sofomes ofrecen apoyo a pymes en busca de liquidez;;0;;0.00;
sofomes opción para financiar pymes en el noreste;;0;;0.00;
sofomes organigrama;;0;;0.00;
sofomes otorgamiento de creditos;;0;;0.00;
sofomes otorgamiento de creditos ejemplos;;0;;0.00;
sofomes pagos anticipados;;0;;0.00;
sofomes para camiones;;0;;0.00;
sofomes para construccion creditos fovissste 2018;;0;;0.00;
sofomes para construccion de casa;;0;;0.00;
sofomes para credito inmobiliario;;0;;0.00;
sofomes para creditos de casas;;0;;0.00;
sofomes para equipo de transporte;;0;;0.00;
sofomes para financiar fertilizantes;;0;;0.00;
sofomes para fovissste en morelia mich;;0;;0.00;
sofomes para microempresas;;0;;0.00;
sofomes para pymes;;0;;0.00;
sofomes para renovar camiones;;0;;0.00;
sofomes para transportistas;;0;;0.00;
sofomes participacion en el mercado de valores;;0;;0.00;
sofomes patrimoio;;0;;0.00;
sofomes por internet autorizaas;;0;;0.00;
sofomes por internet autorizadas;;0;;0.00;
sofomes prezi;;0;;0.00;
sofomes prohibiciones;;0;;0.00;
sofomes pueden captar dinero;;0;;0.00;
sofomes pueden cobrar en efectivo;;0;;0.00;
sofomes pueden realziar avaluos inmobiliarios;;0;;0.00;
sofomes pyme;;0;;0.00;
sofomes pymes;;0;;0.00;
sofomes que cotizan en bolsa;;0;;0.00;
sofomes que es el financiamiento pyme;;0;;0.00;
sofomes que fondean sofomes;;0;;0.00;
sofomes que hacen;;0;;0.00;
sofomes que no renovación su dictamen tecnico 2018;;0;;0.00;
sofomes que no renovaron su dictamen tecnico;;0;;0.00;
sofomes que no renovaron su dictamen tecnico 2018;;0;;0.00;
sofomes que no renovaron su registro;;0;;0.00;
sofomes que no renovaron su registro 2018;;0;;0.00;
sofomes que ofrecen arrendamiento;;0;;0.00;
sofomes que ofrecen credito para flotilla;;0;;0.00;
sofomes que ofrecen creditos y arrendamientos;;0;;0.00;
sofomes que operan en el estado de méxico;;0;;0.00;
sofomes que operan en mexico;;0;;0.00;
sofomes que productos financieros ofrece;;0;;0.00;
sofomes que si son confiables;;0;;0.00;
sofomes que trabajan con fovissste;;0;;0.00;
sofomes rapidas en credito;;0;;0.00;
sofomes rapidas en credito empresariales;;0;;0.00;
sofomes recomendadas;;0;;0.00;
sofomes recomendadas xalapa;;0;;0.00;
sofomes reghulacion legal;;0;;0.00;
sofomes regimen fiscal;;0;;0.00;
sofomes regimen legal;;0;;0.00;
sofomes regimen legal 2014;;0;;0.00;
sofomes registradas ante la bmv;;0;;0.00;
sofomes registradas ante la conducef;;0;;0.00;
sofomes registrads;;0;;0.00;
sofomes regladas;;0;;0.00;
sofomes regulacion;;0;;0.00;
sofomes reguladas 2017;;0;;0.00;
sofomes reguladas 2018;;0;;0.00;
sofomes reguladas 2019;;0;;0.00;
sofomes reguladas actividades;;0;;0.00;
sofomes reguladas cartera grande;;0;;0.00;
sofomes reguladas cdmx que prestan dinero;;0;;0.00;
sofomes reguladas condusef;;0;;0.00;
sofomes reguladas hay en mexico;;0;;0.00;
sofomes reguladas mas grande;;0;;0.00;
sofomes reguladas mexico;;0;;0.00;
sofomes reguladas para adquirir casa;;0;;0.00;
sofomes reguladas por condusef en cdmx;;0;;0.00;
sofomes reguladas que es;;0;;0.00;
sofomes reguladas y no reguladas diferencia;;0;;0.00;
sofomes reguladas y no reguladas diferencias;;0;;0.00;
sofomes reguladas y no reguladas en mexico;;0;;0.00;
sofomes reguladas y no reguladas presentacion;;0;;0.00;
sofomes reguladas y no reguladas que ofrece;;0;;0.00;
sofomes regulas;;0;;0.00;
sofomes repercutitan alza de tasas de interes en sus creditos;;0;;0.00;
sofomes requisitos;;0;;0.00;
sofomes sa de cv enr;;0;;0.00;
sofomes sara carrillo reid;;0;;0.00;
sofomes serias;;0;;0.00;
sofomes servicios;;0;;0.00;
sofomes sin operacion están obligadas a auditoría en pld;;0;;0.00;
sofomes slp;;0;;0.00;
sofomes sofipos;;0;;0.00;
sofomes sofoles;;0;;0.00;
sofomes sofoles videso;;0;;0.00;
sofomes sofoles y fibras;;0;;0.00;
sofomes solofes;;0;;0.00;
sofomes son viables para financiar;;0;;0.00;
sofomes sus creditos;;0;;0.00;
sofomes tintero errante sara carrillo reid;;0;;0.00;
sofomes tipos de credito;;0;;0.00;
sofomes tipos de creditos;;0;;0.00;
sofomes torreon;;0;;0.00;
sofomes tu aliado fianciero;;0;;0.00;
sofomes tuxtla;;0;;0.00;
sofomes vigentes;;0;;0.00;
sofomes vigentes en mexico;;0;;0.00;
sofomes vigentes en mexico logos;;0;;0.00;
sofomes y arrendamiento financiero;;0;;0.00;
sofomes y cooperativas;;0;;0.00;
sofomes y segurios;;0;;0.00;
sofomes y sofipos en mexico;;0;;0.00;
sofomes y sofoles banxico;;0;;0.00;
sofomes y sofoles cual cobra menos cat;;0;;0.00;
sofomes y sofoles fichas;;0;;0.00;
sofomes y sus requisitos para las propiedades a adquirir;;0;;0.00;
sofomes yucatan;;0;;0.00;
sofomo enr;;0;;0.00;
sofomoes;;0;;0.00;
sofomos regaladas;;0;;0.00;
sofoms autorizada por fovissste 2018;;0;;0.00;
sofoms autorizadas por fovissste en ensenada;;0;;0.00;
sofoms dadas de alta en fovissst;;0;;0.00;
sofoms en cancun;;0;;0.00;
sofoms no reguladas mexico;;0;;0.00;
sofoms que más apoyan el agro;;0;;0.00;
sofoms recomendadass xalapa;;0;;0.00;
sofoms registradas actualmente ante conducef;;0;;0.00;
sofoms registradas en la condusef;;0;;0.00;
sofoms reguladas;;0;;0.00;
sofoms sinaloa;;0;;0.00;
sofoms tehuacan;;0;;0.00;
sofoms ubicadas en av palmas col lomas de chapultepec;;0;;0.00;
sofoplus s a p i de c v sofom;;0;;0.00;
sofoplus s.a.p.i de c.v sofom;;0;;0.00;
sofoptima sa de cv sofom;;0;;0.00;
software administracion de cartera sofom;;0;;0.00;
software de sofom;;0;;0.00;
software para administracion de cartera para sofomes;;0;;0.00;
software para control de cartera de clientes sofom;;0;;0.00;
software para sofom en mexico;;0;;0.00;
software para sofom gratis;;0;;0.00;
software para sofom proveedores;;0;;0.00;
software para sofom proveedores pld;;0;;0.00;
software para sofome méxico;;0;;0.00;
software sofom mexico;;0;;0.00;
software sofom mexico generación recibo;;0;;0.00;
software sofome;;0;;0.00;
software sofomes;;0;;0.00;
sofía escutia arellano sofom;;0;;0.00;
sofóm;;0;;0.00;
solano nieto juan oswaldo sofom;;0;;0.00;
solfi s.a de c.v sofom e.n.r monterrey n.l;;0;;0.00;
solfi sa de cv sofom enr tuxtepec;;0;;0.00;
solfi sa de cv sofom enr xalapa;;0;;0.00;
solfi sa de cv sofom enr zumpango de ocampo méx;;0;;0.00;
solfi sofom enr;;0;;0.00;
solfi sofom servicios financieros bolsa de trabajo;;0;;0.00;
solfi sofom sucursal chicontepec;;0;;0.00;
solfi sofom sucursal tecamachalco tecamachalco pue;;0;;0.00;
solfin sofom;;0;;0.00;
solicitar credito hipotecario sofom;;0;;0.00;
solicitud de credito cnbv sofom;;0;;0.00;
solicitud de credito cnbv sofom enr;;0;;0.00;
solicitud de credito sofom inbursa;;0;;0.00;
solicitud de dictamen tecnico sofom;;0;;0.00;
solicitud innovateur sofom mx;;0;;0.00;
solicitudes de creditos de financieras sofom descargar en formato doc;;0;;0.00;
solicitudes de creditos de sofom individuales;;0;;0.00;
solid cash s.a de c.v sofom e.n.r;;0;;0.00;
solida sofom;;0;;0.00;
solucampo s.a de c.v sofom e.n.r;;0;;0.00;
solucion eficaz de credito sa de cv sofom enr;;0;;0.00;
soluciones cocrea sapi de cv sofom enr;;0;;0.00;
soluciones coyotepetl sofom;;0;;0.00;
soluciones económicas santa fe s.a de c.v sofom e.n.r;;0;;0.00;
soluciones emprendedoras del norte s.a de c.v sofom e.n.r zacatecas;;0;;0.00;
soluciones empresariales eficaces de méxico sa de cv sofom enr;;0;;0.00;
soluciones financiera internacionales sa de cv sofom enr;;0;;0.00;
soluciones financiera internacionales sa de cv sofom enr rfc;;0;;0.00;
soluciones financieras cck s.a de c.v sofom e.n.r;;0;;0.00;
soluciones financieras cck sa de cv sofom enr que es;;0;;0.00;
soluciones financieras sofom ciudad de méxico cdmx;;0;;0.00;
soluciones financieras sofom fraude;;0;;0.00;
soluciones financieras sofom telefono;;0;;0.00;
soluciones financieras sofom zumpango;;0;;0.00;
soluciones integrales tby s.a de c.v sofom;;0;;0.00;
soluciones integrales tby s.a de c.v sofom e.n.r;;0;;0.00;
soluciones integrales tby s.a. de c.v. sofom enr;;0;;0.00;
soluciones integrales tby sa de cv sofom enr;;0;;0.00;
soluciones multiples empresariales s.a de c.v sofom;;0;;0.00;
soluciones oportunas sa de cv sofom enr;;0;;0.00;
soluciones para el progreso sa de cv sofom;;0;;0.00;
soluciones para el progreso sofom;;0;;0.00;
soluciones patrimoniales cufrisa s.a de c.v sofom enr;;0;;0.00;
soluciones y oportunidades financieras s.a de c.v sofom e.n.r;;0;;0.00;
soluciones y oportunidades s.a de c.v sofom;;0;;0.00;
soluciones y oportunidades s.a de c.v sofom e.n.r sucursal monterrey;;0;;0.00;
solución eficaz de crédito s.a de c.v sofom e.n.r;;0;;0.00;
solufex s.a de c.v sofom e.n.r;;0;;0.00;
soluflex sofom;;0;;0.00;
solugob s.a de c.v sofom e.n.r;;0;;0.00;
solugob sapi cv sofom enr;;0;;0.00;
solugob sofom;;0;;0.00;
solvantia s.a.p.i de c.v sofom;;0;;0.00;
solvencia s.a de c.v sofom e.n.r;;0;;0.00;
solvente s.a de c.v sofom condusef tablero de sipres;;0;;0.00;
solvente s.a.p.i de c.v sofom e.n.r;;0;;0.00;
solvente sa de cv sofom enr;;0;;0.00;
somim s.a.p.i de c.v sofom e.n.r;;0;;0.00;
son buen negocio las sofom;;0;;0.00;
son buen negocio las sofom 2018;;0;;0.00;
son confiables las sofom;;0;;0.00;
son confiables los sofomes;;0;;0.00;
son rentables las sofom;;0;;0.00;
son sofom ejemplos;;0;;0.00;
son sofom ejemploses;;0;;0.00;
soriana sofom tc;;0;;0.00;
soy una sofom que ocupo;;0;;0.00;
soy una sofom que ocupo para recibir una trasferencia internacional;;0;;0.00;
spot sofom tv;;0;;0.00;
star investments sa de cv sofom enr;;0;;0.00;
start banregio s.a de c.v sofom;;0;;0.00;
start banregio s.a de c.v sofom rfc;;0;;0.00;
status de operaciones de las sofomes enr;;0;;0.00;
status sofom;;0;;0.00;
steel factoring sa de cv sofom enr;;0;;0.00;
stp sa sofom;;0;;0.00;
stp sofom;;0;;0.00;
structura capital management sapi de cv sofom enr;;0;;0.00;
su casita sofom;;0;;0.00;
su firma sa de cv sofom enr;;0;;0.00;
su pago sofom;;0;;0.00;
su servicio financiero sa de cv sofom;;0;;0.00;
su servicio financiero sa de cv sofom enr rfc;;0;;0.00;
su servicio financiero sa de cv sofom enr tel;;0;;0.00;
su servicio financiero sa de cv sofom enr telefono;;0;;0.00;
su servicio financierosa de cv sofom enr;;0;;0.00;
sucursales c capital global sa de cv sofom enr;;0;;0.00;
sucursales de slc soluciones sa de cv sofom enr;;0;;0.00;
sucursales sofom bim;;0;;0.00;
sueldo de un administrador de una sofom;;0;;0.00;
sueldo en la sofom gibc;;0;;0.00;
sueldo financiera grunti sa de cv sofom enr tizayuca hgo;;0;;0.00;
sufirma s.a de c.v sofom e.n.r;;0;;0.00;
sufirma s.a de c.v sofom enr;;0;;0.00;
sukuk global services sapi de cv sofom e;;0;;0.00;
suma expres sofom;;0;;0.00;
suma express sa de cv sofom enr;;0;;0.00;
suma express sofom cdmx;;0;;0.00;
suma express xalapa sofom;;0;;0.00;
suma produciendo s.a de c.v sofom e.n.r;;0;;0.00;
suma sofome;;0;;0.00;
sumados hacemos más s.a.p.i de c.v sofom enr;;0;;0.00;
sumados sofom;;0;;0.00;
sumaexpre sofom tabasco;;0;;0.00;
sumaexpress sa de cv sofom enr guadalajara jalisco;;0;;0.00;
supervision de una sofom;;0;;0.00;
sus servicios financiers sofom;;0;;0.00;
susana cano opciones sofom lic;;0;;0.00;
suspension de operaciones sofom;;0;;0.00;
suspension de sofom condusef;;0;;0.00;
suspension de sofom entidad;;0;;0.00;
suspension de una sofom ante la condusef;;0;;0.00;
sustaianble financial sa de cv sofom enr;;0;;0.00;
sustainable financial sa de cv sofom enr sat listas;;0;;0.00;
swell sofom;;0;;0.00;
sé dueño sa de cv sofom enr dirección;;0;;0.00;
sólida administradora de portafolios s.a de c.v sofom e.r gfb;;0;;0.00;
sólida administradora de portafolios sa de cv sofom er gfb;;0;;0.00;
t-mejora s.a de c.v sofom e.n.r;;0;;0.00;
tabilador de sofomes;;0;;0.00;
tabla comparativa sofipo sofom;;0;;0.00;
tabla de interes de sofomes;;0;;0.00;
tabla de intereses de sofom;;0;;0.00;
tabla de obligaciones sofom y sa;;0;;0.00;
tabla de prelacion de pagos en creditos de sofomes;;0;;0.00;
tabla de sofom condusef;;0;;0.00;
tabla de sofom condusef tasa de interes;;0;;0.00;
tabla de sofomes;;0;;0.00;
tabla de tasa de interes de sofomes;;0;;0.00;
tabla de tasas de interes para sofom 2019;;0;;0.00;
tablero de contro sofom enr condusef 2019;;0;;0.00;
tablero de control cnbv sofom enr 2017;;0;;0.00;
tablero de control condusef sofom entidades reguladas;;0;;0.00;
tablero de control condusef sofom er;;0;;0.00;
tablero de control sofom;;0;;0.00;
tablero de control sofom enr 2019;;0;;0.00;
tablero de control sofomes 2018;;0;;0.00;
tablero de control sofomes enr;;0;;0.00;
tablero de control sofomes enr 2018;;0;;0.00;
tablero de control sofomes enr 2019 condusef;;0;;0.00;
tablero de control xnbv sofom;;0;;0.00;
tablero de sofom;;0;;0.00;
tablero de sofomes;;0;;0.00;
tablero sofom;;0;;0.00;
tablero sofomes;;0;;0.00;
tablero sofomes condusef;;0;;0.00;
tableros de la sofom;;0;;0.00;
tableros sofomes;;0;;0.00;
tabulador creditos sofom-sofom tr;;0;;0.00;
tabulador creditossofom-sofom tr;;0;;0.00;
tacrefin sa de cv sofom enr;;0;;0.00;
tacrefin sofom;;0;;0.00;
tactical leasing mexico sa de cv sofom enr;;0;;0.00;
talleres para sofomes;;0;;0.00;
tampico sugar s.a de c.v sofom e.n.r;;0;;0.00;
tamño de carteles de una sofom;;0;;0.00;
tandabus sofom;;0;;0.00;
tarjeta banamex sofom;;0;;0.00;
tarjeta de credito ixe sofom es de banorte;;0;;0.00;
tarjeta de credito sofom enr;;0;;0.00;
tarjeta garantizada y sofom enr;;0;;0.00;
tarjeta ixe sofom es de banorte;;0;;0.00;
tarjetas banamex sa de cv sofom er datos fiscales;;0;;0.00;
tarjetas banamex sa de cv sofom er domicilio;;0;;0.00;
tarjetas banamex sa de cv sofom que es este cargo;;0;;0.00;
tarjetas banamex sa de cv sofom rfc;;0;;0.00;
tarjetas banamex sofom er;;0;;0.00;
tarjetas banamex sofom estados financieros;;0;;0.00;
tarjetas de credito sofom enr condusef;;0;;0.00;
tarjetas de debito sofom enr;;0;;0.00;
tarjetas de debito sofom er;;0;;0.00;
tarjetas prepagadas sofom;;0;;0.00;
tasa de interes cnbv sofom enr;;0;;0.00;
tasa de interes de sofomes;;0;;0.00;
tasa de interes de sofomes 2019;;0;;0.00;
tasa de interes en sofomes;;0;;0.00;
tasa de interes promedio en sofom;;0;;0.00;
tasa de interes q cobra una sofomes;;0;;0.00;
tasa de interes sofom;;0;;0.00;
tasa de interes sofom mas bajo;;0;;0.00;
tasa para cierre de sofom 2019;;0;;0.00;
tasas de interes de la sofom;;0;;0.00;
tasas de interes de las sofomes;;0;;0.00;
tasas de interes sofom;;0;;0.00;
tasas de interes sofom consupago;;0;;0.00;
tasas de interes sofom mexico;;0;;0.00;
tasas de interes sofomes;;0;;0.00;
tasas de interes sofomes 2019;;0;;0.00;
tasas promedio sofomes en mexico;;0;;0.00;
tby s.a de c.v sofom e.n.r;;0;;0.00;
tby sofom;;0;;0.00;
tdc ixe sofom;;0;;0.00;
te pueden demandar una sofom;;0;;0.00;
tech money sa de cv sofom enr;;0;;0.00;
tege capital sapi de cv sofom enr;;0;;0.00;
tel mizrafin sapi sofom enr mizrafin;;0;;0.00;
telas y pagos sa de cv sofom enr;;0;;0.00;
telefo de sofom foviste;;0;;0.00;
telefono 5536833010 empresa hdm sofom;;0;;0.00;
telefono advantech servicios financieros sapi de cv sofom enr;;0;;0.00;
telefono credi solution s.a de c.v sofom e.n.r;;0;;0.00;
telefono de credito inmobiliario sa de cv sofom enr;;0;;0.00;
telefono de fisofo s.a de c.v sofom;;0;;0.00;
telefono de globo rural sofom enr;;0;;0.00;
telefono de la sofom sumaexpress en coatzacoalcos;;0;;0.00;
telefono de nr finance mexico sa de cv sofom er;;0;;0.00;
telefono de requerimiento patrimonial s.a.p.i de c.v sofom enr;;0;;0.00;
telefono de sofom inbursa;;0;;0.00;
telefono de sofom soluciones emprendedoras del norte;;0;;0.00;
telefono factor gfc global sofom;;0;;0.00;
telefono financieros contigo sapi de cv sofom enr;;0;;0.00;
telefono ge consumo méxico s.a de c.v sofom enr;;0;;0.00;
telefono nr finance mexico sa de cv sofom enr;;0;;0.00;
telefono nr finance mexico sa de cv sofom er;;0;;0.00;
telefono nr finance mexico sa de cv sofom etr;;0;;0.00;
telefono nr finance méxico sa de cv sofom er;;0;;0.00;
telefono oficinas de sofom tenmas;;0;;0.00;
telefono requerimiento patrimonial s.a.p.i de c.v sofom enr;;0;;0.00;
telefono sensa sofom;;0;;0.00;
telefono sofom credito para ti puebla;;0;;0.00;
telefono sofom inbursa;;0;;0.00;
telefono sofom morelia;;0;;0.00;
telefono su servicio financiero sa de cv sofom enr;;0;;0.00;
telefono xe requerimiento patrimonial s.a.p.i se c.v sofom enr;;0;;0.00;
telefonod e idf capital sapi sofom df;;0;;0.00;
telefonos gm financial de mexico sa de cv sofom er;;0;;0.00;
telefonos merida sofom;;0;;0.00;
telmas sofom;;0;;0.00;
teléfono su servicio financiero s.a de c.v sofom enr;;0;;0.00;
ten mas sofom chiapas;;0;;0.00;
ten mas sofom sucursales;;0;;0.00;
ten mas sofom telefono;;0;;0.00;
ten mas sofom tuxtla gutierrez;;0;;0.00;
ten mas sofom tuxtla gutierrez numeros telefonicos;;0;;0.00;
tengo cliente sofom y le tengo que facturar;;0;;0.00;
tengo deuda con sofom;;0;;0.00;
tenma sofom;;0;;0.00;
tenmas sa de cv sofom;;0;;0.00;
tenmas sofom cancun;;0;;0.00;
tenmas sofom enr;;0;;0.00;
tenmas sofom quintana roo;;0;;0.00;
tenmas sofom torreon;;0;;0.00;
tepeyac sofom;;0;;0.00;
tertius s.a.p.i sofom;;0;;0.00;
tertius sapi de c.v sofom enr patrimonio;;0;;0.00;
tertius sapi de cv sofom enr frc;;0;;0.00;
tertius sapi de cv sofom enr rfc;;0;;0.00;
tertius sapi sofom enr;;0;;0.00;
tertiussapi de cv sofom enr;;0;;0.00;
tesorem sofom;;0;;0.00;
testimonio de sofom e n regulación;;0;;0.00;
the farce of sofom;;0;;0.00;
there is an importan term ahead for sofoms;;0;;0.00;
tical impulsora s a de c v sofom enr direccion;;0;;0.00;
tical impulsora sa de cv sofom enr;;0;;0.00;
tical sofom;;0;;0.00;
tienda de itaca capital de cv sofom enr;;0;;0.00;
tip sofom;;0;;0.00;
tipo de credito que otorga una sofom;;0;;0.00;
tipo de empresa sa de cv sofom enr;;0;;0.00;
tipo de intermediacion sofomes;;0;;0.00;
tipod de aviso de cpobranza de una sofom enr;;0;;0.00;
tipos de control que ejercen las personas en la sofom;;0;;0.00;
tipos de credito de una sofom;;0;;0.00;
tipos de credito que entrega sofom;;0;;0.00;
tipos de credito que ofrece una sofom;;0;;0.00;
tipos de credito que otorga una sofom;;0;;0.00;
tipos de credito que otorgan las sofom;;0;;0.00;
tipos de credito que pueden otorgar las sofom;;0;;0.00;
tipos de credito que pueden otorgar las sofomes;;0;;0.00;
tipos de credito sofom enr;;0;;0.00;
tipos de creditos para comprar una sofom;;0;;0.00;
tipos de creditos que ofrecen las sofomes;;0;;0.00;
tipos de creditos que otorga premo sofom;;0;;0.00;
tipos de creditos sofom;;0;;0.00;
tipos de creditos sofomes;;0;;0.00;
tipos de créditos sofom;;0;;0.00;
tipos de cuentas de inversión o ahorro en sofom;;0;;0.00;
tipos de cuentas en sofom;;0;;0.00;
tipos de especializaciones de sofom;;0;;0.00;
tipos de financiamiento sofomes;;0;;0.00;
tipos de financiamientos que ofrecen las sofom;;0;;0.00;
tipos de financiamientos sofom;;0;;0.00;
tipos de prestamos de las sofom;;0;;0.00;
tips de creditos de las sofom;;0;;0.00;
tips de educacion financiera a sofomes;;0;;0.00;
titulo de sofomes;;0;;0.00;
toda sofom debe estar regulada;;0;;0.00;
todavía conviene tener una sofom;;0;;0.00;
todo lo que debs saber sofom;;0;;0.00;
todo lo que se necesita saber de la sofomes;;0;;0.00;
todo lo referente a la sofom;;0;;0.00;
todo sobre sofomes;;0;;0.00;
toka inveftment sapi de cv sofom enr;;0;;0.00;
toka invesment sapi de cv sofom enr;;0;;0.00;
toka invest ment sapi de cv sofom enr s.a;;0;;0.00;
toka investiment s.a.p.i de c.v sofom e.n.r;;0;;0.00;
toka investment s.a de c.v sofom enr león gto;;0;;0.00;
toka investment sapi de cv sofom enr sa;;0;;0.00;
toka investment sofom enr mexico;;0;;0.00;
toka sofom mexico df;;0;;0.00;
toka sofom mexico df bolsa de trabajo;;0;;0.00;
tolfin sofom;;0;;0.00;
tonalli prestamos s.a de c.v sofom enr tepic nay;;0;;0.00;
tonalli préstamos sa de cv sofom enr;;0;;0.00;
top 5 de sofom credito personal;;0;;0.00;
total de sofomes en mexico;;0;;0.00;
trabajar con una sofom;;0;;0.00;
trabajar en una sofom;;0;;0.00;
trabajar para una sofom en mexico;;0;;0.00;
trabajo de mejores practicas sofomes roi y roip cnbv 2018;;0;;0.00;
trabajo de pasante en sofom;;0;;0.00;
trabajo en promujer sofom;;0;;0.00;
trabajo en sofom;;0;;0.00;
trabajo en sofom cdmx;;0;;0.00;
trabajo en sofom premo;;0;;0.00;
trabajos de auditoria en sofomes;;0;;0.00;
trabajos en prestamos expeditos s.a de c.v sofom enr;;0;;0.00;
trabajos en sofom cdmx;;0;;0.00;
trading in riviera sa de cv sofom;;0;;0.00;
trailers y tanques capital s.a de c.v sofom;;0;;0.00;
trailers y tanques capital sa de cv sofom;;0;;0.00;
tramitamos tu credito fovissste sofom;;0;;0.00;
tramite cuenta unica siti sofom;;0;;0.00;
tramite manual de prevencion de lavado de dinero sofom enr;;0;;0.00;
tramites para constituir una sofom;;0;;0.00;
tramites para hacer efectivo un credito ante una sofom;;0;;0.00;
tramiyte manual de prevencion de lavado de dinero sofom enr;;0;;0.00;
tranquilidad financiera sofom;;0;;0.00;
tranquilidad financiera sofom tractocaiones;;0;;0.00;
transformacion a sofom;;0;;0.00;
trascendencia patrimonial sofom;;0;;0.00;
traspaso sofom;;0;;0.00;
tratamiento contable de una sofom;;0;;0.00;
tratamiento fiscal sofom 2018;;0;;0.00;
tratamiento fiscal sofom 2019;;0;;0.00;
tresalia multiple sa de cv sofom enr;;0;;0.00;
tt blues capital sofom;;0;;0.00;
tu dinero sa de cv sofom enr;;0;;0.00;
tu dinero sofom;;0;;0.00;
tu solución financiera s.a de c.v sofom;;0;;0.00;
tuecon sofom;;0;;0.00;
tuiio sofom santander;;0;;0.00;
tutelle de méxico s.a de c.v sofom enr;;0;;0.00;
tutelle de méxico s.a de c.v sofom enr direccion;;0;;0.00;
txti s a de c v sofom enr oaxaca;;0;;0.00;
typ sofom;;0;;0.00;
ubica mi sofom;;0;;0.00;
ubicacion crediavance s.a de c.v sofom;;0;;0.00;
ubicacion crediavance s.a de c.v sofom en mazatlan;;0;;0.00;
ubicacion de la sofom bien para bien;;0;;0.00;
ubicacion de sofomes en queretaro 2019;;0;;0.00;
ubicacion financiera independencía s.a sofom en tapachula;;0;;0.00;
ubva nombre sofom;;0;;0.00;
ucifa de aguascalientes s.a de c.v sofom enr;;0;;0.00;
ujule sofom enr;;0;;0.00;
ultimas modificaciones a la ley aplicable a las sofomes;;0;;0.00;
umbral economico sa de cv sofom e n r;;0;;0.00;
un banco puede vender su cartera vencida a una sofom;;0;;0.00;
un grupo financiero no puede formarse por dos sofomes;;0;;0.00;
un sofom te puede embargar;;0;;0.00;
una sapib sofom puede operar copmo fondo de invercion;;0;;0.00;
una sas puede convertirse en sofom;;0;;0.00;
una sofom como se financia;;0;;0.00;
una sofom como te ayuda;;0;;0.00;
una sofom enr puede captar dinero;;0;;0.00;
una sofom es parte del sistema financiero;;0;;0.00;
una sofom es un banco;;0;;0.00;
una sofom es una institucion de credito;;0;;0.00;
una sofom es una institución financiera;;0;;0.00;
una sofom es una organizacion auxiliar de credito;;0;;0.00;
una sofom es una organizacion auxiliar de crédito;;0;;0.00;
una sofom es una union de credito;;0;;0.00;
una sofom paga isr por enjaneacion;;0;;0.00;
una sofom puede captar dinero;;0;;0.00;
una sofom puede embargar;;0;;0.00;
una sofom puede pedir prestado;;0;;0.00;
una sofom puede ser sapi a la vez;;0;;0.00;
una sofom que giro comercial tiene;;0;;0.00;
una sofom que giro mercantil tiene;;0;;0.00;
una sofom te puede embargar;;0;;0.00;
una sofom tiene responsabilidad penal;;0;;0.00;
une fina sofom;;0;;0.00;
une sofom;;0;;0.00;
unico sofom;;0;;0.00;
unicredit sa de cv sofom;;0;;0.00;
unicredit sofom;;0;;0.00;
unidad especializada sofom inbursa;;0;;0.00;
unifin credit sa de cv sofom;;0;;0.00;
unifin credit sa de cv sofom enr nr;;0;;0.00;
unifin credit sa de cv sofom enr rfc;;0;;0.00;
unifin factoring s a de c v sofom e.n.r;;0;;0.00;
unifin financiera sab de cv sofom;;0;;0.00;
unifin financiera sab de cv sofom enr contrato;;0;;0.00;
unifin financiera sab de cv sofom enr oficinas centrales;;0;;0.00;
unifin financiera sab de cv sofom enr rfc;;0;;0.00;
unifin financiera sapi de cv sofom;;0;;0.00;
unifin financiera sapi de cv sofom enr rfc;;0;;0.00;
unifin financiera sofom enr;;0;;0.00;
unifin sofom enr financiera sab de cv;;0;;0.00;
unifin sofom méxico;;0;;0.00;
unimex financiera s.a de c.v sofom chihuahua;;0;;0.00;
unimex sofom;;0;;0.00;
uniones de credito casas de cambio sofomes pertenecen al sector;;0;;0.00;
universal de servicios patrimoniales s.a.p.i de c.v sofom e.n.r rfc;;0;;0.00;
universal de servicios patrimoniales sa de cv sofom enr;;0;;0.00;
universal de servicios patrimoniales sapi de cv sofom;;0;;0.00;
universal de servicios patrimoniales sapi de cv sofom durango;;0;;0.00;
uno elige la sofome;;0;;0.00;
uns sofom en una institucion de factoraje;;0;;0.00;
urbina servicreditos sa de cv sofom enr;;0;;0.00;
usa credit sa de cv sofom enr;;0;;0.00;
usa credit sofom;;0;;0.00;
usacredit sofom;;0;;0.00;
utilidad de las sofomes;;0;;0.00;
utilidad e importancia de las sofomes;;0;;0.00;
v tu fin sa de cv sofom enr;;0;;0.00;
va servicios s.a.p.i de c.v sofom e.n.r;;0;;0.00;
vacante auditor de sofom;;0;;0.00;
vacante director general sofom;;0;;0.00;
vacantes en fina sofom;;0;;0.00;
vacantes en fina sofom en morelia;;0;;0.00;
vacantes en fina sofom en morelisa;;0;;0.00;
vacantes en fypa sofom;;0;;0.00;
vacantes roshfins sofom;;0;;0.00;
vale feliz sofom;;0;;0.00;
valmex soluciones financieras s.a de c.v sofom;;0;;0.00;
valorex financiera sa de cv sofom;;0;;0.00;
value arrendadora s.a de c.v sofom e.n.r tamaulipas;;0;;0.00;
value arrendadora s.a de c.v sofom er value grupo financiero;;0;;0.00;
value arrendadora sofom;;0;;0.00;
valuer s.a de c.v sofom enr;;0;;0.00;
vamos a mejorar s.a de c.v sofom e.n.r;;0;;0.00;
vamos a mejorar s.a de c.v sofom e.n.r rfc;;0;;0.00;
vanguardia en creditos s.a.p.i de c.v sofom e.n;;0;;0.00;
vanguardia fj sofom;;0;;0.00;
vanguardia sofom;;0;;0.00;
vector vision empresarial sapi de cv sofom enr;;0;;0.00;
vender una casa con sofom;;0;;0.00;
vender una casa sofom;;0;;0.00;
venta de cartera sofom;;0;;0.00;
venta de sofom enr;;0;;0.00;
venta de sofom sapi;;0;;0.00;
venta de sofomes;;0;;0.00;
venta de sofomes nuevo leon;;0;;0.00;
venta de una sofom;;0;;0.00;
venta de una sofom contrato;;0;;0.00;
ventajas de premo sofom;;0;;0.00;
ventajas de sofomes;;0;;0.00;
ventajas de tener una sofom;;0;;0.00;
ventajas fiscales de las sofomes;;0;;0.00;
ventajas fiscales sofom;;0;;0.00;
ventajas sofom;;0;;0.00;
ventajas sofomes;;0;;0.00;
ventajas y desventajas de adquirir un prestamo en una sofom;;0;;0.00;
ventajas y desventajas de la fuente de financiamiento premo sofom;;0;;0.00;
ventajas y desventajas de la fuente de financianmiento premo sofom;;0;;0.00;
ventajas y desventajas de la sofom;;0;;0.00;
ventajas y desventajas de las sofomes;;0;;0.00;
ventajas y desventajas de ser una sofom;;0;;0.00;
ventajas y desventajas de un arrendamiento de sofom;;0;;0.00;
ventajas y desventajas sofom;;0;;0.00;
ventajas y deventajas sofomes;;0;;0.00;
venture capital en sofomes;;0;;0.00;
ver mi tramite ante sofom;;0;;0.00;
ver mi tramite fovissste ante sofom;;0;;0.00;
ver sofomes condusef;;0;;0.00;
verificacion de sofom;;0;;0.00;
vertice sofom;;0;;0.00;
vetajas de un credito por medio de una sofom;;0;;0.00;
vfk fortalece s.a de c.v sofom e.n.r;;0;;0.00;
vfs de mexico sofom enr;;0;;0.00;
vfs mexico sa de cv sofom;;0;;0.00;
vfs mexico sa de cv sofom enr rfc;;0;;0.00;
vfs méxico s.a de c.v sofom enr;;0;;0.00;
vfs méxico s.a de c.v sofom enr rfc;;0;;0.00;
vi capital s.a de c.v sofom e.n.r;;0;;0.00;
vi capital sa de cv sofom enr;;0;;0.00;
vida fin sofom;;0;;0.00;
vigencia de sofom en mexico;;0;;0.00;
vigua servicios sapi de cv sofom enr;;0;;0.00;
villa de etla sofipa corporation sapi de cv sofom;;0;;0.00;
vimifos sofom;;0;;0.00;
vision f mexico sofom microfinanzas;;0;;0.00;
vision f méxico sa de cv sofom;;0;;0.00;
vision f méxico sa de cv sofom enr direccion ometepec;;0;;0.00;
vision f méxico sa de cv sofom enr tijuana;;0;;0.00;
vision fund mexico sa de cv sofom enr en cunduacan;;0;;0.00;
vision fund méxico sa de cv sofom;;0;;0.00;
vision fund méxico sa de cv sofom en tijuana;;0;;0.00;
vision fund méxico sa de cv sofom enr tijuana;;0;;0.00;
vision sofom;;0;;0.00;
visionfund mexico s.a de c.v sofom enf oficinas;;0;;0.00;
visionfund mexico sa de cv sofom enf;;0;;0.00;
visionfund mexico sa de cv sofom enr;;0;;0.00;
visita domiciliaria sofom;;0;;0.00;
visión f méxico s.a de c.v sofom enr;;0;;0.00;
visna sofom;;0;;0.00;
viva mi credito s.a de c.v sofom e.n.r;;0;;0.00;
viva mi crédito s.a.p.i de c.v sofom e.n.r;;0;;0.00;
vivalia sa de cv sofom culiacan;;0;;0.00;
vivalia sa de cv sofom enr telefono;;0;;0.00;
vivalia sofom;;0;;0.00;
vivas sofom;;0;;0.00;
vivaz sofom;;0;;0.00;
volkswagen leasing sofom;;0;;0.00;
volvo financial services mexico s.a de c.v sofom e.n.r;;0;;0.00;
volvo sofom;;0;;0.00;
vértice soluciones sa de cv sofom enr;;0;;0.00;
vínculo finanzas populares s.a de c.v sofom enr;;0;;0.00;
wac de mex sa de cv sofom enr;;0;;0.00;
wac de mex sa de cv sofom ern;;0;;0.00;
wac de mexico s.a de c.v sofom e.n.r dato fiscles;;0;;0.00;
wac de mexico s.a de c.v sofom e.n.r salina cruz;;0;;0.00;
wac de mexico s.a de c.v sofom enr objeto;;0;;0.00;
wac de mexico sa de cv sofom;;0;;0.00;
wac de mexico sa de cv sofom celaya;;0;;0.00;
wac de mexico sa de cv sofom enr palenque chiapas;;0;;0.00;
wac de mexico sa de cv sofom iguala;;0;;0.00;
wac de méxico s.a de c.v sofom enr chihuahua;;0;;0.00;
wac de méxico s.a de c.v sofom enr condusef;;0;;0.00;
wac de méxico s.a de c.v sofom enr culiacan;;0;;0.00;
wac de méxico s.a de c.v sofom enr matamoros;;0;;0.00;
wac de méxico s.a de c.v sofom enr queretaro;;0;;0.00;
wac de méxico sa de cv sofom enr;;0;;0.00;
what is a sofom;;0;;0.00;
what is a sofom in mexico;;0;;0.00;
wing management box sa de cv sofom enr;;0;;0.00;
www factor express sofom;;0;;0.00;
www https sofom inbursa com;;0;;0.00;
www prestamos simple sofom;;0;;0.00;
www sipres condusef gob mx sofomes;;0;;0.00;
www sofom;;0;;0.00;
www sofom inbursa;;0;;0.00;
www sofom inbursa com;;0;;0.00;
www sofom org;;0;;0.00;
www.condusef.tramitesyservicios.redoco.sofom;;0;;0.00;
www.fovissste.sofom;;0;;0.00;
www.https sofom.inbursa.com;;0;;0.00;
www.patrimonio sa de cv sofom;;0;;0.00;
www.slcsoluciones s.a de c.v sofom;;0;;0.00;
www.sofom;;0;;0.00;
www.sofom imbursa;;0;;0.00;
www.sofom imbursa creditos personales;;0;;0.00;
www.sofom.inbursa;;0;;0.00;
xml sofom;;0;;0.00;
ya tengo credito sofom autorizado lo puedo tramitar ante banorte;;0;;0.00;
yahoo cual es la mejor sofom;;0;;0.00;
yahoo cual es la mejor sofom para fovissste;;0;;0.00;
yaneli hernandez sofom;;0;;0.00;
yavo sofom;;0;;0.00;
ysabel s.a.p.i de c.v sofom e.n.r;;0;;0.00;
ysagel s.a.p.i de c.v sofom e.n.r;;0;;0.00;
zac sofom;;0;;0.00;
zen capital sa de cv sofom enr;;0;;0.00;
zucarmex sofom;;0;;0.00;
zéndere financiera s.a de c.v sofom e.n.r;;0;;0.00;
ánimo para crecer sa de cv sofom enr;;0;;0.00;
ánimo para crecer sa de cv sofom enr es confiable;;0;;0.00;
ççççconsultora integral de agronegocios sa de cv sofom enr;;0;;0.00;
éctor manuel cárdenas villareal régimen legal de las sofomes;;0;;0.00;
